2026-08-22 12:09:46,009 - INFO - ==================================================
2026-08-22 12:09:46,009 - INFO - 🚀 شروع اجرای ربات
2026-08-22 12:09:46,009 - INFO - 📥 بخش ۱: دریافت ۱۰۰ کانفیگ آخر برای فایل JSON...
2026-08-22 12:09:46,009 - INFO - 📡 دریافت کانفیگ‌ها از https://t.me/s/ConfigsHUB برای فایل JSON
2026-08-22 12:09:46,569 - INFO - ✅ 13 کانفیگ از صفحه دریافت شد
2026-08-22 12:09:46,570 - INFO - 📊 از https://t.me/s/ConfigsHUB: 13 کانفیگ دریافت شد
2026-08-22 12:09:46,571 - INFO - 🔄 بعد از حذف تکراری: 10 کانفیگ برای JSON
2026-08-22 12:09:46,571 - WARNING - ⚠️ تعداد کانفیگ‌ها به 100 رسید (با None پر شد)
2026-08-22 12:09:46,571 - INFO - ✅ دقیقاً 100 کانفیگ در configs.json ذخیره شد
2026-08-22 12:09:46,571 - INFO - ✅ فایل configs.json با 10 کانفیگ واقعی به‌روز شد
2026-08-22 12:09:46,571 - INFO - 📝 نمونه کانفیگ اول: vless://be154d71-04ca-4389-8a89-d14219b25cd7@162.1...
2026-08-22 12:09:46,571 - INFO - 📤 بخش ۲: دریافت کانفیگ‌های جدید برای ارسال به کانال...
2026-08-22 12:09:46,571 - INFO - 📡 دریافت پست‌ها از https://t.me/s/ConfigsHUB برای ارسال به کانال
2026-08-22 12:09:47,068 - INFO - ✅ 20 پست دریافت شد
2026-08-22 12:09:47,069 - INFO - ⏭️ رد کردن پست تکراری: ConfigsHUB/2009331
2026-08-22 12:09:47,069 - INFO - 💾 وضعیت به‌روز شد: ConfigsHUB/2009331
2026-08-22 12:09:47,069 - INFO - 📊 از https://t.me/s/ConfigsHUB: 0 کانفیگ جدید پیدا شد
2026-08-22 12:09:47,069 - INFO - 📊 تعداد کل کانفیگ‌های جدید: 0
2026-08-22 12:09:47,069 - INFO - ℹ️ کانفیگ جدیدی برای ارسال وجود ندارد
2026-08-22 12:09:47,069 - INFO - ==================================================
2026-08-22 12:09:47,069 - INFO - 🏁 اجرای ربات با موفقیت به پایان رسید
2026-08-22 12:30:29,381 - INFO - ==================================================
2026-08-22 12:30:29,381 - INFO - 🚀 شروع اجرای ربات
2026-08-22 12:30:29,381 - INFO - 📥 بخش ۱: دریافت ۱۰۰ کانفیگ آخر برای فایل JSON...
2026-08-22 12:30:29,381 - INFO - 📡 دریافت کانفیگ‌ها از https://t.me/s/ConfigsHUB برای فایل JSON
2026-08-22 12:30:29,934 - INFO - ✅ 13 کانفیگ از صفحه دریافت شد
2026-08-22 12:30:29,935 - INFO - 📊 از https://t.me/s/ConfigsHUB: 13 کانفیگ دریافت شد
2026-08-22 12:30:29,935 - INFO - 🔄 بعد از حذف تکراری: 10 کانفیگ برای JSON
2026-08-22 12:30:29,935 - WARNING - ⚠️ تعداد کانفیگ‌ها به 100 رسید (با None پر شد)
2026-08-22 12:30:29,935 - INFO - ✅ دقیقاً 100 کانفیگ در configs.json ذخیره شد
2026-08-22 12:30:29,935 - INFO - ✅ فایل configs.json با 10 کانفیگ واقعی به‌روز شد
2026-08-22 12:30:29,935 - INFO - 📝 نمونه کانفیگ اول: vless://be154d71-04ca-4389-8a89-d14219b25cd7@162.1...
2026-08-22 12:30:29,935 - INFO - 📤 بخش ۲: دریافت کانفیگ‌های جدید برای ارسال به کانال...
2026-08-22 12:30:29,936 - INFO - 📡 دریافت پست‌ها از https://t.me/s/ConfigsHUB برای ارسال به کانال
2026-08-22 12:30:30,406 - INFO - ✅ 20 پست دریافت شد
2026-08-22 12:30:30,407 - INFO - ⏭️ رد کردن پست تکراری: ConfigsHUB/2009331
2026-08-22 12:30:30,407 - INFO - 💾 وضعیت به‌روز شد: ConfigsHUB/2009331
2026-08-22 12:30:30,408 - INFO - 📊 از https://t.me/s/ConfigsHUB: 0 کانفیگ جدید پیدا شد
2026-08-22 12:30:30,408 - INFO - 📊 تعداد کل کانفیگ‌های جدید: 0
2026-08-22 12:30:30,408 - INFO - ℹ️ کانفیگ جدیدی برای ارسال وجود ندارد
2026-08-22 12:30:30,408 - INFO - ==================================================
2026-08-22 12:30:30,408 - INFO - 🏁 اجرای ربات با موفقیت به پایان رسید
2026-08-22 12:47:03,718 - INFO - ==================================================
2026-08-22 12:47:03,718 - INFO - 🚀 شروع اجرای ربات
2026-08-22 12:47:03,718 - INFO - 📥 بخش ۱: دریافت ۱۰۰ کانفیگ آخر برای فایل JSON...
2026-08-22 12:47:03,718 - INFO - 📡 دریافت کانفیگ‌ها از https://t.me/s/ConfigsHUB برای فایل JSON
2026-08-22 12:47:04,231 - INFO - ✅ 13 کانفیگ از صفحه دریافت شد
2026-08-22 12:47:04,232 - INFO - 📊 از https://t.me/s/ConfigsHUB: 13 کانفیگ دریافت شد
2026-08-22 12:47:04,232 - INFO - 🔄 بعد از حذف تکراری: 10 کانفیگ برای JSON
2026-08-22 12:47:04,232 - WARNING - ⚠️ تعداد کانفیگ‌ها به 100 رسید (با None پر شد)
2026-08-22 12:47:04,233 - INFO - ✅ دقیقاً 100 کانفیگ در configs.json ذخیره شد
2026-08-22 12:47:04,233 - INFO - ✅ فایل configs.json با 10 کانفیگ واقعی به‌روز شد
2026-08-22 12:47:04,233 - INFO - 📝 نمونه کانفیگ اول: vless://be154d71-04ca-4389-8a89-d14219b25cd7@162.1...
2026-08-22 12:47:04,233 - INFO - 📤 بخش ۲: دریافت کانفیگ‌های جدید برای ارسال به کانال...
2026-08-22 12:47:04,233 - INFO - 📡 دریافت پست‌ها از https://t.me/s/ConfigsHUB برای ارسال به کانال
2026-08-22 12:47:04,703 - INFO - ✅ 20 پست دریافت شد
2026-08-22 12:47:04,704 - INFO - ⏭️ رد کردن پست تکراری: ConfigsHUB/2009331
2026-08-22 12:47:04,704 - INFO - 💾 وضعیت به‌روز شد: ConfigsHUB/2009331
2026-08-22 12:47:04,704 - INFO - 📊 از https://t.me/s/ConfigsHUB: 0 کانفیگ جدید پیدا شد
2026-08-22 12:47:04,704 - INFO - 📊 تعداد کل کانفیگ‌های جدید: 0
2026-08-22 12:47:04,704 - INFO - ℹ️ کانفیگ جدیدی برای ارسال وجود ندارد
2026-08-22 12:47:04,704 - INFO - ==================================================
2026-08-22 12:47:04,704 - INFO - 🏁 اجرای ربات با موفقیت به پایان رسید
2026-08-22 13:30:28,952 - INFO - ==================================================
2026-08-22 13:30:28,952 - INFO - 🚀 شروع اجرای ربات
2026-08-22 13:30:28,952 - INFO - 📥 بخش ۱: دریافت ۱۰۰ کانفیگ آخر برای فایل JSON...
2026-08-22 13:30:28,952 - INFO - 📡 دریافت کانفیگ‌ها از https://t.me/s/ConfigsHUB برای فایل JSON
2026-08-22 13:30:29,695 - INFO - ✅ 13 کانفیگ از صفحه دریافت شد
2026-08-22 13:30:29,696 - INFO - 📊 از https://t.me/s/ConfigsHUB: 13 کانفیگ دریافت شد
2026-08-22 13:30:29,696 - INFO - 🔄 بعد از حذف تکراری: 10 کانفیگ برای JSON
2026-08-22 13:30:29,696 - WARNING - ⚠️ تعداد کانفیگ‌ها به 100 رسید (با None پر شد)
2026-08-22 13:30:29,697 - INFO - ✅ دقیقاً 100 کانفیگ در configs.json ذخیره شد
2026-08-22 13:30:29,697 - INFO - ✅ فایل configs.json با 10 کانفیگ واقعی به‌روز شد
2026-08-22 13:30:29,697 - INFO - 📝 نمونه کانفیگ اول: vless://be154d71-04ca-4389-8a89-d14219b25cd7@162.1...
2026-08-22 13:30:29,697 - INFO - 📤 بخش ۲: دریافت کانفیگ‌های جدید برای ارسال به کانال...
2026-08-22 13:30:29,697 - INFO - 📡 دریافت پست‌ها از https://t.me/s/ConfigsHUB برای ارسال به کانال
2026-08-22 13:30:30,327 - INFO - ✅ 20 پست دریافت شد
2026-08-22 13:30:30,328 - INFO - ⏭️ رد کردن پست تکراری: ConfigsHUB/2009331
2026-08-22 13:30:30,329 - INFO - 💾 وضعیت به‌روز شد: ConfigsHUB/2009331
2026-08-22 13:30:30,329 - INFO - 📊 از https://t.me/s/ConfigsHUB: 0 کانفیگ جدید پیدا شد
2026-08-22 13:30:30,329 - INFO - 📊 تعداد کل کانفیگ‌های جدید: 0
2026-08-22 13:30:30,329 - INFO - ℹ️ کانفیگ جدیدی برای ارسال وجود ندارد
2026-08-22 13:30:30,329 - INFO - ==================================================
2026-08-22 13:30:30,329 - INFO - 🏁 اجرای ربات با موفقیت به پایان رسید
2026-08-22 13:34:34,341 - INFO - ==================================================
2026-08-22 13:34:34,341 - INFO - 🚀 شروع اجرای ربات
2026-08-22 13:34:34,341 - INFO - 📥 بخش ۱: دریافت ۱۰۰ کانفیگ آخر برای فایل JSON...
2026-08-22 13:34:34,341 - INFO - 📡 دریافت کانفیگ‌ها از https://t.me/s/ConfigsHUB برای فایل JSON
2026-08-22 13:34:35,362 - INFO - ✅ 13 کانفیگ از صفحه دریافت شد
2026-08-22 13:34:35,363 - INFO - 📊 از https://t.me/s/ConfigsHUB: 13 کانفیگ دریافت شد
2026-08-22 13:34:35,364 - INFO - 🔄 بعد از حذف تکراری: 10 کانفیگ برای JSON
2026-08-22 13:34:35,364 - WARNING - ⚠️ تعداد کانفیگ‌ها به 100 رسید (با None پر شد)
2026-08-22 13:34:35,364 - INFO - ✅ دقیقاً 100 کانفیگ در configs.json ذخیره شد
2026-08-22 13:34:35,364 - INFO - ✅ فایل configs.json با 10 کانفیگ واقعی به‌روز شد
2026-08-22 13:34:35,364 - INFO - 📝 نمونه کانفیگ اول: vless://be154d71-04ca-4389-8a89-d14219b25cd7@162.1...
2026-08-22 13:34:35,364 - INFO - 📤 بخش ۲: دریافت کانفیگ‌های جدید برای ارسال به کانال...
2026-08-22 13:34:35,364 - INFO - 📡 دریافت پست‌ها از https://t.me/s/ConfigsHUB برای ارسال به کانال
2026-08-22 13:34:35,990 - INFO - ✅ 20 پست دریافت شد
2026-08-22 13:34:35,991 - INFO - ⏭️ رد کردن پست تکراری: ConfigsHUB/2009331
2026-08-22 13:34:35,991 - INFO - 💾 وضعیت به‌روز شد: ConfigsHUB/2009331
2026-08-22 13:34:35,991 - INFO - 📊 از https://t.me/s/ConfigsHUB: 0 کانفیگ جدید پیدا شد
2026-08-22 13:34:35,991 - INFO - 📊 تعداد کل کانفیگ‌های جدید: 0
2026-08-22 13:34:35,991 - INFO - ℹ️ کانفیگ جدیدی برای ارسال وجود ندارد
2026-08-22 13:34:35,991 - INFO - ==================================================
2026-08-22 13:34:35,991 - INFO - 🏁 اجرای ربات با موفقیت به پایان رسید
2026-08-22 14:25:28,106 - INFO - ==================================================
2026-08-22 14:25:28,106 - INFO - 🚀 شروع اجرای ربات
2026-08-22 14:25:28,106 - INFO - 📥 بخش ۱: دریافت ۱۰۰ کانفیگ آخر برای فایل JSON...
2026-08-22 14:25:28,106 - INFO - 📡 دریافت کانفیگ‌ها از https://t.me/s/ConfigsHUB برای فایل JSON
2026-08-22 14:25:28,755 - INFO - ✅ 13 کانفیگ از صفحه دریافت شد
2026-08-22 14:25:28,756 - INFO - 📊 از https://t.me/s/ConfigsHUB: 13 کانفیگ دریافت شد
2026-08-22 14:25:28,756 - INFO - 🔄 بعد از حذف تکراری: 10 کانفیگ برای JSON
2026-08-22 14:25:28,756 - WARNING - ⚠️ تعداد کانفیگ‌ها به 100 رسید (با None پر شد)
2026-08-22 14:25:28,757 - INFO - ✅ دقیقاً 100 کانفیگ در configs.json ذخیره شد
2026-08-22 14:25:28,757 - INFO - ✅ فایل configs.json با 10 کانفیگ واقعی به‌روز شد
2026-08-22 14:25:28,757 - INFO - 📝 نمونه کانفیگ اول: vless://be154d71-04ca-4389-8a89-d14219b25cd7@162.1...
2026-08-22 14:25:28,757 - INFO - 📤 بخش ۲: دریافت کانفیگ‌های جدید برای ارسال به کانال...
2026-08-22 14:25:28,757 - INFO - 📡 دریافت پست‌ها از https://t.me/s/ConfigsHUB برای ارسال به کانال
2026-08-22 14:25:29,198 - INFO - ✅ 20 پست دریافت شد
2026-08-22 14:25:29,199 - INFO - ⏭️ رد کردن پست تکراری: ConfigsHUB/2009331
2026-08-22 14:25:29,199 - INFO - 💾 وضعیت به‌روز شد: ConfigsHUB/2009331
2026-08-22 14:25:29,199 - INFO - 📊 از https://t.me/s/ConfigsHUB: 0 کانفیگ جدید پیدا شد
2026-08-22 14:25:29,199 - INFO - 📊 تعداد کل کانفیگ‌های جدید: 0
2026-08-22 14:25:29,199 - INFO - ℹ️ کانفیگ جدیدی برای ارسال وجود ندارد
2026-08-22 14:25:29,199 - INFO - ==================================================
2026-08-22 14:25:29,199 - INFO - 🏁 اجرای ربات با موفقیت به پایان رسید
2026-08-22 14:30:28,859 - INFO - ==================================================
2026-08-22 14:30:28,859 - INFO - 🚀 شروع اجرای ربات
2026-08-22 14:30:28,859 - INFO - 📥 بخش ۱: دریافت ۱۰۰ کانفیگ آخر برای فایل JSON...
2026-08-22 14:30:28,859 - INFO - 📡 دریافت کانفیگ‌ها از https://t.me/s/ConfigsHUB برای فایل JSON
2026-08-22 14:30:29,554 - INFO - ✅ 13 کانفیگ از صفحه دریافت شد
2026-08-22 14:30:29,555 - INFO - 📊 از https://t.me/s/ConfigsHUB: 13 کانفیگ دریافت شد
2026-08-22 14:30:29,556 - INFO - 🔄 بعد از حذف تکراری: 10 کانفیگ برای JSON
2026-08-22 14:30:29,556 - WARNING - ⚠️ تعداد کانفیگ‌ها به 100 رسید (با None پر شد)
2026-08-22 14:30:29,556 - INFO - ✅ دقیقاً 100 کانفیگ در configs.json ذخیره شد
2026-08-22 14:30:29,556 - INFO - ✅ فایل configs.json با 10 کانفیگ واقعی به‌روز شد
2026-08-22 14:30:29,556 - INFO - 📝 نمونه کانفیگ اول: vless://be154d71-04ca-4389-8a89-d14219b25cd7@162.1...
2026-08-22 14:30:29,556 - INFO - 📤 بخش ۲: دریافت کانفیگ‌های جدید برای ارسال به کانال...
2026-08-22 14:30:29,556 - INFO - 📡 دریافت پست‌ها از https://t.me/s/ConfigsHUB برای ارسال به کانال
2026-08-22 14:30:29,995 - INFO - ✅ 20 پست دریافت شد
2026-08-22 14:30:29,996 - INFO - ⏭️ رد کردن پست تکراری: ConfigsHUB/2009331
2026-08-22 14:30:29,997 - INFO - 💾 وضعیت به‌روز شد: ConfigsHUB/2009331
2026-08-22 14:30:29,997 - INFO - 📊 از https://t.me/s/ConfigsHUB: 0 کانفیگ جدید پیدا شد
2026-08-22 14:30:29,997 - INFO - 📊 تعداد کل کانفیگ‌های جدید: 0
2026-08-22 14:30:29,997 - INFO - ℹ️ کانفیگ جدیدی برای ارسال وجود ندارد
2026-08-22 14:30:29,997 - INFO - ==================================================
2026-08-22 14:30:29,997 - INFO - 🏁 اجرای ربات با موفقیت به پایان رسید
2026-08-22 15:25:08,413 - INFO - ==================================================
2026-08-22 15:25:08,413 - INFO - 🚀 شروع اجرای ربات
2026-08-22 15:25:08,413 - INFO - 📥 بخش ۱: دریافت ۱۰۰ کانفیگ آخر برای فایل JSON...
2026-08-22 15:25:08,413 - INFO - 📡 دریافت کانفیگ‌ها از https://t.me/s/ConfigsHUB برای فایل JSON
2026-08-22 15:25:08,882 - INFO - ✅ 13 کانفیگ از صفحه دریافت شد
2026-08-22 15:25:08,883 - INFO - 📊 از https://t.me/s/ConfigsHUB: 13 کانفیگ دریافت شد
2026-08-22 15:25:08,883 - INFO - 🔄 بعد از حذف تکراری: 10 کانفیگ برای JSON
2026-08-22 15:25:08,883 - WARNING - ⚠️ تعداد کانفیگ‌ها به 100 رسید (با None پر شد)
2026-08-22 15:25:08,884 - INFO - ✅ دقیقاً 100 کانفیگ در configs.json ذخیره شد
2026-08-22 15:25:08,884 - INFO - ✅ فایل configs.json با 10 کانفیگ واقعی به‌روز شد
2026-08-22 15:25:08,884 - INFO - 📝 نمونه کانفیگ اول: vless://be154d71-04ca-4389-8a89-d14219b25cd7@162.1...
2026-08-22 15:25:08,884 - INFO - 📤 بخش ۲: دریافت کانفیگ‌های جدید برای ارسال به کانال...
2026-08-22 15:25:08,884 - INFO - 📡 دریافت پست‌ها از https://t.me/s/ConfigsHUB برای ارسال به کانال
2026-08-22 15:25:09,298 - INFO - ✅ 20 پست دریافت شد
2026-08-22 15:25:09,299 - INFO - ⏭️ رد کردن پست تکراری: ConfigsHUB/2009331
2026-08-22 15:25:09,299 - INFO - 💾 وضعیت به‌روز شد: ConfigsHUB/2009331
2026-08-22 15:25:09,299 - INFO - 📊 از https://t.me/s/ConfigsHUB: 0 کانفیگ جدید پیدا شد
2026-08-22 15:25:09,299 - INFO - 📊 تعداد کل کانفیگ‌های جدید: 0
2026-08-22 15:25:09,299 - INFO - ℹ️ کانفیگ جدیدی برای ارسال وجود ندارد
2026-08-22 15:25:09,299 - INFO - ==================================================
2026-08-22 15:25:09,299 - INFO - 🏁 اجرای ربات با موفقیت به پایان رسید
2026-08-22 15:30:26,266 - INFO - ==================================================
2026-08-22 15:30:26,266 - INFO - 🚀 شروع اجرای ربات
2026-08-22 15:30:26,267 - INFO - 📥 بخش ۱: دریافت ۱۰۰ کانفیگ آخر برای فایل JSON...
2026-08-22 15:30:26,267 - INFO - 📡 دریافت کانفیگ‌ها از https://t.me/s/ConfigsHUB برای فایل JSON
2026-08-22 15:30:26,746 - INFO - ✅ 13 کانفیگ از صفحه دریافت شد
2026-08-22 15:30:26,747 - INFO - 📊 از https://t.me/s/ConfigsHUB: 13 کانفیگ دریافت شد
2026-08-22 15:30:26,747 - INFO - 🔄 بعد از حذف تکراری: 10 کانفیگ برای JSON
2026-08-22 15:30:26,748 - WARNING - ⚠️ تعداد کانفیگ‌ها به 100 رسید (با None پر شد)
2026-08-22 15:30:26,748 - INFO - ✅ دقیقاً 100 کانفیگ در configs.json ذخیره شد
2026-08-22 15:30:26,748 - INFO - ✅ فایل configs.json با 10 کانفیگ واقعی به‌روز شد
2026-08-22 15:30:26,748 - INFO - 📝 نمونه کانفیگ اول: vless://be154d71-04ca-4389-8a89-d14219b25cd7@162.1...
2026-08-22 15:30:26,748 - INFO - 📤 بخش ۲: دریافت کانفیگ‌های جدید برای ارسال به کانال...
2026-08-22 15:30:26,748 - INFO - 📡 دریافت پست‌ها از https://t.me/s/ConfigsHUB برای ارسال به کانال
2026-08-22 15:30:27,150 - INFO - ✅ 20 پست دریافت شد
2026-08-22 15:30:27,151 - INFO - ⏭️ رد کردن پست تکراری: ConfigsHUB/2009331
2026-08-22 15:30:27,151 - INFO - 💾 وضعیت به‌روز شد: ConfigsHUB/2009331
2026-08-22 15:30:27,151 - INFO - 📊 از https://t.me/s/ConfigsHUB: 0 کانفیگ جدید پیدا شد
2026-08-22 15:30:27,152 - INFO - 📊 تعداد کل کانفیگ‌های جدید: 0
2026-08-22 15:30:27,152 - INFO - ℹ️ کانفیگ جدیدی برای ارسال وجود ندارد
2026-08-22 15:30:27,152 - INFO - ==================================================
2026-08-22 15:30:27,152 - INFO - 🏁 اجرای ربات با موفقیت به پایان رسید
2026-08-22 16:29:04,243 - INFO - ==================================================
2026-08-22 16:29:04,243 - INFO - 🚀 شروع اجرای ربات
2026-08-22 16:29:04,243 - INFO - 📥 بخش ۱: دریافت ۱۰۰ کانفیگ آخر برای فایل JSON...
2026-08-22 16:29:04,243 - INFO - 📡 دریافت کانفیگ‌ها از https://t.me/s/ConfigsHUB برای فایل JSON
2026-08-22 16:29:05,171 - INFO - ✅ 13 کانفیگ از صفحه دریافت شد
2026-08-22 16:29:05,172 - INFO - 📊 از https://t.me/s/ConfigsHUB: 13 کانفیگ دریافت شد
2026-08-22 16:29:05,172 - INFO - 🔄 بعد از حذف تکراری: 10 کانفیگ برای JSON
2026-08-22 16:29:05,172 - WARNING - ⚠️ تعداد کانفیگ‌ها به 100 رسید (با None پر شد)
2026-08-22 16:29:05,173 - INFO - ✅ دقیقاً 100 کانفیگ در configs.json ذخیره شد
2026-08-22 16:29:05,173 - INFO - ✅ فایل configs.json با 10 کانفیگ واقعی به‌روز شد
2026-08-22 16:29:05,173 - INFO - 📝 نمونه کانفیگ اول: vless://be154d71-04ca-4389-8a89-d14219b25cd7@162.1...
2026-08-22 16:29:05,173 - INFO - 📤 بخش ۲: دریافت کانفیگ‌های جدید برای ارسال به کانال...
2026-08-22 16:29:05,173 - INFO - 📡 دریافت پست‌ها از https://t.me/s/ConfigsHUB برای ارسال به کانال
2026-08-22 16:29:05,853 - INFO - ✅ 20 پست دریافت شد
2026-08-22 16:29:05,854 - INFO - ⏭️ رد کردن پست تکراری: ConfigsHUB/2009331
2026-08-22 16:29:05,854 - INFO - 💾 وضعیت به‌روز شد: ConfigsHUB/2009331
2026-08-22 16:29:05,854 - INFO - 📊 از https://t.me/s/ConfigsHUB: 0 کانفیگ جدید پیدا شد
2026-08-22 16:29:05,855 - INFO - 📊 تعداد کل کانفیگ‌های جدید: 0
2026-08-22 16:29:05,855 - INFO - ℹ️ کانفیگ جدیدی برای ارسال وجود ندارد
2026-08-22 16:29:05,855 - INFO - ==================================================
2026-08-22 16:29:05,855 - INFO - 🏁 اجرای ربات با موفقیت به پایان رسید
2026-08-22 16:30:28,511 - INFO - ==================================================
2026-08-22 16:30:28,511 - INFO - 🚀 شروع اجرای ربات
2026-08-22 16:30:28,511 - INFO - 📥 بخش ۱: دریافت ۱۰۰ کانفیگ آخر برای فایل JSON...
2026-08-22 16:30:28,511 - INFO - 📡 دریافت کانفیگ‌ها از https://t.me/s/ConfigsHUB برای فایل JSON
2026-08-22 16:30:29,501 - INFO - ✅ 13 کانفیگ از صفحه دریافت شد
2026-08-22 16:30:29,502 - INFO - 📊 از https://t.me/s/ConfigsHUB: 13 کانفیگ دریافت شد
2026-08-22 16:30:29,503 - INFO - 🔄 بعد از حذف تکراری: 10 کانفیگ برای JSON
2026-08-22 16:30:29,503 - WARNING - ⚠️ تعداد کانفیگ‌ها به 100 رسید (با None پر شد)
2026-08-22 16:30:29,503 - INFO - ✅ دقیقاً 100 کانفیگ در configs.json ذخیره شد
2026-08-22 16:30:29,503 - INFO - ✅ فایل configs.json با 10 کانفیگ واقعی به‌روز شد
2026-08-22 16:30:29,503 - INFO - 📝 نمونه کانفیگ اول: vless://be154d71-04ca-4389-8a89-d14219b25cd7@162.1...
2026-08-22 16:30:29,504 - INFO - 📤 بخش ۲: دریافت کانفیگ‌های جدید برای ارسال به کانال...
2026-08-22 16:30:29,504 - INFO - 📡 دریافت پست‌ها از https://t.me/s/ConfigsHUB برای ارسال به کانال
2026-08-22 16:30:30,101 - INFO - ✅ 20 پست دریافت شد
2026-08-22 16:30:30,102 - INFO - ⏭️ رد کردن پست تکراری: ConfigsHUB/2009331
2026-08-22 16:30:30,102 - INFO - 💾 وضعیت به‌روز شد: ConfigsHUB/2009331
2026-08-22 16:30:30,103 - INFO - 📊 از https://t.me/s/ConfigsHUB: 0 کانفیگ جدید پیدا شد
2026-08-22 16:30:30,103 - INFO - 📊 تعداد کل کانفیگ‌های جدید: 0
2026-08-22 16:30:30,103 - INFO - ℹ️ کانفیگ جدیدی برای ارسال وجود ندارد
2026-08-22 16:30:30,103 - INFO - ==================================================
2026-08-22 16:30:30,103 - INFO - 🏁 اجرای ربات با موفقیت به پایان رسید
2026-08-22 17:24:29,055 - INFO - ==================================================
2026-08-22 17:24:29,055 - INFO - 🚀 شروع اجرای ربات
2026-08-22 17:24:29,055 - INFO - 📥 بخش ۱: دریافت ۱۰۰ کانفیگ آخر برای فایل JSON...
2026-08-22 17:24:29,056 - INFO - 📡 دریافت کانفیگ‌ها از https://t.me/s/ConfigsHUB برای فایل JSON
2026-08-22 17:24:29,632 - INFO - ✅ 13 کانفیگ از صفحه دریافت شد
2026-08-22 17:24:29,633 - INFO - 📊 از https://t.me/s/ConfigsHUB: 13 کانفیگ دریافت شد
2026-08-22 17:24:29,633 - INFO - 🔄 بعد از حذف تکراری: 10 کانفیگ برای JSON
2026-08-22 17:24:29,633 - WARNING - ⚠️ تعداد کانفیگ‌ها به 100 رسید (با None پر شد)
2026-08-22 17:24:29,633 - INFO - ✅ دقیقاً 100 کانفیگ در configs.json ذخیره شد
2026-08-22 17:24:29,633 - INFO - ✅ فایل configs.json با 10 کانفیگ واقعی به‌روز شد
2026-08-22 17:24:29,634 - INFO - 📝 نمونه کانفیگ اول: vless://be154d71-04ca-4389-8a89-d14219b25cd7@162.1...
2026-08-22 17:24:29,634 - INFO - 📤 بخش ۲: دریافت کانفیگ‌های جدید برای ارسال به کانال...
2026-08-22 17:24:29,634 - INFO - 📡 دریافت پست‌ها از https://t.me/s/ConfigsHUB برای ارسال به کانال
2026-08-22 17:24:30,041 - INFO - ✅ 20 پست دریافت شد
2026-08-22 17:24:30,042 - INFO - ⏭️ رد کردن پست تکراری: ConfigsHUB/2009331
2026-08-22 17:24:30,043 - INFO - 💾 وضعیت به‌روز شد: ConfigsHUB/2009331
2026-08-22 17:24:30,043 - INFO - 📊 از https://t.me/s/ConfigsHUB: 0 کانفیگ جدید پیدا شد
2026-08-22 17:24:30,043 - INFO - 📊 تعداد کل کانفیگ‌های جدید: 0
2026-08-22 17:24:30,043 - INFO - ℹ️ کانفیگ جدیدی برای ارسال وجود ندارد
2026-08-22 17:24:30,043 - INFO - ==================================================
2026-08-22 17:24:30,043 - INFO - 🏁 اجرای ربات با موفقیت به پایان رسید
2026-08-22 17:30:32,570 - INFO - ==================================================
2026-08-22 17:30:32,570 - INFO - 🚀 شروع اجرای ربات
2026-08-22 17:30:32,570 - INFO - 📥 بخش ۱: دریافت ۱۰۰ کانفیگ آخر برای فایل JSON...
2026-08-22 17:30:32,570 - INFO - 📡 دریافت کانفیگ‌ها از https://t.me/s/ConfigsHUB برای فایل JSON
2026-08-22 17:30:33,129 - INFO - ✅ 13 کانفیگ از صفحه دریافت شد
2026-08-22 17:30:33,130 - INFO - 📊 از https://t.me/s/ConfigsHUB: 13 کانفیگ دریافت شد
2026-08-22 17:30:33,130 - INFO - 🔄 بعد از حذف تکراری: 10 کانفیگ برای JSON
2026-08-22 17:30:33,131 - WARNING - ⚠️ تعداد کانفیگ‌ها به 100 رسید (با None پر شد)
2026-08-22 17:30:33,131 - INFO - ✅ دقیقاً 100 کانفیگ در configs.json ذخیره شد
2026-08-22 17:30:33,131 - INFO - ✅ فایل configs.json با 10 کانفیگ واقعی به‌روز شد
2026-08-22 17:30:33,131 - INFO - 📝 نمونه کانفیگ اول: vless://be154d71-04ca-4389-8a89-d14219b25cd7@162.1...
2026-08-22 17:30:33,131 - INFO - 📤 بخش ۲: دریافت کانفیگ‌های جدید برای ارسال به کانال...
2026-08-22 17:30:33,131 - INFO - 📡 دریافت پست‌ها از https://t.me/s/ConfigsHUB برای ارسال به کانال
2026-08-22 17:30:33,643 - INFO - ✅ 20 پست دریافت شد
2026-08-22 17:30:33,644 - INFO - ⏭️ رد کردن پست تکراری: ConfigsHUB/2009331
2026-08-22 17:30:33,644 - INFO - 💾 وضعیت به‌روز شد: ConfigsHUB/2009331
2026-08-22 17:30:33,644 - INFO - 📊 از https://t.me/s/ConfigsHUB: 0 کانفیگ جدید پیدا شد
2026-08-22 17:30:33,644 - INFO - 📊 تعداد کل کانفیگ‌های جدید: 0
2026-08-22 17:30:33,645 - INFO - ℹ️ کانفیگ جدیدی برای ارسال وجود ندارد
2026-08-22 17:30:33,645 - INFO - ==================================================
2026-08-22 17:30:33,645 - INFO - 🏁 اجرای ربات با موفقیت به پایان رسید
2026-08-22 18:30:28,925 - INFO - ==================================================
2026-08-22 18:30:28,925 - INFO - 🚀 شروع اجرای ربات
2026-08-22 18:30:28,925 - INFO - 📥 بخش ۱: دریافت ۱۰۰ کانفیگ آخر برای فایل JSON...
2026-08-22 18:30:28,925 - INFO - 📡 دریافت کانفیگ‌ها از https://t.me/s/ConfigsHUB برای فایل JSON
2026-08-22 18:30:29,631 - INFO - ✅ 13 کانفیگ از صفحه دریافت شد
2026-08-22 18:30:29,632 - INFO - 📊 از https://t.me/s/ConfigsHUB: 13 کانفیگ دریافت شد
2026-08-22 18:30:29,633 - INFO - 🔄 بعد از حذف تکراری: 10 کانفیگ برای JSON
2026-08-22 18:30:29,633 - WARNING - ⚠️ تعداد کانفیگ‌ها به 100 رسید (با None پر شد)
2026-08-22 18:30:29,633 - INFO - ✅ دقیقاً 100 کانفیگ در configs.json ذخیره شد
2026-08-22 18:30:29,633 - INFO - ✅ فایل configs.json با 10 کانفیگ واقعی به‌روز شد
2026-08-22 18:30:29,633 - INFO - 📝 نمونه کانفیگ اول: vless://be154d71-04ca-4389-8a89-d14219b25cd7@162.1...
2026-08-22 18:30:29,633 - INFO - 📤 بخش ۲: دریافت کانفیگ‌های جدید برای ارسال به کانال...
2026-08-22 18:30:29,633 - INFO - 📡 دریافت پست‌ها از https://t.me/s/ConfigsHUB برای ارسال به کانال
2026-08-22 18:30:30,225 - INFO - ✅ 20 پست دریافت شد
2026-08-22 18:30:30,226 - INFO - ⏭️ رد کردن پست تکراری: ConfigsHUB/2009331
2026-08-22 18:30:30,226 - INFO - 💾 وضعیت به‌روز شد: ConfigsHUB/2009331
2026-08-22 18:30:30,226 - INFO - 📊 از https://t.me/s/ConfigsHUB: 0 کانفیگ جدید پیدا شد
2026-08-22 18:30:30,226 - INFO - 📊 تعداد کل کانفیگ‌های جدید: 0
2026-08-22 18:30:30,226 - INFO - ℹ️ کانفیگ جدیدی برای ارسال وجود ندارد
2026-08-22 18:30:30,226 - INFO - ==================================================
2026-08-22 18:30:30,226 - INFO - 🏁 اجرای ربات با موفقیت به پایان رسید
2026-08-22 18:35:57,519 - INFO - ==================================================
2026-08-22 18:35:57,519 - INFO - 🚀 شروع اجرای ربات
2026-08-22 18:35:57,519 - INFO - 📥 بخش ۱: دریافت ۱۰۰ کانفیگ آخر برای فایل JSON...
2026-08-22 18:35:57,519 - INFO - 📡 دریافت کانفیگ‌ها از https://t.me/s/ConfigsHUB برای فایل JSON
2026-08-22 18:35:58,179 - INFO - ✅ 13 کانفیگ از صفحه دریافت شد
2026-08-22 18:35:58,180 - INFO - 📊 از https://t.me/s/ConfigsHUB: 13 کانفیگ دریافت شد
2026-08-22 18:35:58,180 - INFO - 🔄 بعد از حذف تکراری: 10 کانفیگ برای JSON
2026-08-22 18:35:58,180 - WARNING - ⚠️ تعداد کانفیگ‌ها به 100 رسید (با None پر شد)
2026-08-22 18:35:58,181 - INFO - ✅ دقیقاً 100 کانفیگ در configs.json ذخیره شد
2026-08-22 18:35:58,181 - INFO - ✅ فایل configs.json با 10 کانفیگ واقعی به‌روز شد
2026-08-22 18:35:58,181 - INFO - 📝 نمونه کانفیگ اول: vless://be154d71-04ca-4389-8a89-d14219b25cd7@162.1...
2026-08-22 18:35:58,181 - INFO - 📤 بخش ۲: دریافت کانفیگ‌های جدید برای ارسال به کانال...
2026-08-22 18:35:58,181 - INFO - 📡 دریافت پست‌ها از https://t.me/s/ConfigsHUB برای ارسال به کانال
2026-08-22 18:35:58,653 - INFO - ✅ 20 پست دریافت شد
2026-08-22 18:35:58,654 - INFO - ⏭️ رد کردن پست تکراری: ConfigsHUB/2009331
2026-08-22 18:35:58,654 - INFO - 💾 وضعیت به‌روز شد: ConfigsHUB/2009331
2026-08-22 18:35:58,654 - INFO - 📊 از https://t.me/s/ConfigsHUB: 0 کانفیگ جدید پیدا شد
2026-08-22 18:35:58,654 - INFO - 📊 تعداد کل کانفیگ‌های جدید: 0
2026-08-22 18:35:58,654 - INFO - ℹ️ کانفیگ جدیدی برای ارسال وجود ندارد
2026-08-22 18:35:58,654 - INFO - ==================================================
2026-08-22 18:35:58,654 - INFO - 🏁 اجرای ربات با موفقیت به پایان رسید
2026-08-22 19:25:31,460 - INFO - ==================================================
2026-08-22 19:25:31,460 - INFO - 🚀 شروع اجرای ربات
2026-08-22 19:25:31,460 - INFO - 📥 بخش ۱: دریافت ۱۰۰ کانفیگ آخر برای فایل JSON...
2026-08-22 19:25:31,461 - INFO - 📡 دریافت کانفیگ‌ها از https://t.me/s/ConfigsHUB برای فایل JSON
2026-08-22 19:25:32,115 - INFO - ✅ 13 کانفیگ از صفحه دریافت شد
2026-08-22 19:25:32,116 - INFO - 📊 از https://t.me/s/ConfigsHUB: 13 کانفیگ دریافت شد
2026-08-22 19:25:32,116 - INFO - 🔄 بعد از حذف تکراری: 10 کانفیگ برای JSON
2026-08-22 19:25:32,116 - WARNING - ⚠️ تعداد کانفیگ‌ها به 100 رسید (با None پر شد)
2026-08-22 19:25:32,116 - INFO - ✅ دقیقاً 100 کانفیگ در configs.json ذخیره شد
2026-08-22 19:25:32,117 - INFO - ✅ فایل configs.json با 10 کانفیگ واقعی به‌روز شد
2026-08-22 19:25:32,117 - INFO - 📝 نمونه کانفیگ اول: vless://be154d71-04ca-4389-8a89-d14219b25cd7@162.1...
2026-08-22 19:25:32,117 - INFO - 📤 بخش ۲: دریافت کانفیگ‌های جدید برای ارسال به کانال...
2026-08-22 19:25:32,117 - INFO - 📡 دریافت پست‌ها از https://t.me/s/ConfigsHUB برای ارسال به کانال
2026-08-22 19:25:32,579 - INFO - ✅ 20 پست دریافت شد
2026-08-22 19:25:32,579 - INFO - ⏭️ رد کردن پست تکراری: ConfigsHUB/2009331
2026-08-22 19:25:32,580 - INFO - 💾 وضعیت به‌روز شد: ConfigsHUB/2009331
2026-08-22 19:25:32,580 - INFO - 📊 از https://t.me/s/ConfigsHUB: 0 کانفیگ جدید پیدا شد
2026-08-22 19:25:32,580 - INFO - 📊 تعداد کل کانفیگ‌های جدید: 0
2026-08-22 19:25:32,580 - INFO - ℹ️ کانفیگ جدیدی برای ارسال وجود ندارد
2026-08-22 19:25:32,580 - INFO - ==================================================
2026-08-22 19:25:32,580 - INFO - 🏁 اجرای ربات با موفقیت به پایان رسید
2026-08-22 19:30:29,025 - INFO - ==================================================
2026-08-22 19:30:29,025 - INFO - 🚀 شروع اجرای ربات
2026-08-22 19:30:29,025 - INFO - 📥 بخش ۱: دریافت ۱۰۰ کانفیگ آخر برای فایل JSON...
2026-08-22 19:30:29,025 - INFO - 📡 دریافت کانفیگ‌ها از https://t.me/s/ConfigsHUB برای فایل JSON
2026-08-22 19:30:29,674 - INFO - ✅ 13 کانفیگ از صفحه دریافت شد
2026-08-22 19:30:29,675 - INFO - 📊 از https://t.me/s/ConfigsHUB: 13 کانفیگ دریافت شد
2026-08-22 19:30:29,676 - INFO - 🔄 بعد از حذف تکراری: 10 کانفیگ برای JSON
2026-08-22 19:30:29,676 - WARNING - ⚠️ تعداد کانفیگ‌ها به 100 رسید (با None پر شد)
2026-08-22 19:30:29,676 - INFO - ✅ دقیقاً 100 کانفیگ در configs.json ذخیره شد
2026-08-22 19:30:29,676 - INFO - ✅ فایل configs.json با 10 کانفیگ واقعی به‌روز شد
2026-08-22 19:30:29,676 - INFO - 📝 نمونه کانفیگ اول: vless://be154d71-04ca-4389-8a89-d14219b25cd7@162.1...
2026-08-22 19:30:29,676 - INFO - 📤 بخش ۲: دریافت کانفیگ‌های جدید برای ارسال به کانال...
2026-08-22 19:30:29,676 - INFO - 📡 دریافت پست‌ها از https://t.me/s/ConfigsHUB برای ارسال به کانال
2026-08-22 19:30:30,094 - INFO - ✅ 20 پست دریافت شد
2026-08-22 19:30:30,095 - INFO - ⏭️ رد کردن پست تکراری: ConfigsHUB/2009331
2026-08-22 19:30:30,095 - INFO - 💾 وضعیت به‌روز شد: ConfigsHUB/2009331
2026-08-22 19:30:30,095 - INFO - 📊 از https://t.me/s/ConfigsHUB: 0 کانفیگ جدید پیدا شد
2026-08-22 19:30:30,095 - INFO - 📊 تعداد کل کانفیگ‌های جدید: 0
2026-08-22 19:30:30,095 - INFO - ℹ️ کانفیگ جدیدی برای ارسال وجود ندارد
2026-08-22 19:30:30,095 - INFO - ==================================================
2026-08-22 19:30:30,095 - INFO - 🏁 اجرای ربات با موفقیت به پایان رسید
2026-08-22 20:27:05,790 - INFO - ==================================================
2026-08-22 20:27:05,790 - INFO - 🚀 شروع اجرای ربات
2026-08-22 20:27:05,790 - INFO - 📥 بخش ۱: دریافت ۱۰۰ کانفیگ آخر برای فایل JSON...
2026-08-22 20:27:05,790 - INFO - 📡 دریافت کانفیگ‌ها از https://t.me/s/ConfigsHUB برای فایل JSON
2026-08-22 20:27:06,355 - INFO - ✅ 13 کانفیگ از صفحه دریافت شد
2026-08-22 20:27:06,355 - INFO - 📊 از https://t.me/s/ConfigsHUB: 13 کانفیگ دریافت شد
2026-08-22 20:27:06,356 - INFO - 🔄 بعد از حذف تکراری: 10 کانفیگ برای JSON
2026-08-22 20:27:06,356 - WARNING - ⚠️ تعداد کانفیگ‌ها به 100 رسید (با None پر شد)
2026-08-22 20:27:06,356 - INFO - ✅ دقیقاً 100 کانفیگ در configs.json ذخیره شد
2026-08-22 20:27:06,356 - INFO - ✅ فایل configs.json با 10 کانفیگ واقعی به‌روز شد
2026-08-22 20:27:06,356 - INFO - 📝 نمونه کانفیگ اول: vless://be154d71-04ca-4389-8a89-d14219b25cd7@162.1...
2026-08-22 20:27:06,356 - INFO - 📤 بخش ۲: دریافت کانفیگ‌های جدید برای ارسال به کانال...
2026-08-22 20:27:06,356 - INFO - 📡 دریافت پست‌ها از https://t.me/s/ConfigsHUB برای ارسال به کانال
2026-08-22 20:27:06,864 - INFO - ✅ 20 پست دریافت شد
2026-08-22 20:27:06,865 - INFO - ⏭️ رد کردن پست تکراری: ConfigsHUB/2009331
2026-08-22 20:27:06,865 - INFO - 💾 وضعیت به‌روز شد: ConfigsHUB/2009331
2026-08-22 20:27:06,865 - INFO - 📊 از https://t.me/s/ConfigsHUB: 0 کانفیگ جدید پیدا شد
2026-08-22 20:27:06,865 - INFO - 📊 تعداد کل کانفیگ‌های جدید: 0
2026-08-22 20:27:06,865 - INFO - ℹ️ کانفیگ جدیدی برای ارسال وجود ندارد
2026-08-22 20:27:06,865 - INFO - ==================================================
2026-08-22 20:27:06,865 - INFO - 🏁 اجرای ربات با موفقیت به پایان رسید
2026-08-22 20:30:28,780 - INFO - ==================================================
2026-08-22 20:30:28,780 - INFO - 🚀 شروع اجرای ربات
2026-08-22 20:30:28,780 - INFO - 📥 بخش ۱: دریافت ۱۰۰ کانفیگ آخر برای فایل JSON...
2026-08-22 20:30:28,780 - INFO - 📡 دریافت کانفیگ‌ها از https://t.me/s/ConfigsHUB برای فایل JSON
2026-08-22 20:30:29,524 - INFO - ✅ 13 کانفیگ از صفحه دریافت شد
2026-08-22 20:30:29,524 - INFO - 📊 از https://t.me/s/ConfigsHUB: 13 کانفیگ دریافت شد
2026-08-22 20:30:29,525 - INFO - 🔄 بعد از حذف تکراری: 10 کانفیگ برای JSON
2026-08-22 20:30:29,525 - WARNING - ⚠️ تعداد کانفیگ‌ها به 100 رسید (با None پر شد)
2026-08-22 20:30:29,525 - INFO - ✅ دقیقاً 100 کانفیگ در configs.json ذخیره شد
2026-08-22 20:30:29,525 - INFO - ✅ فایل configs.json با 10 کانفیگ واقعی به‌روز شد
2026-08-22 20:30:29,525 - INFO - 📝 نمونه کانفیگ اول: vless://be154d71-04ca-4389-8a89-d14219b25cd7@162.1...
2026-08-22 20:30:29,525 - INFO - 📤 بخش ۲: دریافت کانفیگ‌های جدید برای ارسال به کانال...
2026-08-22 20:30:29,525 - INFO - 📡 دریافت پست‌ها از https://t.me/s/ConfigsHUB برای ارسال به کانال
2026-08-22 20:30:30,012 - INFO - ✅ 20 پست دریافت شد
2026-08-22 20:30:30,013 - INFO - ⏭️ رد کردن پست تکراری: ConfigsHUB/2009331
2026-08-22 20:30:30,013 - INFO - 💾 وضعیت به‌روز شد: ConfigsHUB/2009331
2026-08-22 20:30:30,013 - INFO - 📊 از https://t.me/s/ConfigsHUB: 0 کانفیگ جدید پیدا شد
2026-08-22 20:30:30,013 - INFO - 📊 تعداد کل کانفیگ‌های جدید: 0
2026-08-22 20:30:30,013 - INFO - ℹ️ کانفیگ جدیدی برای ارسال وجود ندارد
2026-08-22 20:30:30,013 - INFO - ==================================================
2026-08-22 20:30:30,013 - INFO - 🏁 اجرای ربات با موفقیت به پایان رسید
2026-08-22 21:25:24,389 - INFO - ==================================================
2026-08-22 21:25:24,389 - INFO - 🚀 شروع اجرای ربات
2026-08-22 21:25:24,389 - INFO - 📥 بخش ۱: دریافت ۱۰۰ کانفیگ آخر برای فایل JSON...
2026-08-22 21:25:24,389 - INFO - 📡 دریافت کانفیگ‌ها از https://t.me/s/ConfigsHUB برای فایل JSON
2026-08-22 21:25:24,981 - INFO - ✅ 13 کانفیگ از صفحه دریافت شد
2026-08-22 21:25:24,982 - INFO - 📊 از https://t.me/s/ConfigsHUB: 13 کانفیگ دریافت شد
2026-08-22 21:25:24,982 - INFO - 🔄 بعد از حذف تکراری: 10 کانفیگ برای JSON
2026-08-22 21:25:24,982 - WARNING - ⚠️ تعداد کانفیگ‌ها به 100 رسید (با None پر شد)
2026-08-22 21:25:24,983 - INFO - ✅ دقیقاً 100 کانفیگ در configs.json ذخیره شد
2026-08-22 21:25:24,983 - INFO - ✅ فایل configs.json با 10 کانفیگ واقعی به‌روز شد
2026-08-22 21:25:24,983 - INFO - 📝 نمونه کانفیگ اول: vless://be154d71-04ca-4389-8a89-d14219b25cd7@162.1...
2026-08-22 21:25:24,983 - INFO - 📤 بخش ۲: دریافت کانفیگ‌های جدید برای ارسال به کانال...
2026-08-22 21:25:24,983 - INFO - 📡 دریافت پست‌ها از https://t.me/s/ConfigsHUB برای ارسال به کانال
2026-08-22 21:25:25,522 - INFO - ✅ 20 پست دریافت شد
2026-08-22 21:25:25,523 - INFO - ⏭️ رد کردن پست تکراری: ConfigsHUB/2009331
2026-08-22 21:25:25,524 - INFO - 💾 وضعیت به‌روز شد: ConfigsHUB/2009331
2026-08-22 21:25:25,524 - INFO - 📊 از https://t.me/s/ConfigsHUB: 0 کانفیگ جدید پیدا شد
2026-08-22 21:25:25,524 - INFO - 📊 تعداد کل کانفیگ‌های جدید: 0
2026-08-22 21:25:25,524 - INFO - ℹ️ کانفیگ جدیدی برای ارسال وجود ندارد
2026-08-22 21:25:25,524 - INFO - ==================================================
2026-08-22 21:25:25,524 - INFO - 🏁 اجرای ربات با موفقیت به پایان رسید
2026-08-22 21:30:31,217 - INFO - ==================================================
2026-08-22 21:30:31,217 - INFO - 🚀 شروع اجرای ربات
2026-08-22 21:30:31,217 - INFO - 📥 بخش ۱: دریافت ۱۰۰ کانفیگ آخر برای فایل JSON...
2026-08-22 21:30:31,217 - INFO - 📡 دریافت کانفیگ‌ها از https://t.me/s/ConfigsHUB برای فایل JSON
2026-08-22 21:30:31,960 - INFO - ✅ 13 کانفیگ از صفحه دریافت شد
2026-08-22 21:30:31,961 - INFO - 📊 از https://t.me/s/ConfigsHUB: 13 کانفیگ دریافت شد
2026-08-22 21:30:31,961 - INFO - 🔄 بعد از حذف تکراری: 10 کانفیگ برای JSON
2026-08-22 21:30:31,961 - WARNING - ⚠️ تعداد کانفیگ‌ها به 100 رسید (با None پر شد)
2026-08-22 21:30:31,962 - INFO - ✅ دقیقاً 100 کانفیگ در configs.json ذخیره شد
2026-08-22 21:30:31,962 - INFO - ✅ فایل configs.json با 10 کانفیگ واقعی به‌روز شد
2026-08-22 21:30:31,962 - INFO - 📝 نمونه کانفیگ اول: vless://be154d71-04ca-4389-8a89-d14219b25cd7@162.1...
2026-08-22 21:30:31,962 - INFO - 📤 بخش ۲: دریافت کانفیگ‌های جدید برای ارسال به کانال...
2026-08-22 21:30:31,962 - INFO - 📡 دریافت پست‌ها از https://t.me/s/ConfigsHUB برای ارسال به کانال
2026-08-22 21:30:33,017 - INFO - ✅ 20 پست دریافت شد
2026-08-22 21:30:33,018 - INFO - ⏭️ رد کردن پست تکراری: ConfigsHUB/2009331
2026-08-22 21:30:33,018 - INFO - 💾 وضعیت به‌روز شد: ConfigsHUB/2009331
2026-08-22 21:30:33,018 - INFO - 📊 از https://t.me/s/ConfigsHUB: 0 کانفیگ جدید پیدا شد
2026-08-22 21:30:33,018 - INFO - 📊 تعداد کل کانفیگ‌های جدید: 0
2026-08-22 21:30:33,018 - INFO - ℹ️ کانفیگ جدیدی برای ارسال وجود ندارد
2026-08-22 21:30:33,018 - INFO - ==================================================
2026-08-22 21:30:33,018 - INFO - 🏁 اجرای ربات با موفقیت به پایان رسید
2026-08-22 22:26:12,347 - INFO - ==================================================
2026-08-22 22:26:12,347 - INFO - 🚀 شروع اجرای ربات
2026-08-22 22:26:12,347 - INFO - 📥 بخش ۱: دریافت ۱۰۰ کانفیگ آخر برای فایل JSON...
2026-08-22 22:26:12,347 - INFO - 📡 دریافت کانفیگ‌ها از https://t.me/s/ConfigsHUB برای فایل JSON
2026-08-22 22:26:13,036 - INFO - ✅ 13 کانفیگ از صفحه دریافت شد
2026-08-22 22:26:13,038 - INFO - 📊 از https://t.me/s/ConfigsHUB: 13 کانفیگ دریافت شد
2026-08-22 22:26:13,038 - INFO - 🔄 بعد از حذف تکراری: 10 کانفیگ برای JSON
2026-08-22 22:26:13,038 - WARNING - ⚠️ تعداد کانفیگ‌ها به 100 رسید (با None پر شد)
2026-08-22 22:26:13,038 - INFO - ✅ دقیقاً 100 کانفیگ در configs.json ذخیره شد
2026-08-22 22:26:13,038 - INFO - ✅ فایل configs.json با 10 کانفیگ واقعی به‌روز شد
2026-08-22 22:26:13,038 - INFO - 📝 نمونه کانفیگ اول: vless://be154d71-04ca-4389-8a89-d14219b25cd7@162.1...
2026-08-22 22:26:13,038 - INFO - 📤 بخش ۲: دریافت کانفیگ‌های جدید برای ارسال به کانال...
2026-08-22 22:26:13,039 - INFO - 📡 دریافت پست‌ها از https://t.me/s/ConfigsHUB برای ارسال به کانال
2026-08-22 22:26:13,624 - INFO - ✅ 20 پست دریافت شد
2026-08-22 22:26:13,625 - INFO - ⏭️ رد کردن پست تکراری: ConfigsHUB/2009331
2026-08-22 22:26:13,625 - INFO - 💾 وضعیت به‌روز شد: ConfigsHUB/2009331
2026-08-22 22:26:13,625 - INFO - 📊 از https://t.me/s/ConfigsHUB: 0 کانفیگ جدید پیدا شد
2026-08-22 22:26:13,625 - INFO - 📊 تعداد کل کانفیگ‌های جدید: 0
2026-08-22 22:26:13,625 - INFO - ℹ️ کانفیگ جدیدی برای ارسال وجود ندارد
2026-08-22 22:26:13,625 - INFO - ==================================================
2026-08-22 22:26:13,625 - INFO - 🏁 اجرای ربات با موفقیت به پایان رسید
2026-08-22 22:30:27,067 - INFO - ==================================================
2026-08-22 22:30:27,067 - INFO - 🚀 شروع اجرای ربات
2026-08-22 22:30:27,067 - INFO - 📥 بخش ۱: دریافت ۱۰۰ کانفیگ آخر برای فایل JSON...
2026-08-22 22:30:27,067 - INFO - 📡 دریافت کانفیگ‌ها از https://t.me/s/ConfigsHUB برای فایل JSON
2026-08-22 22:30:27,675 - INFO - ✅ 13 کانفیگ از صفحه دریافت شد
2026-08-22 22:30:27,676 - INFO - 📊 از https://t.me/s/ConfigsHUB: 13 کانفیگ دریافت شد
2026-08-22 22:30:27,676 - INFO - 🔄 بعد از حذف تکراری: 10 کانفیگ برای JSON
2026-08-22 22:30:27,676 - WARNING - ⚠️ تعداد کانفیگ‌ها به 100 رسید (با None پر شد)
2026-08-22 22:30:27,677 - INFO - ✅ دقیقاً 100 کانفیگ در configs.json ذخیره شد
2026-08-22 22:30:27,677 - INFO - ✅ فایل configs.json با 10 کانفیگ واقعی به‌روز شد
2026-08-22 22:30:27,677 - INFO - 📝 نمونه کانفیگ اول: vless://be154d71-04ca-4389-8a89-d14219b25cd7@162.1...
2026-08-22 22:30:27,677 - INFO - 📤 بخش ۲: دریافت کانفیگ‌های جدید برای ارسال به کانال...
2026-08-22 22:30:27,677 - INFO - 📡 دریافت پست‌ها از https://t.me/s/ConfigsHUB برای ارسال به کانال
2026-08-22 22:30:28,273 - INFO - ✅ 20 پست دریافت شد
2026-08-22 22:30:28,274 - INFO - ⏭️ رد کردن پست تکراری: ConfigsHUB/2009331
2026-08-22 22:30:28,274 - INFO - 💾 وضعیت به‌روز شد: ConfigsHUB/2009331
2026-08-22 22:30:28,274 - INFO - 📊 از https://t.me/s/ConfigsHUB: 0 کانفیگ جدید پیدا شد
2026-08-22 22:30:28,274 - INFO - 📊 تعداد کل کانفیگ‌های جدید: 0
2026-08-22 22:30:28,274 - INFO - ℹ️ کانفیگ جدیدی برای ارسال وجود ندارد
2026-08-22 22:30:28,274 - INFO - ==================================================
2026-08-22 22:30:28,274 - INFO - 🏁 اجرای ربات با موفقیت به پایان رسید
2026-08-22 23:24:07,318 - INFO - ==================================================
2026-08-22 23:24:07,318 - INFO - 🚀 شروع اجرای ربات
2026-08-22 23:24:07,318 - INFO - 📥 بخش ۱: دریافت ۱۰۰ کانفیگ آخر برای فایل JSON...
2026-08-22 23:24:07,318 - INFO - 📡 دریافت کانفیگ‌ها از https://t.me/s/ConfigsHUB برای فایل JSON
2026-08-22 23:24:07,840 - INFO - ✅ 13 کانفیگ از صفحه دریافت شد
2026-08-22 23:24:07,841 - INFO - 📊 از https://t.me/s/ConfigsHUB: 13 کانفیگ دریافت شد
2026-08-22 23:24:07,841 - INFO - 🔄 بعد از حذف تکراری: 10 کانفیگ برای JSON
2026-08-22 23:24:07,841 - WARNING - ⚠️ تعداد کانفیگ‌ها به 100 رسید (با None پر شد)
2026-08-22 23:24:07,841 - INFO - ✅ دقیقاً 100 کانفیگ در configs.json ذخیره شد
2026-08-22 23:24:07,842 - INFO - ✅ فایل configs.json با 10 کانفیگ واقعی به‌روز شد
2026-08-22 23:24:07,842 - INFO - 📝 نمونه کانفیگ اول: vless://be154d71-04ca-4389-8a89-d14219b25cd7@162.1...
2026-08-22 23:24:07,842 - INFO - 📤 بخش ۲: دریافت کانفیگ‌های جدید برای ارسال به کانال...
2026-08-22 23:24:07,842 - INFO - 📡 دریافت پست‌ها از https://t.me/s/ConfigsHUB برای ارسال به کانال
2026-08-22 23:24:08,297 - INFO - ✅ 20 پست دریافت شد
2026-08-22 23:24:08,298 - INFO - ⏭️ رد کردن پست تکراری: ConfigsHUB/2009331
2026-08-22 23:24:08,298 - INFO - 💾 وضعیت به‌روز شد: ConfigsHUB/2009331
2026-08-22 23:24:08,298 - INFO - 📊 از https://t.me/s/ConfigsHUB: 0 کانفیگ جدید پیدا شد
2026-08-22 23:24:08,298 - INFO - 📊 تعداد کل کانفیگ‌های جدید: 0
2026-08-22 23:24:08,298 - INFO - ℹ️ کانفیگ جدیدی برای ارسال وجود ندارد
2026-08-22 23:24:08,298 - INFO - ==================================================
2026-08-22 23:24:08,298 - INFO - 🏁 اجرای ربات با موفقیت به پایان رسید
2026-08-22 23:30:27,854 - INFO - ==================================================
2026-08-22 23:30:27,854 - INFO - 🚀 شروع اجرای ربات
2026-08-22 23:30:27,854 - INFO - 📥 بخش ۱: دریافت ۱۰۰ کانفیگ آخر برای فایل JSON...
2026-08-22 23:30:27,854 - INFO - 📡 دریافت کانفیگ‌ها از https://t.me/s/ConfigsHUB برای فایل JSON
2026-08-22 23:30:28,486 - INFO - ✅ 13 کانفیگ از صفحه دریافت شد
2026-08-22 23:30:28,487 - INFO - 📊 از https://t.me/s/ConfigsHUB: 13 کانفیگ دریافت شد
2026-08-22 23:30:28,487 - INFO - 🔄 بعد از حذف تکراری: 10 کانفیگ برای JSON
2026-08-22 23:30:28,487 - WARNING - ⚠️ تعداد کانفیگ‌ها به 100 رسید (با None پر شد)
2026-08-22 23:30:28,488 - INFO - ✅ دقیقاً 100 کانفیگ در configs.json ذخیره شد
2026-08-22 23:30:28,488 - INFO - ✅ فایل configs.json با 10 کانفیگ واقعی به‌روز شد
2026-08-22 23:30:28,488 - INFO - 📝 نمونه کانفیگ اول: vless://be154d71-04ca-4389-8a89-d14219b25cd7@162.1...
2026-08-22 23:30:28,488 - INFO - 📤 بخش ۲: دریافت کانفیگ‌های جدید برای ارسال به کانال...
2026-08-22 23:30:28,488 - INFO - 📡 دریافت پست‌ها از https://t.me/s/ConfigsHUB برای ارسال به کانال
2026-08-22 23:30:29,030 - INFO - ✅ 20 پست دریافت شد
2026-08-22 23:30:29,031 - INFO - ⏭️ رد کردن پست تکراری: ConfigsHUB/2009331
2026-08-22 23:30:29,031 - INFO - 💾 وضعیت به‌روز شد: ConfigsHUB/2009331
2026-08-22 23:30:29,031 - INFO - 📊 از https://t.me/s/ConfigsHUB: 0 کانفیگ جدید پیدا شد
2026-08-22 23:30:29,031 - INFO - 📊 تعداد کل کانفیگ‌های جدید: 0
2026-08-22 23:30:29,031 - INFO - ℹ️ کانفیگ جدیدی برای ارسال وجود ندارد
2026-08-22 23:30:29,031 - INFO - ==================================================
2026-08-22 23:30:29,031 - INFO - 🏁 اجرای ربات با موفقیت به پایان رسید
2026-08-23 00:30:27,593 - INFO - ==================================================
2026-08-23 00:30:27,594 - INFO - 🚀 شروع اجرای ربات
2026-08-23 00:30:27,594 - INFO - 📥 بخش ۱: دریافت ۱۰۰ کانفیگ آخر برای فایل JSON...
2026-08-23 00:30:27,594 - INFO - 📡 دریافت کانفیگ‌ها از https://t.me/s/ConfigsHUB برای فایل JSON
2026-08-23 00:30:28,241 - INFO - ✅ 13 کانفیگ از صفحه دریافت شد
2026-08-23 00:30:28,242 - INFO - 📊 از https://t.me/s/ConfigsHUB: 13 کانفیگ دریافت شد
2026-08-23 00:30:28,242 - INFO - 🔄 بعد از حذف تکراری: 10 کانفیگ برای JSON
2026-08-23 00:30:28,242 - WARNING - ⚠️ تعداد کانفیگ‌ها به 100 رسید (با None پر شد)
2026-08-23 00:30:28,243 - INFO - ✅ دقیقاً 100 کانفیگ در configs.json ذخیره شد
2026-08-23 00:30:28,243 - INFO - ✅ فایل configs.json با 10 کانفیگ واقعی به‌روز شد
2026-08-23 00:30:28,243 - INFO - 📝 نمونه کانفیگ اول: vless://be154d71-04ca-4389-8a89-d14219b25cd7@162.1...
2026-08-23 00:30:28,243 - INFO - 📤 بخش ۲: دریافت کانفیگ‌های جدید برای ارسال به کانال...
2026-08-23 00:30:28,243 - INFO - 📡 دریافت پست‌ها از https://t.me/s/ConfigsHUB برای ارسال به کانال
2026-08-23 00:30:28,957 - INFO - ✅ 20 پست دریافت شد
2026-08-23 00:30:28,958 - INFO - ⏭️ رد کردن پست تکراری: ConfigsHUB/2009331
2026-08-23 00:30:28,959 - INFO - 💾 وضعیت به‌روز شد: ConfigsHUB/2009331
2026-08-23 00:30:28,959 - INFO - 📊 از https://t.me/s/ConfigsHUB: 0 کانفیگ جدید پیدا شد
2026-08-23 00:30:28,959 - INFO - 📊 تعداد کل کانفیگ‌های جدید: 0
2026-08-23 00:30:28,959 - INFO - ℹ️ کانفیگ جدیدی برای ارسال وجود ندارد
2026-08-23 00:30:28,959 - INFO - ==================================================
2026-08-23 00:30:28,959 - INFO - 🏁 اجرای ربات با موفقیت به پایان رسید
2026-08-23 01:30:29,770 - INFO - ==================================================
2026-08-23 01:30:29,770 - INFO - 🚀 شروع اجرای ربات
2026-08-23 01:30:29,770 - INFO - 📥 بخش ۱: دریافت ۱۰۰ کانفیگ آخر برای فایل JSON...
2026-08-23 01:30:29,770 - INFO - 📡 دریافت کانفیگ‌ها از https://t.me/s/ConfigsHUB برای فایل JSON
2026-08-23 01:30:30,284 - INFO - ✅ 13 کانفیگ از صفحه دریافت شد
2026-08-23 01:30:30,285 - INFO - 📊 از https://t.me/s/ConfigsHUB: 13 کانفیگ دریافت شد
2026-08-23 01:30:30,285 - INFO - 🔄 بعد از حذف تکراری: 10 کانفیگ برای JSON
2026-08-23 01:30:30,285 - WARNING - ⚠️ تعداد کانفیگ‌ها به 100 رسید (با None پر شد)
2026-08-23 01:30:30,286 - INFO - ✅ دقیقاً 100 کانفیگ در configs.json ذخیره شد
2026-08-23 01:30:30,286 - INFO - ✅ فایل configs.json با 10 کانفیگ واقعی به‌روز شد
2026-08-23 01:30:30,286 - INFO - 📝 نمونه کانفیگ اول: vless://be154d71-04ca-4389-8a89-d14219b25cd7@162.1...
2026-08-23 01:30:30,286 - INFO - 📤 بخش ۲: دریافت کانفیگ‌های جدید برای ارسال به کانال...
2026-08-23 01:30:30,286 - INFO - 📡 دریافت پست‌ها از https://t.me/s/ConfigsHUB برای ارسال به کانال
2026-08-23 01:30:30,804 - INFO - ✅ 20 پست دریافت شد
2026-08-23 01:30:30,805 - INFO - ⏭️ رد کردن پست تکراری: ConfigsHUB/2009331
2026-08-23 01:30:30,805 - INFO - 💾 وضعیت به‌روز شد: ConfigsHUB/2009331
2026-08-23 01:30:30,805 - INFO - 📊 از https://t.me/s/ConfigsHUB: 0 کانفیگ جدید پیدا شد
2026-08-23 01:30:30,805 - INFO - 📊 تعداد کل کانفیگ‌های جدید: 0
2026-08-23 01:30:30,805 - INFO - ℹ️ کانفیگ جدیدی برای ارسال وجود ندارد
2026-08-23 01:30:30,805 - INFO - ==================================================
2026-08-23 01:30:30,805 - INFO - 🏁 اجرای ربات با موفقیت به پایان رسید
2026-08-23 01:40:07,686 - INFO - ==================================================
2026-08-23 01:40:07,686 - INFO - 🚀 شروع اجرای ربات
2026-08-23 01:40:07,686 - INFO - 📥 بخش ۱: دریافت ۱۰۰ کانفیگ آخر برای فایل JSON...
2026-08-23 01:40:07,686 - INFO - 📡 دریافت کانفیگ‌ها از https://t.me/s/ConfigsHUB برای فایل JSON
2026-08-23 01:40:08,230 - INFO - ✅ 13 کانفیگ از صفحه دریافت شد
2026-08-23 01:40:08,231 - INFO - 📊 از https://t.me/s/ConfigsHUB: 13 کانفیگ دریافت شد
2026-08-23 01:40:08,231 - INFO - 🔄 بعد از حذف تکراری: 10 کانفیگ برای JSON
2026-08-23 01:40:08,231 - WARNING - ⚠️ تعداد کانفیگ‌ها به 100 رسید (با None پر شد)
2026-08-23 01:40:08,232 - INFO - ✅ دقیقاً 100 کانفیگ در configs.json ذخیره شد
2026-08-23 01:40:08,232 - INFO - ✅ فایل configs.json با 10 کانفیگ واقعی به‌روز شد
2026-08-23 01:40:08,232 - INFO - 📝 نمونه کانفیگ اول: vless://be154d71-04ca-4389-8a89-d14219b25cd7@162.1...
2026-08-23 01:40:08,232 - INFO - 📤 بخش ۲: دریافت کانفیگ‌های جدید برای ارسال به کانال...
2026-08-23 01:40:08,232 - INFO - 📡 دریافت پست‌ها از https://t.me/s/ConfigsHUB برای ارسال به کانال
2026-08-23 01:40:08,813 - INFO - ✅ 20 پست دریافت شد
2026-08-23 01:40:08,814 - INFO - ⏭️ رد کردن پست تکراری: ConfigsHUB/2009331
2026-08-23 01:40:08,814 - INFO - 💾 وضعیت به‌روز شد: ConfigsHUB/2009331
2026-08-23 01:40:08,814 - INFO - 📊 از https://t.me/s/ConfigsHUB: 0 کانفیگ جدید پیدا شد
2026-08-23 01:40:08,814 - INFO - 📊 تعداد کل کانفیگ‌های جدید: 0
2026-08-23 01:40:08,814 - INFO - ℹ️ کانفیگ جدیدی برای ارسال وجود ندارد
2026-08-23 01:40:08,814 - INFO - ==================================================
2026-08-23 01:40:08,814 - INFO - 🏁 اجرای ربات با موفقیت به پایان رسید
2026-08-23 02:30:29,220 - INFO - ==================================================
2026-08-23 02:30:29,220 - INFO - 🚀 شروع اجرای ربات
2026-08-23 02:30:29,221 - INFO - 📥 بخش ۱: دریافت ۱۰۰ کانفیگ آخر برای فایل JSON...
2026-08-23 02:30:29,221 - INFO - 📡 دریافت کانفیگ‌ها از https://t.me/s/ConfigsHUB برای فایل JSON
2026-08-23 02:30:30,125 - INFO - ✅ 13 کانفیگ از صفحه دریافت شد
2026-08-23 02:30:30,126 - INFO - 📊 از https://t.me/s/ConfigsHUB: 13 کانفیگ دریافت شد
2026-08-23 02:30:30,126 - INFO - 🔄 بعد از حذف تکراری: 10 کانفیگ برای JSON
2026-08-23 02:30:30,126 - WARNING - ⚠️ تعداد کانفیگ‌ها به 100 رسید (با None پر شد)
2026-08-23 02:30:30,127 - INFO - ✅ دقیقاً 100 کانفیگ در configs.json ذخیره شد
2026-08-23 02:30:30,127 - INFO - ✅ فایل configs.json با 10 کانفیگ واقعی به‌روز شد
2026-08-23 02:30:30,127 - INFO - 📝 نمونه کانفیگ اول: vless://be154d71-04ca-4389-8a89-d14219b25cd7@162.1...
2026-08-23 02:30:30,127 - INFO - 📤 بخش ۲: دریافت کانفیگ‌های جدید برای ارسال به کانال...
2026-08-23 02:30:30,127 - INFO - 📡 دریافت پست‌ها از https://t.me/s/ConfigsHUB برای ارسال به کانال
2026-08-23 02:30:30,816 - INFO - ✅ 20 پست دریافت شد
2026-08-23 02:30:30,817 - INFO - ⏭️ رد کردن پست تکراری: ConfigsHUB/2009331
2026-08-23 02:30:30,817 - INFO - 💾 وضعیت به‌روز شد: ConfigsHUB/2009331
2026-08-23 02:30:30,817 - INFO - 📊 از https://t.me/s/ConfigsHUB: 0 کانفیگ جدید پیدا شد
2026-08-23 02:30:30,818 - INFO - 📊 تعداد کل کانفیگ‌های جدید: 0
2026-08-23 02:30:30,818 - INFO - ℹ️ کانفیگ جدیدی برای ارسال وجود ندارد
2026-08-23 02:30:30,818 - INFO - ==================================================
2026-08-23 02:30:30,818 - INFO - 🏁 اجرای ربات با موفقیت به پایان رسید
2026-08-23 03:06:28,443 - INFO - ==================================================
2026-08-23 03:06:28,443 - INFO - 🚀 شروع اجرای ربات
2026-08-23 03:06:28,443 - INFO - 📥 بخش ۱: دریافت ۱۰۰ کانفیگ آخر برای فایل JSON...
2026-08-23 03:06:28,443 - INFO - 📡 دریافت کانفیگ‌ها از https://t.me/s/ConfigsHUB برای فایل JSON
2026-08-23 03:06:29,801 - INFO - ✅ 13 کانفیگ از صفحه دریافت شد
2026-08-23 03:06:29,802 - INFO - 📊 از https://t.me/s/ConfigsHUB: 13 کانفیگ دریافت شد
2026-08-23 03:06:29,802 - INFO - 🔄 بعد از حذف تکراری: 10 کانفیگ برای JSON
2026-08-23 03:06:29,802 - WARNING - ⚠️ تعداد کانفیگ‌ها به 100 رسید (با None پر شد)
2026-08-23 03:06:29,803 - INFO - ✅ دقیقاً 100 کانفیگ در configs.json ذخیره شد
2026-08-23 03:06:29,803 - INFO - ✅ فایل configs.json با 10 کانفیگ واقعی به‌روز شد
2026-08-23 03:06:29,803 - INFO - 📝 نمونه کانفیگ اول: vless://be154d71-04ca-4389-8a89-d14219b25cd7@162.1...
2026-08-23 03:06:29,803 - INFO - 📤 بخش ۲: دریافت کانفیگ‌های جدید برای ارسال به کانال...
2026-08-23 03:06:29,803 - INFO - 📡 دریافت پست‌ها از https://t.me/s/ConfigsHUB برای ارسال به کانال
2026-08-23 03:06:30,353 - INFO - ✅ 20 پست دریافت شد
2026-08-23 03:06:30,354 - INFO - ⏭️ رد کردن پست تکراری: ConfigsHUB/2009331
2026-08-23 03:06:30,354 - INFO - 💾 وضعیت به‌روز شد: ConfigsHUB/2009331
2026-08-23 03:06:30,354 - INFO - 📊 از https://t.me/s/ConfigsHUB: 0 کانفیگ جدید پیدا شد
2026-08-23 03:06:30,354 - INFO - 📊 تعداد کل کانفیگ‌های جدید: 0
2026-08-23 03:06:30,354 - INFO - ℹ️ کانفیگ جدیدی برای ارسال وجود ندارد
2026-08-23 03:06:30,354 - INFO - ==================================================
2026-08-23 03:06:30,354 - INFO - 🏁 اجرای ربات با موفقیت به پایان رسید
2026-08-23 03:30:30,287 - INFO - ==================================================
2026-08-23 03:30:30,287 - INFO - 🚀 شروع اجرای ربات
2026-08-23 03:30:30,287 - INFO - 📥 بخش ۱: دریافت ۱۰۰ کانفیگ آخر برای فایل JSON...
2026-08-23 03:30:30,287 - INFO - 📡 دریافت کانفیگ‌ها از https://t.me/s/ConfigsHUB برای فایل JSON
2026-08-23 03:30:30,955 - INFO - ✅ 13 کانفیگ از صفحه دریافت شد
2026-08-23 03:30:30,956 - INFO - 📊 از https://t.me/s/ConfigsHUB: 13 کانفیگ دریافت شد
2026-08-23 03:30:30,956 - INFO - 🔄 بعد از حذف تکراری: 10 کانفیگ برای JSON
2026-08-23 03:30:30,956 - WARNING - ⚠️ تعداد کانفیگ‌ها به 100 رسید (با None پر شد)
2026-08-23 03:30:30,956 - INFO - ✅ دقیقاً 100 کانفیگ در configs.json ذخیره شد
2026-08-23 03:30:30,956 - INFO - ✅ فایل configs.json با 10 کانفیگ واقعی به‌روز شد
2026-08-23 03:30:30,956 - INFO - 📝 نمونه کانفیگ اول: vless://be154d71-04ca-4389-8a89-d14219b25cd7@162.1...
2026-08-23 03:30:30,956 - INFO - 📤 بخش ۲: دریافت کانفیگ‌های جدید برای ارسال به کانال...
2026-08-23 03:30:30,957 - INFO - 📡 دریافت پست‌ها از https://t.me/s/ConfigsHUB برای ارسال به کانال
2026-08-23 03:30:31,528 - INFO - ✅ 20 پست دریافت شد
2026-08-23 03:30:31,529 - INFO - ⏭️ رد کردن پست تکراری: ConfigsHUB/2009331
2026-08-23 03:30:31,529 - INFO - 💾 وضعیت به‌روز شد: ConfigsHUB/2009331
2026-08-23 03:30:31,529 - INFO - 📊 از https://t.me/s/ConfigsHUB: 0 کانفیگ جدید پیدا شد
2026-08-23 03:30:31,529 - INFO - 📊 تعداد کل کانفیگ‌های جدید: 0
2026-08-23 03:30:31,529 - INFO - ℹ️ کانفیگ جدیدی برای ارسال وجود ندارد
2026-08-23 03:30:31,529 - INFO - ==================================================
2026-08-23 03:30:31,530 - INFO - 🏁 اجرای ربات با موفقیت به پایان رسید
2026-08-23 04:30:28,944 - INFO - ==================================================
2026-08-23 04:30:28,944 - INFO - 🚀 شروع اجرای ربات
2026-08-23 04:30:28,944 - INFO - 📥 بخش ۱: دریافت ۱۰۰ کانفیگ آخر برای فایل JSON...
2026-08-23 04:30:28,944 - INFO - 📡 دریافت کانفیگ‌ها از https://t.me/s/ConfigsHUB برای فایل JSON
2026-08-23 04:30:29,747 - INFO - ✅ 13 کانفیگ از صفحه دریافت شد
2026-08-23 04:30:29,748 - INFO - 📊 از https://t.me/s/ConfigsHUB: 13 کانفیگ دریافت شد
2026-08-23 04:30:29,748 - INFO - 🔄 بعد از حذف تکراری: 10 کانفیگ برای JSON
2026-08-23 04:30:29,748 - WARNING - ⚠️ تعداد کانفیگ‌ها به 100 رسید (با None پر شد)
2026-08-23 04:30:29,748 - INFO - ✅ دقیقاً 100 کانفیگ در configs.json ذخیره شد
2026-08-23 04:30:29,748 - INFO - ✅ فایل configs.json با 10 کانفیگ واقعی به‌روز شد
2026-08-23 04:30:29,748 - INFO - 📝 نمونه کانفیگ اول: vless://be154d71-04ca-4389-8a89-d14219b25cd7@162.1...
2026-08-23 04:30:29,748 - INFO - 📤 بخش ۲: دریافت کانفیگ‌های جدید برای ارسال به کانال...
2026-08-23 04:30:29,749 - INFO - 📡 دریافت پست‌ها از https://t.me/s/ConfigsHUB برای ارسال به کانال
2026-08-23 04:30:30,605 - INFO - ✅ 20 پست دریافت شد
2026-08-23 04:30:30,606 - INFO - ⏭️ رد کردن پست تکراری: ConfigsHUB/2009331
2026-08-23 04:30:30,606 - INFO - 💾 وضعیت به‌روز شد: ConfigsHUB/2009331
2026-08-23 04:30:30,606 - INFO - 📊 از https://t.me/s/ConfigsHUB: 0 کانفیگ جدید پیدا شد
2026-08-23 04:30:30,606 - INFO - 📊 تعداد کل کانفیگ‌های جدید: 0
2026-08-23 04:30:30,606 - INFO - ℹ️ کانفیگ جدیدی برای ارسال وجود ندارد
2026-08-23 04:30:30,606 - INFO - ==================================================
2026-08-23 04:30:30,606 - INFO - 🏁 اجرای ربات با موفقیت به پایان رسید
2026-08-23 04:41:24,423 - INFO - ==================================================
2026-08-23 04:41:24,423 - INFO - 🚀 شروع اجرای ربات
2026-08-23 04:41:24,423 - INFO - 📥 بخش ۱: دریافت ۱۰۰ کانفیگ آخر برای فایل JSON...
2026-08-23 04:41:24,423 - INFO - 📡 دریافت کانفیگ‌ها از https://t.me/s/ConfigsHUB برای فایل JSON
2026-08-23 04:41:25,235 - INFO - ✅ 13 کانفیگ از صفحه دریافت شد
2026-08-23 04:41:25,236 - INFO - 📊 از https://t.me/s/ConfigsHUB: 13 کانفیگ دریافت شد
2026-08-23 04:41:25,236 - INFO - 🔄 بعد از حذف تکراری: 10 کانفیگ برای JSON
2026-08-23 04:41:25,236 - WARNING - ⚠️ تعداد کانفیگ‌ها به 100 رسید (با None پر شد)
2026-08-23 04:41:25,236 - INFO - ✅ دقیقاً 100 کانفیگ در configs.json ذخیره شد
2026-08-23 04:41:25,236 - INFO - ✅ فایل configs.json با 10 کانفیگ واقعی به‌روز شد
2026-08-23 04:41:25,236 - INFO - 📝 نمونه کانفیگ اول: vless://be154d71-04ca-4389-8a89-d14219b25cd7@162.1...
2026-08-23 04:41:25,236 - INFO - 📤 بخش ۲: دریافت کانفیگ‌های جدید برای ارسال به کانال...
2026-08-23 04:41:25,236 - INFO - 📡 دریافت پست‌ها از https://t.me/s/ConfigsHUB برای ارسال به کانال
2026-08-23 04:41:25,910 - INFO - ✅ 20 پست دریافت شد
2026-08-23 04:41:25,911 - INFO - ⏭️ رد کردن پست تکراری: ConfigsHUB/2009331
2026-08-23 04:41:25,911 - INFO - 💾 وضعیت به‌روز شد: ConfigsHUB/2009331
2026-08-23 04:41:25,911 - INFO - 📊 از https://t.me/s/ConfigsHUB: 0 کانفیگ جدید پیدا شد
2026-08-23 04:41:25,911 - INFO - 📊 تعداد کل کانفیگ‌های جدید: 0
2026-08-23 04:41:25,911 - INFO - ℹ️ کانفیگ جدیدی برای ارسال وجود ندارد
2026-08-23 04:41:25,911 - INFO - ==================================================
2026-08-23 04:41:25,911 - INFO - 🏁 اجرای ربات با موفقیت به پایان رسید
2026-08-23 05:30:30,014 - INFO - ==================================================
2026-08-23 05:30:30,014 - INFO - 🚀 شروع اجرای ربات
2026-08-23 05:30:30,014 - INFO - 📥 بخش ۱: دریافت ۱۰۰ کانفیگ آخر برای فایل JSON...
2026-08-23 05:30:30,014 - INFO - 📡 دریافت کانفیگ‌ها از https://t.me/s/ConfigsHUB برای فایل JSON
2026-08-23 05:30:31,236 - INFO - ✅ 13 کانفیگ از صفحه دریافت شد
2026-08-23 05:30:31,237 - INFO - 📊 از https://t.me/s/ConfigsHUB: 13 کانفیگ دریافت شد
2026-08-23 05:30:31,237 - INFO - 🔄 بعد از حذف تکراری: 10 کانفیگ برای JSON
2026-08-23 05:30:31,237 - WARNING - ⚠️ تعداد کانفیگ‌ها به 100 رسید (با None پر شد)
2026-08-23 05:30:31,238 - INFO - ✅ دقیقاً 100 کانفیگ در configs.json ذخیره شد
2026-08-23 05:30:31,238 - INFO - ✅ فایل configs.json با 10 کانفیگ واقعی به‌روز شد
2026-08-23 05:30:31,238 - INFO - 📝 نمونه کانفیگ اول: vless://be154d71-04ca-4389-8a89-d14219b25cd7@162.1...
2026-08-23 05:30:31,238 - INFO - 📤 بخش ۲: دریافت کانفیگ‌های جدید برای ارسال به کانال...
2026-08-23 05:30:31,238 - INFO - 📡 دریافت پست‌ها از https://t.me/s/ConfigsHUB برای ارسال به کانال
2026-08-23 05:30:32,173 - INFO - ✅ 20 پست دریافت شد
2026-08-23 05:30:32,174 - INFO - ⏭️ رد کردن پست تکراری: ConfigsHUB/2009331
2026-08-23 05:30:32,175 - INFO - 💾 وضعیت به‌روز شد: ConfigsHUB/2009331
2026-08-23 05:30:32,175 - INFO - 📊 از https://t.me/s/ConfigsHUB: 0 کانفیگ جدید پیدا شد
2026-08-23 05:30:32,175 - INFO - 📊 تعداد کل کانفیگ‌های جدید: 0
2026-08-23 05:30:32,175 - INFO - ℹ️ کانفیگ جدیدی برای ارسال وجود ندارد
2026-08-23 05:30:32,175 - INFO - ==================================================
2026-08-23 05:30:32,175 - INFO - 🏁 اجرای ربات با موفقیت به پایان رسید
2026-08-23 05:32:47,764 - INFO - ==================================================
2026-08-23 05:32:47,764 - INFO - 🚀 شروع اجرای ربات
2026-08-23 05:32:47,764 - INFO - 📥 بخش ۱: دریافت ۱۰۰ کانفیگ آخر برای فایل JSON...
2026-08-23 05:32:47,764 - INFO - 📡 دریافت کانفیگ‌ها از https://t.me/s/ConfigsHUB برای فایل JSON
2026-08-23 05:32:48,398 - INFO - ✅ 13 کانفیگ از صفحه دریافت شد
2026-08-23 05:32:48,399 - INFO - 📊 از https://t.me/s/ConfigsHUB: 13 کانفیگ دریافت شد
2026-08-23 05:32:48,399 - INFO - 🔄 بعد از حذف تکراری: 10 کانفیگ برای JSON
2026-08-23 05:32:48,399 - WARNING - ⚠️ تعداد کانفیگ‌ها به 100 رسید (با None پر شد)
2026-08-23 05:32:48,400 - INFO - ✅ دقیقاً 100 کانفیگ در configs.json ذخیره شد
2026-08-23 05:32:48,400 - INFO - ✅ فایل configs.json با 10 کانفیگ واقعی به‌روز شد
2026-08-23 05:32:48,400 - INFO - 📝 نمونه کانفیگ اول: vless://be154d71-04ca-4389-8a89-d14219b25cd7@162.1...
2026-08-23 05:32:48,400 - INFO - 📤 بخش ۲: دریافت کانفیگ‌های جدید برای ارسال به کانال...
2026-08-23 05:32:48,400 - INFO - 📡 دریافت پست‌ها از https://t.me/s/ConfigsHUB برای ارسال به کانال
2026-08-23 05:32:48,953 - INFO - ✅ 20 پست دریافت شد
2026-08-23 05:32:48,954 - INFO - ⏭️ رد کردن پست تکراری: ConfigsHUB/2009331
2026-08-23 05:32:48,954 - INFO - 💾 وضعیت به‌روز شد: ConfigsHUB/2009331
2026-08-23 05:32:48,954 - INFO - 📊 از https://t.me/s/ConfigsHUB: 0 کانفیگ جدید پیدا شد
2026-08-23 05:32:48,954 - INFO - 📊 تعداد کل کانفیگ‌های جدید: 0
2026-08-23 05:32:48,954 - INFO - ℹ️ کانفیگ جدیدی برای ارسال وجود ندارد
2026-08-23 05:32:48,954 - INFO - ==================================================
2026-08-23 05:32:48,954 - INFO - 🏁 اجرای ربات با موفقیت به پایان رسید
2026-08-23 06:30:27,921 - INFO - ==================================================
2026-08-23 06:30:27,921 - INFO - 🚀 شروع اجرای ربات
2026-08-23 06:30:27,921 - INFO - 📥 بخش ۱: دریافت ۱۰۰ کانفیگ آخر برای فایل JSON...
2026-08-23 06:30:27,921 - INFO - 📡 دریافت کانفیگ‌ها از https://t.me/s/ConfigsHUB برای فایل JSON
2026-08-23 06:30:28,689 - INFO - ✅ 13 کانفیگ از صفحه دریافت شد
2026-08-23 06:30:28,690 - INFO - 📊 از https://t.me/s/ConfigsHUB: 13 کانفیگ دریافت شد
2026-08-23 06:30:28,690 - INFO - 🔄 بعد از حذف تکراری: 10 کانفیگ برای JSON
2026-08-23 06:30:28,690 - WARNING - ⚠️ تعداد کانفیگ‌ها به 100 رسید (با None پر شد)
2026-08-23 06:30:28,691 - INFO - ✅ دقیقاً 100 کانفیگ در configs.json ذخیره شد
2026-08-23 06:30:28,691 - INFO - ✅ فایل configs.json با 10 کانفیگ واقعی به‌روز شد
2026-08-23 06:30:28,691 - INFO - 📝 نمونه کانفیگ اول: vless://be154d71-04ca-4389-8a89-d14219b25cd7@162.1...
2026-08-23 06:30:28,691 - INFO - 📤 بخش ۲: دریافت کانفیگ‌های جدید برای ارسال به کانال...
2026-08-23 06:30:28,691 - INFO - 📡 دریافت پست‌ها از https://t.me/s/ConfigsHUB برای ارسال به کانال
2026-08-23 06:30:29,172 - INFO - ✅ 20 پست دریافت شد
2026-08-23 06:30:29,173 - INFO - ⏭️ رد کردن پست تکراری: ConfigsHUB/2009331
2026-08-23 06:30:29,173 - INFO - 💾 وضعیت به‌روز شد: ConfigsHUB/2009331
2026-08-23 06:30:29,173 - INFO - 📊 از https://t.me/s/ConfigsHUB: 0 کانفیگ جدید پیدا شد
2026-08-23 06:30:29,173 - INFO - 📊 تعداد کل کانفیگ‌های جدید: 0
2026-08-23 06:30:29,173 - INFO - ℹ️ کانفیگ جدیدی برای ارسال وجود ندارد
2026-08-23 06:30:29,173 - INFO - ==================================================
2026-08-23 06:30:29,173 - INFO - 🏁 اجرای ربات با موفقیت به پایان رسید
2026-08-23 06:48:03,827 - INFO - ==================================================
2026-08-23 06:48:03,827 - INFO - 🚀 شروع اجرای ربات
2026-08-23 06:48:03,827 - INFO - 📥 بخش ۱: دریافت ۱۰۰ کانفیگ آخر برای فایل JSON...
2026-08-23 06:48:03,827 - INFO - 📡 دریافت کانفیگ‌ها از https://t.me/s/ConfigsHUB برای فایل JSON
2026-08-23 06:48:04,565 - INFO - ✅ 13 کانفیگ از صفحه دریافت شد
2026-08-23 06:48:04,565 - INFO - 📊 از https://t.me/s/ConfigsHUB: 13 کانفیگ دریافت شد
2026-08-23 06:48:04,566 - INFO - 🔄 بعد از حذف تکراری: 10 کانفیگ برای JSON
2026-08-23 06:48:04,566 - WARNING - ⚠️ تعداد کانفیگ‌ها به 100 رسید (با None پر شد)
2026-08-23 06:48:04,566 - INFO - ✅ دقیقاً 100 کانفیگ در configs.json ذخیره شد
2026-08-23 06:48:04,566 - INFO - ✅ فایل configs.json با 10 کانفیگ واقعی به‌روز شد
2026-08-23 06:48:04,566 - INFO - 📝 نمونه کانفیگ اول: vless://be154d71-04ca-4389-8a89-d14219b25cd7@162.1...
2026-08-23 06:48:04,566 - INFO - 📤 بخش ۲: دریافت کانفیگ‌های جدید برای ارسال به کانال...
2026-08-23 06:48:04,566 - INFO - 📡 دریافت پست‌ها از https://t.me/s/ConfigsHUB برای ارسال به کانال
2026-08-23 06:48:05,159 - INFO - ✅ 20 پست دریافت شد
2026-08-23 06:48:05,159 - INFO - ⏭️ رد کردن پست تکراری: ConfigsHUB/2009331
2026-08-23 06:48:05,159 - INFO - 💾 وضعیت به‌روز شد: ConfigsHUB/2009331
2026-08-23 06:48:05,160 - INFO - 📊 از https://t.me/s/ConfigsHUB: 0 کانفیگ جدید پیدا شد
2026-08-23 06:48:05,160 - INFO - 📊 تعداد کل کانفیگ‌های جدید: 0
2026-08-23 06:48:05,160 - INFO - ℹ️ کانفیگ جدیدی برای ارسال وجود ندارد
2026-08-23 06:48:05,160 - INFO - ==================================================
2026-08-23 06:48:05,160 - INFO - 🏁 اجرای ربات با موفقیت به پایان رسید
2026-08-23 07:30:26,278 - INFO - ==================================================
2026-08-23 07:30:26,278 - INFO - 🚀 شروع اجرای ربات
2026-08-23 07:30:26,279 - INFO - 📥 بخش ۱: دریافت ۱۰۰ کانفیگ آخر برای فایل JSON...
2026-08-23 07:30:26,279 - INFO - 📡 دریافت کانفیگ‌ها از https://t.me/s/ConfigsHUB برای فایل JSON
2026-08-23 07:30:26,895 - INFO - ✅ 13 کانفیگ از صفحه دریافت شد
2026-08-23 07:30:26,896 - INFO - 📊 از https://t.me/s/ConfigsHUB: 13 کانفیگ دریافت شد
2026-08-23 07:30:26,896 - INFO - 🔄 بعد از حذف تکراری: 10 کانفیگ برای JSON
2026-08-23 07:30:26,896 - WARNING - ⚠️ تعداد کانفیگ‌ها به 100 رسید (با None پر شد)
2026-08-23 07:30:26,897 - INFO - ✅ دقیقاً 100 کانفیگ در configs.json ذخیره شد
2026-08-23 07:30:26,897 - INFO - ✅ فایل configs.json با 10 کانفیگ واقعی به‌روز شد
2026-08-23 07:30:26,897 - INFO - 📝 نمونه کانفیگ اول: vless://be154d71-04ca-4389-8a89-d14219b25cd7@162.1...
2026-08-23 07:30:26,897 - INFO - 📤 بخش ۲: دریافت کانفیگ‌های جدید برای ارسال به کانال...
2026-08-23 07:30:26,897 - INFO - 📡 دریافت پست‌ها از https://t.me/s/ConfigsHUB برای ارسال به کانال
2026-08-23 07:30:27,425 - INFO - ✅ 20 پست دریافت شد
2026-08-23 07:30:27,426 - INFO - ⏭️ رد کردن پست تکراری: ConfigsHUB/2009331
2026-08-23 07:30:27,426 - INFO - 💾 وضعیت به‌روز شد: ConfigsHUB/2009331
2026-08-23 07:30:27,427 - INFO - 📊 از https://t.me/s/ConfigsHUB: 0 کانفیگ جدید پیدا شد
2026-08-23 07:30:27,427 - INFO - 📊 تعداد کل کانفیگ‌های جدید: 0
2026-08-23 07:30:27,427 - INFO - ℹ️ کانفیگ جدیدی برای ارسال وجود ندارد
2026-08-23 07:30:27,427 - INFO - ==================================================
2026-08-23 07:30:27,427 - INFO - 🏁 اجرای ربات با موفقیت به پایان رسید
2026-08-23 07:36:46,312 - INFO - ==================================================
2026-08-23 07:36:46,312 - INFO - 🚀 شروع اجرای ربات
2026-08-23 07:36:46,312 - INFO - 📥 بخش ۱: دریافت ۱۰۰ کانفیگ آخر برای فایل JSON...
2026-08-23 07:36:46,312 - INFO - 📡 دریافت کانفیگ‌ها از https://t.me/s/ConfigsHUB برای فایل JSON
2026-08-23 07:36:46,888 - INFO - ✅ 13 کانفیگ از صفحه دریافت شد
2026-08-23 07:36:46,889 - INFO - 📊 از https://t.me/s/ConfigsHUB: 13 کانفیگ دریافت شد
2026-08-23 07:36:46,889 - INFO - 🔄 بعد از حذف تکراری: 10 کانفیگ برای JSON
2026-08-23 07:36:46,889 - WARNING - ⚠️ تعداد کانفیگ‌ها به 100 رسید (با None پر شد)
2026-08-23 07:36:46,889 - INFO - ✅ دقیقاً 100 کانفیگ در configs.json ذخیره شد
2026-08-23 07:36:46,889 - INFO - ✅ فایل configs.json با 10 کانفیگ واقعی به‌روز شد
2026-08-23 07:36:46,889 - INFO - 📝 نمونه کانفیگ اول: vless://be154d71-04ca-4389-8a89-d14219b25cd7@162.1...
2026-08-23 07:36:46,889 - INFO - 📤 بخش ۲: دریافت کانفیگ‌های جدید برای ارسال به کانال...
2026-08-23 07:36:46,890 - INFO - 📡 دریافت پست‌ها از https://t.me/s/ConfigsHUB برای ارسال به کانال
2026-08-23 07:36:47,569 - INFO - ✅ 20 پست دریافت شد
2026-08-23 07:36:47,570 - INFO - ⏭️ رد کردن پست تکراری: ConfigsHUB/2009331
2026-08-23 07:36:47,570 - INFO - 💾 وضعیت به‌روز شد: ConfigsHUB/2009331
2026-08-23 07:36:47,570 - INFO - 📊 از https://t.me/s/ConfigsHUB: 0 کانفیگ جدید پیدا شد
2026-08-23 07:36:47,570 - INFO - 📊 تعداد کل کانفیگ‌های جدید: 0
2026-08-23 07:36:47,570 - INFO - ℹ️ کانفیگ جدیدی برای ارسال وجود ندارد
2026-08-23 07:36:47,570 - INFO - ==================================================
2026-08-23 07:36:47,570 - INFO - 🏁 اجرای ربات با موفقیت به پایان رسید
2026-08-23 08:30:27,066 - INFO - ==================================================
2026-08-23 08:30:27,066 - INFO - 🚀 شروع اجرای ربات
2026-08-23 08:30:27,066 - INFO - 📥 بخش ۱: دریافت ۱۰۰ کانفیگ آخر برای فایل JSON...
2026-08-23 08:30:27,066 - INFO - 📡 دریافت کانفیگ‌ها از https://t.me/s/ConfigsHUB برای فایل JSON
2026-08-23 08:30:27,639 - INFO - ✅ 13 کانفیگ از صفحه دریافت شد
2026-08-23 08:30:27,641 - INFO - 📊 از https://t.me/s/ConfigsHUB: 13 کانفیگ دریافت شد
2026-08-23 08:30:27,641 - INFO - 🔄 بعد از حذف تکراری: 10 کانفیگ برای JSON
2026-08-23 08:30:27,641 - WARNING - ⚠️ تعداد کانفیگ‌ها به 100 رسید (با None پر شد)
2026-08-23 08:30:27,641 - INFO - ✅ دقیقاً 100 کانفیگ در configs.json ذخیره شد
2026-08-23 08:30:27,641 - INFO - ✅ فایل configs.json با 10 کانفیگ واقعی به‌روز شد
2026-08-23 08:30:27,641 - INFO - 📝 نمونه کانفیگ اول: vless://be154d71-04ca-4389-8a89-d14219b25cd7@162.1...
2026-08-23 08:30:27,641 - INFO - 📤 بخش ۲: دریافت کانفیگ‌های جدید برای ارسال به کانال...
2026-08-23 08:30:27,642 - INFO - 📡 دریافت پست‌ها از https://t.me/s/ConfigsHUB برای ارسال به کانال
2026-08-23 08:30:28,290 - INFO - ✅ 20 پست دریافت شد
2026-08-23 08:30:28,291 - INFO - ⏭️ رد کردن پست تکراری: ConfigsHUB/2009331
2026-08-23 08:30:28,292 - INFO - 💾 وضعیت به‌روز شد: ConfigsHUB/2009331
2026-08-23 08:30:28,292 - INFO - 📊 از https://t.me/s/ConfigsHUB: 0 کانفیگ جدید پیدا شد
2026-08-23 08:30:28,292 - INFO - 📊 تعداد کل کانفیگ‌های جدید: 0
2026-08-23 08:30:28,292 - INFO - ℹ️ کانفیگ جدیدی برای ارسال وجود ندارد
2026-08-23 08:30:28,292 - INFO - ==================================================
2026-08-23 08:30:28,292 - INFO - 🏁 اجرای ربات با موفقیت به پایان رسید
2026-08-23 08:34:49,892 - INFO - ==================================================
2026-08-23 08:34:49,892 - INFO - 🚀 شروع اجرای ربات
2026-08-23 08:34:49,892 - INFO - 📥 بخش ۱: دریافت ۱۰۰ کانفیگ آخر برای فایل JSON...
2026-08-23 08:34:49,892 - INFO - 📡 دریافت کانفیگ‌ها از https://t.me/s/ConfigsHUB برای فایل JSON
2026-08-23 08:34:50,657 - INFO - ✅ 13 کانفیگ از صفحه دریافت شد
2026-08-23 08:34:50,658 - INFO - 📊 از https://t.me/s/ConfigsHUB: 13 کانفیگ دریافت شد
2026-08-23 08:34:50,658 - INFO - 🔄 بعد از حذف تکراری: 10 کانفیگ برای JSON
2026-08-23 08:34:50,658 - WARNING - ⚠️ تعداد کانفیگ‌ها به 100 رسید (با None پر شد)
2026-08-23 08:34:50,658 - INFO - ✅ دقیقاً 100 کانفیگ در configs.json ذخیره شد
2026-08-23 08:34:50,658 - INFO - ✅ فایل configs.json با 10 کانفیگ واقعی به‌روز شد
2026-08-23 08:34:50,659 - INFO - 📝 نمونه کانفیگ اول: vless://be154d71-04ca-4389-8a89-d14219b25cd7@162.1...
2026-08-23 08:34:50,659 - INFO - 📤 بخش ۲: دریافت کانفیگ‌های جدید برای ارسال به کانال...
2026-08-23 08:34:50,659 - INFO - 📡 دریافت پست‌ها از https://t.me/s/ConfigsHUB برای ارسال به کانال
2026-08-23 08:34:51,144 - INFO - ✅ 20 پست دریافت شد
2026-08-23 08:34:51,144 - INFO - ⏭️ رد کردن پست تکراری: ConfigsHUB/2009331
2026-08-23 08:34:51,145 - INFO - 💾 وضعیت به‌روز شد: ConfigsHUB/2009331
2026-08-23 08:34:51,145 - INFO - 📊 از https://t.me/s/ConfigsHUB: 0 کانفیگ جدید پیدا شد
2026-08-23 08:34:51,145 - INFO - 📊 تعداد کل کانفیگ‌های جدید: 0
2026-08-23 08:34:51,145 - INFO - ℹ️ کانفیگ جدیدی برای ارسال وجود ندارد
2026-08-23 08:34:51,145 - INFO - ==================================================
2026-08-23 08:34:51,145 - INFO - 🏁 اجرای ربات با موفقیت به پایان رسید
2026-08-23 09:30:32,262 - INFO - ==================================================
2026-08-23 09:30:32,263 - INFO - 🚀 شروع اجرای ربات
2026-08-23 09:30:32,263 - INFO - 📥 بخش ۱: دریافت ۱۰۰ کانفیگ آخر برای فایل JSON...
2026-08-23 09:30:32,263 - INFO - 📡 دریافت کانفیگ‌ها از https://t.me/s/ConfigsHUB برای فایل JSON
2026-08-23 09:30:33,322 - INFO - ✅ 13 کانفیگ از صفحه دریافت شد
2026-08-23 09:30:33,323 - INFO - 📊 از https://t.me/s/ConfigsHUB: 13 کانفیگ دریافت شد
2026-08-23 09:30:33,323 - INFO - 🔄 بعد از حذف تکراری: 10 کانفیگ برای JSON
2026-08-23 09:30:33,323 - WARNING - ⚠️ تعداد کانفیگ‌ها به 100 رسید (با None پر شد)
2026-08-23 09:30:33,323 - INFO - ✅ دقیقاً 100 کانفیگ در configs.json ذخیره شد
2026-08-23 09:30:33,324 - INFO - ✅ فایل configs.json با 10 کانفیگ واقعی به‌روز شد
2026-08-23 09:30:33,324 - INFO - 📝 نمونه کانفیگ اول: vless://be154d71-04ca-4389-8a89-d14219b25cd7@162.1...
2026-08-23 09:30:33,324 - INFO - 📤 بخش ۲: دریافت کانفیگ‌های جدید برای ارسال به کانال...
2026-08-23 09:30:33,324 - INFO - 📡 دریافت پست‌ها از https://t.me/s/ConfigsHUB برای ارسال به کانال
2026-08-23 09:30:33,812 - INFO - ✅ 20 پست دریافت شد
2026-08-23 09:30:33,812 - INFO - ⏭️ رد کردن پست تکراری: ConfigsHUB/2009331
2026-08-23 09:30:33,812 - INFO - 💾 وضعیت به‌روز شد: ConfigsHUB/2009331
2026-08-23 09:30:33,812 - INFO - 📊 از https://t.me/s/ConfigsHUB: 0 کانفیگ جدید پیدا شد
2026-08-23 09:30:33,813 - INFO - 📊 تعداد کل کانفیگ‌های جدید: 0
2026-08-23 09:30:33,813 - INFO - ℹ️ کانفیگ جدیدی برای ارسال وجود ندارد
2026-08-23 09:30:33,813 - INFO - ==================================================
2026-08-23 09:30:33,813 - INFO - 🏁 اجرای ربات با موفقیت به پایان رسید
2026-08-23 09:31:24,336 - INFO - ==================================================
2026-08-23 09:31:24,336 - INFO - 🚀 شروع اجرای ربات
2026-08-23 09:31:24,336 - INFO - 📥 بخش ۱: دریافت ۱۰۰ کانفیگ آخر برای فایل JSON...
2026-08-23 09:31:24,336 - INFO - 📡 دریافت کانفیگ‌ها از https://t.me/s/ConfigsHUB برای فایل JSON
2026-08-23 09:31:25,421 - INFO - ✅ 13 کانفیگ از صفحه دریافت شد
2026-08-23 09:31:25,422 - INFO - 📊 از https://t.me/s/ConfigsHUB: 13 کانفیگ دریافت شد
2026-08-23 09:31:25,422 - INFO - 🔄 بعد از حذف تکراری: 10 کانفیگ برای JSON
2026-08-23 09:31:25,422 - WARNING - ⚠️ تعداد کانفیگ‌ها به 100 رسید (با None پر شد)
2026-08-23 09:31:25,423 - INFO - ✅ دقیقاً 100 کانفیگ در configs.json ذخیره شد
2026-08-23 09:31:25,423 - INFO - ✅ فایل configs.json با 10 کانفیگ واقعی به‌روز شد
2026-08-23 09:31:25,423 - INFO - 📝 نمونه کانفیگ اول: vless://be154d71-04ca-4389-8a89-d14219b25cd7@162.1...
2026-08-23 09:31:25,423 - INFO - 📤 بخش ۲: دریافت کانفیگ‌های جدید برای ارسال به کانال...
2026-08-23 09:31:25,423 - INFO - 📡 دریافت پست‌ها از https://t.me/s/ConfigsHUB برای ارسال به کانال
2026-08-23 09:31:26,267 - INFO - ✅ 20 پست دریافت شد
2026-08-23 09:31:26,269 - INFO - ⏭️ رد کردن پست تکراری: ConfigsHUB/2009331
2026-08-23 09:31:26,269 - INFO - 💾 وضعیت به‌روز شد: ConfigsHUB/2009331
2026-08-23 09:31:26,269 - INFO - 📊 از https://t.me/s/ConfigsHUB: 0 کانفیگ جدید پیدا شد
2026-08-23 09:31:26,269 - INFO - 📊 تعداد کل کانفیگ‌های جدید: 0
2026-08-23 09:31:26,269 - INFO - ℹ️ کانفیگ جدیدی برای ارسال وجود ندارد
2026-08-23 09:31:26,269 - INFO - ==================================================
2026-08-23 09:31:26,269 - INFO - 🏁 اجرای ربات با موفقیت به پایان رسید
2026-08-23 10:27:57,045 - INFO - ==================================================
2026-08-23 10:27:57,045 - INFO - 🚀 شروع اجرای ربات
2026-08-23 10:27:57,045 - INFO - 📥 بخش ۱: دریافت ۱۰۰ کانفیگ آخر برای فایل JSON...
2026-08-23 10:27:57,045 - INFO - 📡 دریافت کانفیگ‌ها از https://t.me/s/ConfigsHUB برای فایل JSON
2026-08-23 10:27:57,689 - INFO - ✅ 13 کانفیگ از صفحه دریافت شد
2026-08-23 10:27:57,690 - INFO - 📊 از https://t.me/s/ConfigsHUB: 13 کانفیگ دریافت شد
2026-08-23 10:27:57,690 - INFO - 🔄 بعد از حذف تکراری: 10 کانفیگ برای JSON
2026-08-23 10:27:57,690 - WARNING - ⚠️ تعداد کانفیگ‌ها به 100 رسید (با None پر شد)
2026-08-23 10:27:57,691 - INFO - ✅ دقیقاً 100 کانفیگ در configs.json ذخیره شد
2026-08-23 10:27:57,691 - INFO - ✅ فایل configs.json با 10 کانفیگ واقعی به‌روز شد
2026-08-23 10:27:57,691 - INFO - 📝 نمونه کانفیگ اول: vless://be154d71-04ca-4389-8a89-d14219b25cd7@162.1...
2026-08-23 10:27:57,691 - INFO - 📤 بخش ۲: دریافت کانفیگ‌های جدید برای ارسال به کانال...
2026-08-23 10:27:57,691 - INFO - 📡 دریافت پست‌ها از https://t.me/s/ConfigsHUB برای ارسال به کانال
2026-08-23 10:27:58,157 - INFO - ✅ 20 پست دریافت شد
2026-08-23 10:27:58,159 - INFO - ⏭️ رد کردن پست تکراری: ConfigsHUB/2009331
2026-08-23 10:27:58,159 - INFO - 💾 وضعیت به‌روز شد: ConfigsHUB/2009331
2026-08-23 10:27:58,159 - INFO - 📊 از https://t.me/s/ConfigsHUB: 0 کانفیگ جدید پیدا شد
2026-08-23 10:27:58,159 - INFO - 📊 تعداد کل کانفیگ‌های جدید: 0
2026-08-23 10:27:58,159 - INFO - ℹ️ کانفیگ جدیدی برای ارسال وجود ندارد
2026-08-23 10:27:58,159 - INFO - ==================================================
2026-08-23 10:27:58,159 - INFO - 🏁 اجرای ربات با موفقیت به پایان رسید
2026-08-23 10:30:27,338 - INFO - ==================================================
2026-08-23 10:30:27,338 - INFO - 🚀 شروع اجرای ربات
2026-08-23 10:30:27,338 - INFO - 📥 بخش ۱: دریافت ۱۰۰ کانفیگ آخر برای فایل JSON...
2026-08-23 10:30:27,338 - INFO - 📡 دریافت کانفیگ‌ها از https://t.me/s/ConfigsHUB برای فایل JSON
2026-08-23 10:30:28,033 - INFO - ✅ 13 کانفیگ از صفحه دریافت شد
2026-08-23 10:30:28,034 - INFO - 📊 از https://t.me/s/ConfigsHUB: 13 کانفیگ دریافت شد
2026-08-23 10:30:28,034 - INFO - 🔄 بعد از حذف تکراری: 10 کانفیگ برای JSON
2026-08-23 10:30:28,034 - WARNING - ⚠️ تعداد کانفیگ‌ها به 100 رسید (با None پر شد)
2026-08-23 10:30:28,034 - INFO - ✅ دقیقاً 100 کانفیگ در configs.json ذخیره شد
2026-08-23 10:30:28,034 - INFO - ✅ فایل configs.json با 10 کانفیگ واقعی به‌روز شد
2026-08-23 10:30:28,034 - INFO - 📝 نمونه کانفیگ اول: vless://be154d71-04ca-4389-8a89-d14219b25cd7@162.1...
2026-08-23 10:30:28,034 - INFO - 📤 بخش ۲: دریافت کانفیگ‌های جدید برای ارسال به کانال...
2026-08-23 10:30:28,034 - INFO - 📡 دریافت پست‌ها از https://t.me/s/ConfigsHUB برای ارسال به کانال
2026-08-23 10:30:28,612 - INFO - ✅ 20 پست دریافت شد
2026-08-23 10:30:28,613 - INFO - ⏭️ رد کردن پست تکراری: ConfigsHUB/2009331
2026-08-23 10:30:28,613 - INFO - 💾 وضعیت به‌روز شد: ConfigsHUB/2009331
2026-08-23 10:30:28,613 - INFO - 📊 از https://t.me/s/ConfigsHUB: 0 کانفیگ جدید پیدا شد
2026-08-23 10:30:28,613 - INFO - 📊 تعداد کل کانفیگ‌های جدید: 0
2026-08-23 10:30:28,613 - INFO - ℹ️ کانفیگ جدیدی برای ارسال وجود ندارد
2026-08-23 10:30:28,613 - INFO - ==================================================
2026-08-23 10:30:28,613 - INFO - 🏁 اجرای ربات با موفقیت به پایان رسید
2026-08-23 11:24:18,133 - INFO - ==================================================
2026-08-23 11:24:18,133 - INFO - 🚀 شروع اجرای ربات
2026-08-23 11:24:18,133 - INFO - 📥 بخش ۱: دریافت ۱۰۰ کانفیگ آخر برای فایل JSON...
2026-08-23 11:24:18,133 - INFO - 📡 دریافت کانفیگ‌ها از https://t.me/s/ConfigsHUB برای فایل JSON
2026-08-23 11:24:34,004 - INFO - ✅ 13 کانفیگ از صفحه دریافت شد
2026-08-23 11:24:34,005 - INFO - 📊 از https://t.me/s/ConfigsHUB: 13 کانفیگ دریافت شد
2026-08-23 11:24:34,005 - INFO - 🔄 بعد از حذف تکراری: 10 کانفیگ برای JSON
2026-08-23 11:24:34,005 - WARNING - ⚠️ تعداد کانفیگ‌ها به 100 رسید (با None پر شد)
2026-08-23 11:24:34,081 - INFO - ✅ دقیقاً 100 کانفیگ در configs.json ذخیره شد
2026-08-23 11:24:34,081 - INFO - ✅ فایل configs.json با 10 کانفیگ واقعی به‌روز شد
2026-08-23 11:24:34,081 - INFO - 📝 نمونه کانفیگ اول: vless://be154d71-04ca-4389-8a89-d14219b25cd7@162.1...
2026-08-23 11:24:34,081 - INFO - 📤 بخش ۲: دریافت کانفیگ‌های جدید برای ارسال به کانال...
2026-08-23 11:24:34,082 - INFO - 📡 دریافت پست‌ها از https://t.me/s/ConfigsHUB برای ارسال به کانال
2026-08-23 11:24:34,689 - INFO - ✅ 20 پست دریافت شد
2026-08-23 11:24:34,691 - INFO - 💾 وضعیت به‌روز شد: ConfigsHUB/2009332
2026-08-23 11:24:34,691 - INFO - 📊 از https://t.me/s/ConfigsHUB: 13 کانفیگ جدید پیدا شد
2026-08-23 11:24:34,691 - INFO - 📊 تعداد کل کانفیگ‌های جدید: 13
2026-08-23 11:24:34,691 - INFO - 📤 ارسال 10 کانفیگ به کانال
2026-08-23 11:24:35,851 - INFO - HTTP Request: POST https://api.telegram.org/bot8316746677:AAF1IzRzODBtCvVWrL6dWtw7F8U3qb4DwXM/sendMessage "HTTP/1.1 200 OK"
2026-08-23 11:24:35,852 - INFO - ✅ پیام 1 از 1 ارسال شد
2026-08-23 11:24:36,854 - INFO - ==================================================
2026-08-23 11:24:36,854 - INFO - 🏁 اجرای ربات با موفقیت به پایان رسید
2026-08-23 11:30:25,904 - INFO - ==================================================
2026-08-23 11:30:25,904 - INFO - 🚀 شروع اجرای ربات
2026-08-23 11:30:25,904 - INFO - 📥 بخش ۱: دریافت ۱۰۰ کانفیگ آخر برای فایل JSON...
2026-08-23 11:30:25,904 - INFO - 📡 دریافت کانفیگ‌ها از https://t.me/s/ConfigsHUB برای فایل JSON
2026-08-23 11:30:26,665 - INFO - ✅ 13 کانفیگ از صفحه دریافت شد
2026-08-23 11:30:26,666 - INFO - 📊 از https://t.me/s/ConfigsHUB: 13 کانفیگ دریافت شد
2026-08-23 11:30:26,666 - INFO - 🔄 بعد از حذف تکراری: 10 کانفیگ برای JSON
2026-08-23 11:30:26,667 - WARNING - ⚠️ تعداد کانفیگ‌ها به 100 رسید (با None پر شد)
2026-08-23 11:30:26,667 - INFO - ✅ دقیقاً 100 کانفیگ در configs.json ذخیره شد
2026-08-23 11:30:26,667 - INFO - ✅ فایل configs.json با 10 کانفیگ واقعی به‌روز شد
2026-08-23 11:30:26,667 - INFO - 📝 نمونه کانفیگ اول: vless://be154d71-04ca-4389-8a89-d14219b25cd7@162.1...
2026-08-23 11:30:26,667 - INFO - 📤 بخش ۲: دریافت کانفیگ‌های جدید برای ارسال به کانال...
2026-08-23 11:30:26,667 - INFO - 📡 دریافت پست‌ها از https://t.me/s/ConfigsHUB برای ارسال به کانال
2026-08-23 11:30:27,122 - INFO - ✅ 20 پست دریافت شد
2026-08-23 11:30:27,123 - INFO - ⏭️ رد کردن پست تکراری: ConfigsHUB/2009332
2026-08-23 11:30:27,123 - INFO - 💾 وضعیت به‌روز شد: ConfigsHUB/2009332
2026-08-23 11:30:27,123 - INFO - 📊 از https://t.me/s/ConfigsHUB: 0 کانفیگ جدید پیدا شد
2026-08-23 11:30:27,124 - INFO - 📊 تعداد کل کانفیگ‌های جدید: 0
2026-08-23 11:30:27,124 - INFO - ℹ️ کانفیگ جدیدی برای ارسال وجود ندارد
2026-08-23 11:30:27,124 - INFO - ==================================================
2026-08-23 11:30:27,124 - INFO - 🏁 اجرای ربات با موفقیت به پایان رسید
2026-08-23 12:30:30,666 - INFO - ==================================================
2026-08-23 12:30:30,666 - INFO - 🚀 شروع اجرای ربات
2026-08-23 12:30:30,666 - INFO - 📥 بخش ۱: دریافت ۱۰۰ کانفیگ آخر برای فایل JSON...
2026-08-23 12:30:30,666 - INFO - 📡 دریافت کانفیگ‌ها از https://t.me/s/ConfigsHUB برای فایل JSON
2026-08-23 12:30:31,360 - INFO - ✅ 13 کانفیگ از صفحه دریافت شد
2026-08-23 12:30:31,361 - INFO - 📊 از https://t.me/s/ConfigsHUB: 13 کانفیگ دریافت شد
2026-08-23 12:30:31,362 - INFO - 🔄 بعد از حذف تکراری: 10 کانفیگ برای JSON
2026-08-23 12:30:31,362 - WARNING - ⚠️ تعداد کانفیگ‌ها به 100 رسید (با None پر شد)
2026-08-23 12:30:31,362 - INFO - ✅ دقیقاً 100 کانفیگ در configs.json ذخیره شد
2026-08-23 12:30:31,362 - INFO - ✅ فایل configs.json با 10 کانفیگ واقعی به‌روز شد
2026-08-23 12:30:31,362 - INFO - 📝 نمونه کانفیگ اول: vless://be154d71-04ca-4389-8a89-d14219b25cd7@162.1...
2026-08-23 12:30:31,362 - INFO - 📤 بخش ۲: دریافت کانفیگ‌های جدید برای ارسال به کانال...
2026-08-23 12:30:31,362 - INFO - 📡 دریافت پست‌ها از https://t.me/s/ConfigsHUB برای ارسال به کانال
2026-08-23 12:30:31,951 - INFO - ✅ 20 پست دریافت شد
2026-08-23 12:30:31,952 - INFO - ⏭️ رد کردن پست تکراری: ConfigsHUB/2009332
2026-08-23 12:30:31,952 - INFO - 💾 وضعیت به‌روز شد: ConfigsHUB/2009332
2026-08-23 12:30:31,952 - INFO - 📊 از https://t.me/s/ConfigsHUB: 0 کانفیگ جدید پیدا شد
2026-08-23 12:30:31,952 - INFO - 📊 تعداد کل کانفیگ‌های جدید: 0
2026-08-23 12:30:31,952 - INFO - ℹ️ کانفیگ جدیدی برای ارسال وجود ندارد
2026-08-23 12:30:31,952 - INFO - ==================================================
2026-08-23 12:30:31,952 - INFO - 🏁 اجرای ربات با موفقیت به پایان رسید
2026-08-23 12:48:06,978 - INFO - ==================================================
2026-08-23 12:48:06,978 - INFO - 🚀 شروع اجرای ربات
2026-08-23 12:48:06,978 - INFO - 📥 بخش ۱: دریافت ۱۰۰ کانفیگ آخر برای فایل JSON...
2026-08-23 12:48:06,979 - INFO - 📡 دریافت کانفیگ‌ها از https://t.me/s/ConfigsHUB برای فایل JSON
2026-08-23 12:48:07,591 - INFO - ✅ 13 کانفیگ از صفحه دریافت شد
2026-08-23 12:48:07,592 - INFO - 📊 از https://t.me/s/ConfigsHUB: 13 کانفیگ دریافت شد
2026-08-23 12:48:07,592 - INFO - 🔄 بعد از حذف تکراری: 10 کانفیگ برای JSON
2026-08-23 12:48:07,592 - WARNING - ⚠️ تعداد کانفیگ‌ها به 100 رسید (با None پر شد)
2026-08-23 12:48:07,592 - INFO - ✅ دقیقاً 100 کانفیگ در configs.json ذخیره شد
2026-08-23 12:48:07,592 - INFO - ✅ فایل configs.json با 10 کانفیگ واقعی به‌روز شد
2026-08-23 12:48:07,592 - INFO - 📝 نمونه کانفیگ اول: vless://be154d71-04ca-4389-8a89-d14219b25cd7@162.1...
2026-08-23 12:48:07,592 - INFO - 📤 بخش ۲: دریافت کانفیگ‌های جدید برای ارسال به کانال...
2026-08-23 12:48:07,592 - INFO - 📡 دریافت پست‌ها از https://t.me/s/ConfigsHUB برای ارسال به کانال
2026-08-23 12:48:08,145 - INFO - ✅ 20 پست دریافت شد
2026-08-23 12:48:08,146 - INFO - ⏭️ رد کردن پست تکراری: ConfigsHUB/2009332
2026-08-23 12:48:08,146 - INFO - 💾 وضعیت به‌روز شد: ConfigsHUB/2009332
2026-08-23 12:48:08,146 - INFO - 📊 از https://t.me/s/ConfigsHUB: 0 کانفیگ جدید پیدا شد
2026-08-23 12:48:08,146 - INFO - 📊 تعداد کل کانفیگ‌های جدید: 0
2026-08-23 12:48:08,146 - INFO - ℹ️ کانفیگ جدیدی برای ارسال وجود ندارد
2026-08-23 12:48:08,146 - INFO - ==================================================
2026-08-23 12:48:08,146 - INFO - 🏁 اجرای ربات با موفقیت به پایان رسید
2026-08-23 13:30:29,258 - INFO - ==================================================
2026-08-23 13:30:29,258 - INFO - 🚀 شروع اجرای ربات
2026-08-23 13:30:29,258 - INFO - 📥 بخش ۱: دریافت ۱۰۰ کانفیگ آخر برای فایل JSON...
2026-08-23 13:30:29,258 - INFO - 📡 دریافت کانفیگ‌ها از https://t.me/s/ConfigsHUB برای فایل JSON
2026-08-23 13:30:29,782 - INFO - ✅ 13 کانفیگ از صفحه دریافت شد
2026-08-23 13:30:29,784 - INFO - 📊 از https://t.me/s/ConfigsHUB: 13 کانفیگ دریافت شد
2026-08-23 13:30:29,784 - INFO - 🔄 بعد از حذف تکراری: 10 کانفیگ برای JSON
2026-08-23 13:30:29,784 - WARNING - ⚠️ تعداد کانفیگ‌ها به 100 رسید (با None پر شد)
2026-08-23 13:30:29,784 - INFO - ✅ دقیقاً 100 کانفیگ در configs.json ذخیره شد
2026-08-23 13:30:29,784 - INFO - ✅ فایل configs.json با 10 کانفیگ واقعی به‌روز شد
2026-08-23 13:30:29,784 - INFO - 📝 نمونه کانفیگ اول: vless://be154d71-04ca-4389-8a89-d14219b25cd7@162.1...
2026-08-23 13:30:29,784 - INFO - 📤 بخش ۲: دریافت کانفیگ‌های جدید برای ارسال به کانال...
2026-08-23 13:30:29,785 - INFO - 📡 دریافت پست‌ها از https://t.me/s/ConfigsHUB برای ارسال به کانال
2026-08-23 13:30:30,278 - INFO - ✅ 20 پست دریافت شد
2026-08-23 13:30:30,279 - INFO - ⏭️ رد کردن پست تکراری: ConfigsHUB/2009332
2026-08-23 13:30:30,279 - INFO - 💾 وضعیت به‌روز شد: ConfigsHUB/2009332
2026-08-23 13:30:30,279 - INFO - 📊 از https://t.me/s/ConfigsHUB: 0 کانفیگ جدید پیدا شد
2026-08-23 13:30:30,279 - INFO - 📊 تعداد کل کانفیگ‌های جدید: 0
2026-08-23 13:30:30,279 - INFO - ℹ️ کانفیگ جدیدی برای ارسال وجود ندارد
2026-08-23 13:30:30,279 - INFO - ==================================================
2026-08-23 13:30:30,279 - INFO - 🏁 اجرای ربات با موفقیت به پایان رسید
2026-08-23 13:35:12,438 - INFO - ==================================================
2026-08-23 13:35:12,438 - INFO - 🚀 شروع اجرای ربات
2026-08-23 13:35:12,438 - INFO - 📥 بخش ۱: دریافت ۱۰۰ کانفیگ آخر برای فایل JSON...
2026-08-23 13:35:12,438 - INFO - 📡 دریافت کانفیگ‌ها از https://t.me/s/ConfigsHUB برای فایل JSON
2026-08-23 13:35:12,887 - INFO - ✅ 13 کانفیگ از صفحه دریافت شد
2026-08-23 13:35:12,888 - INFO - 📊 از https://t.me/s/ConfigsHUB: 13 کانفیگ دریافت شد
2026-08-23 13:35:12,889 - INFO - 🔄 بعد از حذف تکراری: 10 کانفیگ برای JSON
2026-08-23 13:35:12,889 - WARNING - ⚠️ تعداد کانفیگ‌ها به 100 رسید (با None پر شد)
2026-08-23 13:35:12,889 - INFO - ✅ دقیقاً 100 کانفیگ در configs.json ذخیره شد
2026-08-23 13:35:12,889 - INFO - ✅ فایل configs.json با 10 کانفیگ واقعی به‌روز شد
2026-08-23 13:35:12,889 - INFO - 📝 نمونه کانفیگ اول: vless://be154d71-04ca-4389-8a89-d14219b25cd7@162.1...
2026-08-23 13:35:12,889 - INFO - 📤 بخش ۲: دریافت کانفیگ‌های جدید برای ارسال به کانال...
2026-08-23 13:35:12,889 - INFO - 📡 دریافت پست‌ها از https://t.me/s/ConfigsHUB برای ارسال به کانال
2026-08-23 13:35:13,357 - INFO - ✅ 20 پست دریافت شد
2026-08-23 13:35:13,358 - INFO - ⏭️ رد کردن پست تکراری: ConfigsHUB/2009332
2026-08-23 13:35:13,358 - INFO - 💾 وضعیت به‌روز شد: ConfigsHUB/2009332
2026-08-23 13:35:13,358 - INFO - 📊 از https://t.me/s/ConfigsHUB: 0 کانفیگ جدید پیدا شد
2026-08-23 13:35:13,359 - INFO - 📊 تعداد کل کانفیگ‌های جدید: 0
2026-08-23 13:35:13,359 - INFO - ℹ️ کانفیگ جدیدی برای ارسال وجود ندارد
2026-08-23 13:35:13,359 - INFO - ==================================================
2026-08-23 13:35:13,359 - INFO - 🏁 اجرای ربات با موفقیت به پایان رسید
2026-08-23 14:27:07,934 - INFO - ==================================================
2026-08-23 14:27:07,934 - INFO - 🚀 شروع اجرای ربات
2026-08-23 14:27:07,934 - INFO - 📥 بخش ۱: دریافت ۱۰۰ کانفیگ آخر برای فایل JSON...
2026-08-23 14:27:07,934 - INFO - 📡 دریافت کانفیگ‌ها از https://t.me/s/ConfigsHUB برای فایل JSON
2026-08-23 14:27:08,374 - INFO - ✅ 6 کانفیگ از صفحه دریافت شد
2026-08-23 14:27:08,375 - INFO - 📊 از https://t.me/s/ConfigsHUB: 6 کانفیگ دریافت شد
2026-08-23 14:27:08,375 - INFO - 🔄 بعد از حذف تکراری: 5 کانفیگ برای JSON
2026-08-23 14:27:08,375 - WARNING - ⚠️ تعداد کانفیگ‌ها به 100 رسید (با None پر شد)
2026-08-23 14:27:08,375 - INFO - ✅ دقیقاً 100 کانفیگ در configs.json ذخیره شد
2026-08-23 14:27:08,375 - INFO - ✅ فایل configs.json با 5 کانفیگ واقعی به‌روز شد
2026-08-23 14:27:08,375 - INFO - 📝 نمونه کانفیگ اول: ss://Y2hhY2hhMjAtaWV0Zi1wb2x5MTMwNTpfY0hnWGw2elJMO...
2026-08-23 14:27:08,375 - INFO - 📤 بخش ۲: دریافت کانفیگ‌های جدید برای ارسال به کانال...
2026-08-23 14:27:08,376 - INFO - 📡 دریافت پست‌ها از https://t.me/s/ConfigsHUB برای ارسال به کانال
2026-08-23 14:27:08,780 - INFO - ✅ 20 پست دریافت شد
2026-08-23 14:27:08,781 - INFO - 💾 وضعیت به‌روز شد: ConfigsHUB/2009341
2026-08-23 14:27:08,781 - INFO - 📊 از https://t.me/s/ConfigsHUB: 6 کانفیگ جدید پیدا شد
2026-08-23 14:27:08,781 - INFO - 📊 تعداد کل کانفیگ‌های جدید: 6
2026-08-23 14:27:08,781 - INFO - 📤 ارسال 5 کانفیگ به کانال
2026-08-23 14:27:09,230 - INFO - HTTP Request: POST https://api.telegram.org/bot8316746677:AAF1IzRzODBtCvVWrL6dWtw7F8U3qb4DwXM/sendMessage "HTTP/1.1 200 OK"
2026-08-23 14:27:09,231 - INFO - ✅ پیام 1 از 1 ارسال شد
2026-08-23 14:27:10,233 - INFO - ==================================================
2026-08-23 14:27:10,233 - INFO - 🏁 اجرای ربات با موفقیت به پایان رسید
2026-08-23 14:30:27,426 - INFO - ==================================================
2026-08-23 14:30:27,426 - INFO - 🚀 شروع اجرای ربات
2026-08-23 14:30:27,426 - INFO - 📥 بخش ۱: دریافت ۱۰۰ کانفیگ آخر برای فایل JSON...
2026-08-23 14:30:27,427 - INFO - 📡 دریافت کانفیگ‌ها از https://t.me/s/ConfigsHUB برای فایل JSON
2026-08-23 14:30:27,926 - INFO - ✅ 6 کانفیگ از صفحه دریافت شد
2026-08-23 14:30:27,927 - INFO - 📊 از https://t.me/s/ConfigsHUB: 6 کانفیگ دریافت شد
2026-08-23 14:30:27,927 - INFO - 🔄 بعد از حذف تکراری: 5 کانفیگ برای JSON
2026-08-23 14:30:27,927 - WARNING - ⚠️ تعداد کانفیگ‌ها به 100 رسید (با None پر شد)
2026-08-23 14:30:27,928 - INFO - ✅ دقیقاً 100 کانفیگ در configs.json ذخیره شد
2026-08-23 14:30:27,928 - INFO - ✅ فایل configs.json با 5 کانفیگ واقعی به‌روز شد
2026-08-23 14:30:27,928 - INFO - 📝 نمونه کانفیگ اول: ss://Y2hhY2hhMjAtaWV0Zi1wb2x5MTMwNTpfY0hnWGw2elJMO...
2026-08-23 14:30:27,928 - INFO - 📤 بخش ۲: دریافت کانفیگ‌های جدید برای ارسال به کانال...
2026-08-23 14:30:27,928 - INFO - 📡 دریافت پست‌ها از https://t.me/s/ConfigsHUB برای ارسال به کانال
2026-08-23 14:30:28,412 - INFO - ✅ 20 پست دریافت شد
2026-08-23 14:30:28,413 - INFO - ⏭️ رد کردن پست تکراری: ConfigsHUB/2009341
2026-08-23 14:30:28,413 - INFO - 💾 وضعیت به‌روز شد: ConfigsHUB/2009341
2026-08-23 14:30:28,413 - INFO - 📊 از https://t.me/s/ConfigsHUB: 0 کانفیگ جدید پیدا شد
2026-08-23 14:30:28,413 - INFO - 📊 تعداد کل کانفیگ‌های جدید: 0
2026-08-23 14:30:28,413 - INFO - ℹ️ کانفیگ جدیدی برای ارسال وجود ندارد
2026-08-23 14:30:28,413 - INFO - ==================================================
2026-08-23 14:30:28,414 - INFO - 🏁 اجرای ربات با موفقیت به پایان رسید
2026-08-23 15:26:22,405 - INFO - ==================================================
2026-08-23 15:26:22,405 - INFO - 🚀 شروع اجرای ربات
2026-08-23 15:26:22,405 - INFO - 📥 بخش ۱: دریافت ۱۰۰ کانفیگ آخر برای فایل JSON...
2026-08-23 15:26:22,405 - INFO - 📡 دریافت کانفیگ‌ها از https://t.me/s/ConfigsHUB برای فایل JSON
2026-08-23 15:26:22,850 - INFO - ✅ 5 کانفیگ از صفحه دریافت شد
2026-08-23 15:26:22,851 - INFO - 📊 از https://t.me/s/ConfigsHUB: 5 کانفیگ دریافت شد
2026-08-23 15:26:22,851 - INFO - 🔄 بعد از حذف تکراری: 4 کانفیگ برای JSON
2026-08-23 15:26:22,851 - WARNING - ⚠️ تعداد کانفیگ‌ها به 100 رسید (با None پر شد)
2026-08-23 15:26:22,851 - INFO - ✅ دقیقاً 100 کانفیگ در configs.json ذخیره شد
2026-08-23 15:26:22,852 - INFO - ✅ فایل configs.json با 4 کانفیگ واقعی به‌روز شد
2026-08-23 15:26:22,852 - INFO - 📝 نمونه کانفیگ اول: vless://e7961655-9674-4cbd-a36f-ec0d5d7d660c@one-f...
2026-08-23 15:26:22,852 - INFO - 📤 بخش ۲: دریافت کانفیگ‌های جدید برای ارسال به کانال...
2026-08-23 15:26:22,852 - INFO - 📡 دریافت پست‌ها از https://t.me/s/ConfigsHUB برای ارسال به کانال
2026-08-23 15:26:23,458 - INFO - ✅ 20 پست دریافت شد
2026-08-23 15:26:23,459 - INFO - 💾 وضعیت به‌روز شد: ConfigsHUB/2009342
2026-08-23 15:26:23,459 - INFO - 📊 از https://t.me/s/ConfigsHUB: 5 کانفیگ جدید پیدا شد
2026-08-23 15:26:23,460 - INFO - 📊 تعداد کل کانفیگ‌های جدید: 5
2026-08-23 15:26:23,460 - INFO - 📤 ارسال 4 کانفیگ به کانال
2026-08-23 15:26:23,885 - INFO - HTTP Request: POST https://api.telegram.org/bot8316746677:AAF1IzRzODBtCvVWrL6dWtw7F8U3qb4DwXM/sendMessage "HTTP/1.1 200 OK"
2026-08-23 15:26:23,886 - INFO - ✅ پیام 1 از 1 ارسال شد
2026-08-23 15:26:24,887 - INFO - ==================================================
2026-08-23 15:26:24,887 - INFO - 🏁 اجرای ربات با موفقیت به پایان رسید
2026-08-23 15:30:28,861 - INFO - ==================================================
2026-08-23 15:30:28,861 - INFO - 🚀 شروع اجرای ربات
2026-08-23 15:30:28,861 - INFO - 📥 بخش ۱: دریافت ۱۰۰ کانفیگ آخر برای فایل JSON...
2026-08-23 15:30:28,861 - INFO - 📡 دریافت کانفیگ‌ها از https://t.me/s/ConfigsHUB برای فایل JSON
2026-08-23 15:30:29,528 - INFO - ✅ 5 کانفیگ از صفحه دریافت شد
2026-08-23 15:30:29,530 - INFO - 📊 از https://t.me/s/ConfigsHUB: 5 کانفیگ دریافت شد
2026-08-23 15:30:29,530 - INFO - 🔄 بعد از حذف تکراری: 4 کانفیگ برای JSON
2026-08-23 15:30:29,530 - WARNING - ⚠️ تعداد کانفیگ‌ها به 100 رسید (با None پر شد)
2026-08-23 15:30:29,530 - INFO - ✅ دقیقاً 100 کانفیگ در configs.json ذخیره شد
2026-08-23 15:30:29,531 - INFO - ✅ فایل configs.json با 4 کانفیگ واقعی به‌روز شد
2026-08-23 15:30:29,531 - INFO - 📝 نمونه کانفیگ اول: vless://e7961655-9674-4cbd-a36f-ec0d5d7d660c@one-f...
2026-08-23 15:30:29,531 - INFO - 📤 بخش ۲: دریافت کانفیگ‌های جدید برای ارسال به کانال...
2026-08-23 15:30:29,531 - INFO - 📡 دریافت پست‌ها از https://t.me/s/ConfigsHUB برای ارسال به کانال
2026-08-23 15:30:30,144 - INFO - ✅ 20 پست دریافت شد
2026-08-23 15:30:30,145 - INFO - ⏭️ رد کردن پست تکراری: ConfigsHUB/2009342
2026-08-23 15:30:30,145 - INFO - 💾 وضعیت به‌روز شد: ConfigsHUB/2009342
2026-08-23 15:30:30,145 - INFO - 📊 از https://t.me/s/ConfigsHUB: 0 کانفیگ جدید پیدا شد
2026-08-23 15:30:30,145 - INFO - 📊 تعداد کل کانفیگ‌های جدید: 0
2026-08-23 15:30:30,146 - INFO - ℹ️ کانفیگ جدیدی برای ارسال وجود ندارد
2026-08-23 15:30:30,146 - INFO - ==================================================
2026-08-23 15:30:30,146 - INFO - 🏁 اجرای ربات با موفقیت به پایان رسید
2026-08-23 16:30:15,163 - INFO - ==================================================
2026-08-23 16:30:15,163 - INFO - 🚀 شروع اجرای ربات
2026-08-23 16:30:15,163 - INFO - 📥 بخش ۱: دریافت ۱۰۰ کانفیگ آخر برای فایل JSON...
2026-08-23 16:30:15,163 - INFO - 📡 دریافت کانفیگ‌ها از https://t.me/s/ConfigsHUB برای فایل JSON
2026-08-23 16:30:15,674 - INFO - ✅ 5 کانفیگ از صفحه دریافت شد
2026-08-23 16:30:15,675 - INFO - 📊 از https://t.me/s/ConfigsHUB: 5 کانفیگ دریافت شد
2026-08-23 16:30:15,675 - INFO - 🔄 بعد از حذف تکراری: 4 کانفیگ برای JSON
2026-08-23 16:30:15,675 - WARNING - ⚠️ تعداد کانفیگ‌ها به 100 رسید (با None پر شد)
2026-08-23 16:30:15,676 - INFO - ✅ دقیقاً 100 کانفیگ در configs.json ذخیره شد
2026-08-23 16:30:15,676 - INFO - ✅ فایل configs.json با 4 کانفیگ واقعی به‌روز شد
2026-08-23 16:30:15,676 - INFO - 📝 نمونه کانفیگ اول: vless://e7961655-9674-4cbd-a36f-ec0d5d7d660c@one-f...
2026-08-23 16:30:15,676 - INFO - 📤 بخش ۲: دریافت کانفیگ‌های جدید برای ارسال به کانال...
2026-08-23 16:30:15,676 - INFO - 📡 دریافت پست‌ها از https://t.me/s/ConfigsHUB برای ارسال به کانال
2026-08-23 16:30:16,126 - INFO - ✅ 20 پست دریافت شد
2026-08-23 16:30:16,127 - INFO - ⏭️ رد کردن پست تکراری: ConfigsHUB/2009342
2026-08-23 16:30:16,128 - INFO - 💾 وضعیت به‌روز شد: ConfigsHUB/2009342
2026-08-23 16:30:16,128 - INFO - 📊 از https://t.me/s/ConfigsHUB: 0 کانفیگ جدید پیدا شد
2026-08-23 16:30:16,128 - INFO - 📊 تعداد کل کانفیگ‌های جدید: 0
2026-08-23 16:30:16,128 - INFO - ℹ️ کانفیگ جدیدی برای ارسال وجود ندارد
2026-08-23 16:30:16,128 - INFO - ==================================================
2026-08-23 16:30:16,128 - INFO - 🏁 اجرای ربات با موفقیت به پایان رسید
2026-08-23 16:30:31,501 - INFO - ==================================================
2026-08-23 16:30:31,501 - INFO - 🚀 شروع اجرای ربات
2026-08-23 16:30:31,501 - INFO - 📥 بخش ۱: دریافت ۱۰۰ کانفیگ آخر برای فایل JSON...
2026-08-23 16:30:31,501 - INFO - 📡 دریافت کانفیگ‌ها از https://t.me/s/ConfigsHUB برای فایل JSON
2026-08-23 16:30:32,013 - INFO - ✅ 5 کانفیگ از صفحه دریافت شد
2026-08-23 16:30:32,014 - INFO - 📊 از https://t.me/s/ConfigsHUB: 5 کانفیگ دریافت شد
2026-08-23 16:30:32,015 - INFO - 🔄 بعد از حذف تکراری: 4 کانفیگ برای JSON
2026-08-23 16:30:32,015 - WARNING - ⚠️ تعداد کانفیگ‌ها به 100 رسید (با None پر شد)
2026-08-23 16:30:32,015 - INFO - ✅ دقیقاً 100 کانفیگ در configs.json ذخیره شد
2026-08-23 16:30:32,015 - INFO - ✅ فایل configs.json با 4 کانفیگ واقعی به‌روز شد
2026-08-23 16:30:32,015 - INFO - 📝 نمونه کانفیگ اول: vless://e7961655-9674-4cbd-a36f-ec0d5d7d660c@one-f...
2026-08-23 16:30:32,015 - INFO - 📤 بخش ۲: دریافت کانفیگ‌های جدید برای ارسال به کانال...
2026-08-23 16:30:32,015 - INFO - 📡 دریافت پست‌ها از https://t.me/s/ConfigsHUB برای ارسال به کانال
2026-08-23 16:30:32,446 - INFO - ✅ 20 پست دریافت شد
2026-08-23 16:30:32,447 - INFO - ⏭️ رد کردن پست تکراری: ConfigsHUB/2009342
2026-08-23 16:30:32,447 - INFO - 💾 وضعیت به‌روز شد: ConfigsHUB/2009342
2026-08-23 16:30:32,447 - INFO - 📊 از https://t.me/s/ConfigsHUB: 0 کانفیگ جدید پیدا شد
2026-08-23 16:30:32,448 - INFO - 📊 تعداد کل کانفیگ‌های جدید: 0
2026-08-23 16:30:32,448 - INFO - ℹ️ کانفیگ جدیدی برای ارسال وجود ندارد
2026-08-23 16:30:32,448 - INFO - ==================================================
2026-08-23 16:30:32,448 - INFO - 🏁 اجرای ربات با موفقیت به پایان رسید
2026-08-23 17:23:24,079 - INFO - ==================================================
2026-08-23 17:23:24,079 - INFO - 🚀 شروع اجرای ربات
2026-08-23 17:23:24,079 - INFO - 📥 بخش ۱: دریافت ۱۰۰ کانفیگ آخر برای فایل JSON...
2026-08-23 17:23:24,080 - INFO - 📡 دریافت کانفیگ‌ها از https://t.me/s/ConfigsHUB برای فایل JSON
2026-08-23 17:23:31,406 - INFO - ✅ 5 کانفیگ از صفحه دریافت شد
2026-08-23 17:23:31,407 - INFO - 📊 از https://t.me/s/ConfigsHUB: 5 کانفیگ دریافت شد
2026-08-23 17:23:31,407 - INFO - 🔄 بعد از حذف تکراری: 4 کانفیگ برای JSON
2026-08-23 17:23:31,408 - WARNING - ⚠️ تعداد کانفیگ‌ها به 100 رسید (با None پر شد)
2026-08-23 17:23:31,408 - INFO - ✅ دقیقاً 100 کانفیگ در configs.json ذخیره شد
2026-08-23 17:23:31,408 - INFO - ✅ فایل configs.json با 4 کانفیگ واقعی به‌روز شد
2026-08-23 17:23:31,408 - INFO - 📝 نمونه کانفیگ اول: vless://e7961655-9674-4cbd-a36f-ec0d5d7d660c@one-f...
2026-08-23 17:23:31,408 - INFO - 📤 بخش ۲: دریافت کانفیگ‌های جدید برای ارسال به کانال...
2026-08-23 17:23:31,408 - INFO - 📡 دریافت پست‌ها از https://t.me/s/ConfigsHUB برای ارسال به کانال
2026-08-23 17:23:43,979 - INFO - ✅ 20 پست دریافت شد
2026-08-23 17:23:43,980 - INFO - ⏭️ رد کردن پست تکراری: ConfigsHUB/2009342
2026-08-23 17:23:43,980 - INFO - 💾 وضعیت به‌روز شد: ConfigsHUB/2009342
2026-08-23 17:23:43,980 - INFO - 📊 از https://t.me/s/ConfigsHUB: 0 کانفیگ جدید پیدا شد
2026-08-23 17:23:43,980 - INFO - 📊 تعداد کل کانفیگ‌های جدید: 0
2026-08-23 17:23:43,980 - INFO - ℹ️ کانفیگ جدیدی برای ارسال وجود ندارد
2026-08-23 17:23:43,980 - INFO - ==================================================
2026-08-23 17:23:43,980 - INFO - 🏁 اجرای ربات با موفقیت به پایان رسید
2026-08-23 17:30:28,871 - INFO - ==================================================
2026-08-23 17:30:28,871 - INFO - 🚀 شروع اجرای ربات
2026-08-23 17:30:28,872 - INFO - 📥 بخش ۱: دریافت ۱۰۰ کانفیگ آخر برای فایل JSON...
2026-08-23 17:30:28,872 - INFO - 📡 دریافت کانفیگ‌ها از https://t.me/s/ConfigsHUB برای فایل JSON
2026-08-23 17:30:30,464 - INFO - ✅ 5 کانفیگ از صفحه دریافت شد
2026-08-23 17:30:30,465 - INFO - 📊 از https://t.me/s/ConfigsHUB: 5 کانفیگ دریافت شد
2026-08-23 17:30:30,465 - INFO - 🔄 بعد از حذف تکراری: 4 کانفیگ برای JSON
2026-08-23 17:30:30,465 - WARNING - ⚠️ تعداد کانفیگ‌ها به 100 رسید (با None پر شد)
2026-08-23 17:30:30,466 - INFO - ✅ دقیقاً 100 کانفیگ در configs.json ذخیره شد
2026-08-23 17:30:30,466 - INFO - ✅ فایل configs.json با 4 کانفیگ واقعی به‌روز شد
2026-08-23 17:30:30,466 - INFO - 📝 نمونه کانفیگ اول: vless://e7961655-9674-4cbd-a36f-ec0d5d7d660c@one-f...
2026-08-23 17:30:30,466 - INFO - 📤 بخش ۲: دریافت کانفیگ‌های جدید برای ارسال به کانال...
2026-08-23 17:30:30,466 - INFO - 📡 دریافت پست‌ها از https://t.me/s/ConfigsHUB برای ارسال به کانال
2026-08-23 17:30:33,188 - INFO - ✅ 20 پست دریافت شد
2026-08-23 17:30:33,189 - INFO - ⏭️ رد کردن پست تکراری: ConfigsHUB/2009342
2026-08-23 17:30:33,189 - INFO - 💾 وضعیت به‌روز شد: ConfigsHUB/2009342
2026-08-23 17:30:33,189 - INFO - 📊 از https://t.me/s/ConfigsHUB: 0 کانفیگ جدید پیدا شد
2026-08-23 17:30:33,190 - INFO - 📊 تعداد کل کانفیگ‌های جدید: 0
2026-08-23 17:30:33,190 - INFO - ℹ️ کانفیگ جدیدی برای ارسال وجود ندارد
2026-08-23 17:30:33,190 - INFO - ==================================================
2026-08-23 17:30:33,190 - INFO - 🏁 اجرای ربات با موفقیت به پایان رسید
2026-08-23 18:30:29,493 - INFO - ==================================================
2026-08-23 18:30:29,494 - INFO - 🚀 شروع اجرای ربات
2026-08-23 18:30:29,494 - INFO - 📥 بخش ۱: دریافت ۱۰۰ کانفیگ آخر برای فایل JSON...
2026-08-23 18:30:29,494 - INFO - 📡 دریافت کانفیگ‌ها از https://t.me/s/ConfigsHUB برای فایل JSON
2026-08-23 18:30:30,009 - INFO - ✅ 5 کانفیگ از صفحه دریافت شد
2026-08-23 18:30:30,010 - INFO - 📊 از https://t.me/s/ConfigsHUB: 5 کانفیگ دریافت شد
2026-08-23 18:30:30,010 - INFO - 🔄 بعد از حذف تکراری: 4 کانفیگ برای JSON
2026-08-23 18:30:30,010 - WARNING - ⚠️ تعداد کانفیگ‌ها به 100 رسید (با None پر شد)
2026-08-23 18:30:30,011 - INFO - ✅ دقیقاً 100 کانفیگ در configs.json ذخیره شد
2026-08-23 18:30:30,011 - INFO - ✅ فایل configs.json با 4 کانفیگ واقعی به‌روز شد
2026-08-23 18:30:30,011 - INFO - 📝 نمونه کانفیگ اول: vless://e7961655-9674-4cbd-a36f-ec0d5d7d660c@one-f...
2026-08-23 18:30:30,011 - INFO - 📤 بخش ۲: دریافت کانفیگ‌های جدید برای ارسال به کانال...
2026-08-23 18:30:30,011 - INFO - 📡 دریافت پست‌ها از https://t.me/s/ConfigsHUB برای ارسال به کانال
2026-08-23 18:30:32,198 - INFO - ✅ 20 پست دریافت شد
2026-08-23 18:30:32,198 - INFO - ⏭️ رد کردن پست تکراری: ConfigsHUB/2009342
2026-08-23 18:30:32,199 - INFO - 💾 وضعیت به‌روز شد: ConfigsHUB/2009342
2026-08-23 18:30:32,199 - INFO - 📊 از https://t.me/s/ConfigsHUB: 0 کانفیگ جدید پیدا شد
2026-08-23 18:30:32,199 - INFO - 📊 تعداد کل کانفیگ‌های جدید: 0
2026-08-23 18:30:32,199 - INFO - ℹ️ کانفیگ جدیدی برای ارسال وجود ندارد
2026-08-23 18:30:32,199 - INFO - ==================================================
2026-08-23 18:30:32,199 - INFO - 🏁 اجرای ربات با موفقیت به پایان رسید
2026-08-23 18:34:47,992 - INFO - ==================================================
2026-08-23 18:34:47,992 - INFO - 🚀 شروع اجرای ربات
2026-08-23 18:34:47,992 - INFO - 📥 بخش ۱: دریافت ۱۰۰ کانفیگ آخر برای فایل JSON...
2026-08-23 18:34:47,992 - INFO - 📡 دریافت کانفیگ‌ها از https://t.me/s/ConfigsHUB برای فایل JSON
2026-08-23 18:34:52,520 - INFO - ✅ 5 کانفیگ از صفحه دریافت شد
2026-08-23 18:34:52,521 - INFO - 📊 از https://t.me/s/ConfigsHUB: 5 کانفیگ دریافت شد
2026-08-23 18:34:52,521 - INFO - 🔄 بعد از حذف تکراری: 4 کانفیگ برای JSON
2026-08-23 18:34:52,521 - WARNING - ⚠️ تعداد کانفیگ‌ها به 100 رسید (با None پر شد)
2026-08-23 18:34:52,522 - INFO - ✅ دقیقاً 100 کانفیگ در configs.json ذخیره شد
2026-08-23 18:34:52,522 - INFO - ✅ فایل configs.json با 4 کانفیگ واقعی به‌روز شد
2026-08-23 18:34:52,522 - INFO - 📝 نمونه کانفیگ اول: vless://e7961655-9674-4cbd-a36f-ec0d5d7d660c@one-f...
2026-08-23 18:34:52,522 - INFO - 📤 بخش ۲: دریافت کانفیگ‌های جدید برای ارسال به کانال...
2026-08-23 18:34:52,522 - INFO - 📡 دریافت پست‌ها از https://t.me/s/ConfigsHUB برای ارسال به کانال
2026-08-23 18:34:56,740 - INFO - ✅ 20 پست دریافت شد
2026-08-23 18:34:56,741 - INFO - ⏭️ رد کردن پست تکراری: ConfigsHUB/2009342
2026-08-23 18:34:56,741 - INFO - 💾 وضعیت به‌روز شد: ConfigsHUB/2009342
2026-08-23 18:34:56,741 - INFO - 📊 از https://t.me/s/ConfigsHUB: 0 کانفیگ جدید پیدا شد
2026-08-23 18:34:56,741 - INFO - 📊 تعداد کل کانفیگ‌های جدید: 0
2026-08-23 18:34:56,741 - INFO - ℹ️ کانفیگ جدیدی برای ارسال وجود ندارد
2026-08-23 18:34:56,741 - INFO - ==================================================
2026-08-23 18:34:56,741 - INFO - 🏁 اجرای ربات با موفقیت به پایان رسید
2026-08-23 19:24:56,135 - INFO - ==================================================
2026-08-23 19:24:56,135 - INFO - 🚀 شروع اجرای ربات
2026-08-23 19:24:56,135 - INFO - 📥 بخش ۱: دریافت ۱۰۰ کانفیگ آخر برای فایل JSON...
2026-08-23 19:24:56,135 - INFO - 📡 دریافت کانفیگ‌ها از https://t.me/s/ConfigsHUB برای فایل JSON
2026-08-23 19:25:00,814 - INFO - ✅ 5 کانفیگ از صفحه دریافت شد
2026-08-23 19:25:00,815 - INFO - 📊 از https://t.me/s/ConfigsHUB: 5 کانفیگ دریافت شد
2026-08-23 19:25:00,815 - INFO - 🔄 بعد از حذف تکراری: 4 کانفیگ برای JSON
2026-08-23 19:25:00,815 - WARNING - ⚠️ تعداد کانفیگ‌ها به 100 رسید (با None پر شد)
2026-08-23 19:25:00,816 - INFO - ✅ دقیقاً 100 کانفیگ در configs.json ذخیره شد
2026-08-23 19:25:00,816 - INFO - ✅ فایل configs.json با 4 کانفیگ واقعی به‌روز شد
2026-08-23 19:25:00,816 - INFO - 📝 نمونه کانفیگ اول: vless://e7961655-9674-4cbd-a36f-ec0d5d7d660c@one-f...
2026-08-23 19:25:00,816 - INFO - 📤 بخش ۲: دریافت کانفیگ‌های جدید برای ارسال به کانال...
2026-08-23 19:25:00,816 - INFO - 📡 دریافت پست‌ها از https://t.me/s/ConfigsHUB برای ارسال به کانال
2026-08-23 19:25:04,573 - INFO - ✅ 20 پست دریافت شد
2026-08-23 19:25:04,574 - INFO - ⏭️ رد کردن پست تکراری: ConfigsHUB/2009342
2026-08-23 19:25:04,575 - INFO - 💾 وضعیت به‌روز شد: ConfigsHUB/2009342
2026-08-23 19:25:04,575 - INFO - 📊 از https://t.me/s/ConfigsHUB: 0 کانفیگ جدید پیدا شد
2026-08-23 19:25:04,575 - INFO - 📊 تعداد کل کانفیگ‌های جدید: 0
2026-08-23 19:25:04,575 - INFO - ℹ️ کانفیگ جدیدی برای ارسال وجود ندارد
2026-08-23 19:25:04,575 - INFO - ==================================================
2026-08-23 19:25:04,575 - INFO - 🏁 اجرای ربات با موفقیت به پایان رسید
2026-08-23 19:30:30,631 - INFO - ==================================================
2026-08-23 19:30:30,631 - INFO - 🚀 شروع اجرای ربات
2026-08-23 19:30:30,631 - INFO - 📥 بخش ۱: دریافت ۱۰۰ کانفیگ آخر برای فایل JSON...
2026-08-23 19:30:30,631 - INFO - 📡 دریافت کانفیگ‌ها از https://t.me/s/ConfigsHUB برای فایل JSON
2026-08-23 19:30:35,143 - INFO - ✅ 5 کانفیگ از صفحه دریافت شد
2026-08-23 19:30:35,144 - INFO - 📊 از https://t.me/s/ConfigsHUB: 5 کانفیگ دریافت شد
2026-08-23 19:30:35,144 - INFO - 🔄 بعد از حذف تکراری: 4 کانفیگ برای JSON
2026-08-23 19:30:35,144 - WARNING - ⚠️ تعداد کانفیگ‌ها به 100 رسید (با None پر شد)
2026-08-23 19:30:35,144 - INFO - ✅ دقیقاً 100 کانفیگ در configs.json ذخیره شد
2026-08-23 19:30:35,145 - INFO - ✅ فایل configs.json با 4 کانفیگ واقعی به‌روز شد
2026-08-23 19:30:35,145 - INFO - 📝 نمونه کانفیگ اول: vless://e7961655-9674-4cbd-a36f-ec0d5d7d660c@one-f...
2026-08-23 19:30:35,145 - INFO - 📤 بخش ۲: دریافت کانفیگ‌های جدید برای ارسال به کانال...
2026-08-23 19:30:35,145 - INFO - 📡 دریافت پست‌ها از https://t.me/s/ConfigsHUB برای ارسال به کانال
2026-08-23 19:30:35,700 - INFO - ✅ 20 پست دریافت شد
2026-08-23 19:30:35,700 - INFO - ⏭️ رد کردن پست تکراری: ConfigsHUB/2009342
2026-08-23 19:30:35,701 - INFO - 💾 وضعیت به‌روز شد: ConfigsHUB/2009342
2026-08-23 19:30:35,701 - INFO - 📊 از https://t.me/s/ConfigsHUB: 0 کانفیگ جدید پیدا شد
2026-08-23 19:30:35,701 - INFO - 📊 تعداد کل کانفیگ‌های جدید: 0
2026-08-23 19:30:35,701 - INFO - ℹ️ کانفیگ جدیدی برای ارسال وجود ندارد
2026-08-23 19:30:35,701 - INFO - ==================================================
2026-08-23 19:30:35,701 - INFO - 🏁 اجرای ربات با موفقیت به پایان رسید
2026-08-23 20:27:58,547 - INFO - ==================================================
2026-08-23 20:27:58,547 - INFO - 🚀 شروع اجرای ربات
2026-08-23 20:27:58,547 - INFO - 📥 بخش ۱: دریافت ۱۰۰ کانفیگ آخر برای فایل JSON...
2026-08-23 20:27:58,547 - INFO - 📡 دریافت کانفیگ‌ها از https://t.me/s/ConfigsHUB برای فایل JSON
2026-08-23 20:28:03,135 - INFO - ✅ 3 کانفیگ از صفحه دریافت شد
2026-08-23 20:28:03,136 - INFO - 📊 از https://t.me/s/ConfigsHUB: 3 کانفیگ دریافت شد
2026-08-23 20:28:03,136 - INFO - 🔄 بعد از حذف تکراری: 3 کانفیگ برای JSON
2026-08-23 20:28:03,136 - WARNING - ⚠️ تعداد کانفیگ‌ها به 100 رسید (با None پر شد)
2026-08-23 20:28:03,136 - INFO - ✅ دقیقاً 100 کانفیگ در configs.json ذخیره شد
2026-08-23 20:28:03,136 - INFO - ✅ فایل configs.json با 3 کانفیگ واقعی به‌روز شد
2026-08-23 20:28:03,136 - INFO - 📝 نمونه کانفیگ اول: vless://6a38827e-d102-49ff-b7aa-2e2bb26f15ee@pnl.f...
2026-08-23 20:28:03,137 - INFO - 📤 بخش ۲: دریافت کانفیگ‌های جدید برای ارسال به کانال...
2026-08-23 20:28:03,137 - INFO - 📡 دریافت پست‌ها از https://t.me/s/ConfigsHUB برای ارسال به کانال
2026-08-23 20:28:05,037 - INFO - ✅ 20 پست دریافت شد
2026-08-23 20:28:05,038 - INFO - 💾 وضعیت به‌روز شد: ConfigsHUB/2009344
2026-08-23 20:28:05,039 - INFO - 📊 از https://t.me/s/ConfigsHUB: 3 کانفیگ جدید پیدا شد
2026-08-23 20:28:05,039 - INFO - 📊 تعداد کل کانفیگ‌های جدید: 3
2026-08-23 20:28:05,039 - INFO - 📤 ارسال 3 کانفیگ به کانال
2026-08-23 20:28:05,519 - INFO - HTTP Request: POST https://api.telegram.org/bot8316746677:AAF1IzRzODBtCvVWrL6dWtw7F8U3qb4DwXM/sendMessage "HTTP/1.1 200 OK"
2026-08-23 20:28:05,520 - INFO - ✅ پیام 1 از 1 ارسال شد
2026-08-23 20:28:06,521 - INFO - ==================================================
2026-08-23 20:28:06,521 - INFO - 🏁 اجرای ربات با موفقیت به پایان رسید
2026-08-23 20:30:30,671 - INFO - ==================================================
2026-08-23 20:30:30,671 - INFO - 🚀 شروع اجرای ربات
2026-08-23 20:30:30,671 - INFO - 📥 بخش ۱: دریافت ۱۰۰ کانفیگ آخر برای فایل JSON...
2026-08-23 20:30:30,671 - INFO - 📡 دریافت کانفیگ‌ها از https://t.me/s/ConfigsHUB برای فایل JSON
2026-08-23 20:30:31,531 - INFO - ✅ 3 کانفیگ از صفحه دریافت شد
2026-08-23 20:30:31,531 - INFO - 📊 از https://t.me/s/ConfigsHUB: 3 کانفیگ دریافت شد
2026-08-23 20:30:31,532 - INFO - 🔄 بعد از حذف تکراری: 3 کانفیگ برای JSON
2026-08-23 20:30:31,532 - WARNING - ⚠️ تعداد کانفیگ‌ها به 100 رسید (با None پر شد)
2026-08-23 20:30:31,532 - INFO - ✅ دقیقاً 100 کانفیگ در configs.json ذخیره شد
2026-08-23 20:30:31,532 - INFO - ✅ فایل configs.json با 3 کانفیگ واقعی به‌روز شد
2026-08-23 20:30:31,532 - INFO - 📝 نمونه کانفیگ اول: vless://6a38827e-d102-49ff-b7aa-2e2bb26f15ee@pnl.f...
2026-08-23 20:30:31,532 - INFO - 📤 بخش ۲: دریافت کانفیگ‌های جدید برای ارسال به کانال...
2026-08-23 20:30:31,532 - INFO - 📡 دریافت پست‌ها از https://t.me/s/ConfigsHUB برای ارسال به کانال
2026-08-23 20:30:35,603 - INFO - ✅ 20 پست دریافت شد
2026-08-23 20:30:35,604 - INFO - ⏭️ رد کردن پست تکراری: ConfigsHUB/2009344
2026-08-23 20:30:35,605 - INFO - 💾 وضعیت به‌روز شد: ConfigsHUB/2009344
2026-08-23 20:30:35,605 - INFO - 📊 از https://t.me/s/ConfigsHUB: 0 کانفیگ جدید پیدا شد
2026-08-23 20:30:35,605 - INFO - 📊 تعداد کل کانفیگ‌های جدید: 0
2026-08-23 20:30:35,605 - INFO - ℹ️ کانفیگ جدیدی برای ارسال وجود ندارد
2026-08-23 20:30:35,605 - INFO - ==================================================
2026-08-23 20:30:35,605 - INFO - 🏁 اجرای ربات با موفقیت به پایان رسید
2026-08-23 21:25:22,453 - INFO - ==================================================
2026-08-23 21:25:22,453 - INFO - 🚀 شروع اجرای ربات
2026-08-23 21:25:22,453 - INFO - 📥 بخش ۱: دریافت ۱۰۰ کانفیگ آخر برای فایل JSON...
2026-08-23 21:25:22,453 - INFO - 📡 دریافت کانفیگ‌ها از https://t.me/s/ConfigsHUB برای فایل JSON
2026-08-23 21:25:23,238 - INFO - ✅ 3 کانفیگ از صفحه دریافت شد
2026-08-23 21:25:23,238 - INFO - 📊 از https://t.me/s/ConfigsHUB: 3 کانفیگ دریافت شد
2026-08-23 21:25:23,239 - INFO - 🔄 بعد از حذف تکراری: 3 کانفیگ برای JSON
2026-08-23 21:25:23,239 - WARNING - ⚠️ تعداد کانفیگ‌ها به 100 رسید (با None پر شد)
2026-08-23 21:25:23,239 - INFO - ✅ دقیقاً 100 کانفیگ در configs.json ذخیره شد
2026-08-23 21:25:23,239 - INFO - ✅ فایل configs.json با 3 کانفیگ واقعی به‌روز شد
2026-08-23 21:25:23,239 - INFO - 📝 نمونه کانفیگ اول: vless://6a38827e-d102-49ff-b7aa-2e2bb26f15ee@pnl.f...
2026-08-23 21:25:23,239 - INFO - 📤 بخش ۲: دریافت کانفیگ‌های جدید برای ارسال به کانال...
2026-08-23 21:25:23,239 - INFO - 📡 دریافت پست‌ها از https://t.me/s/ConfigsHUB برای ارسال به کانال
2026-08-23 21:25:24,052 - INFO - ✅ 20 پست دریافت شد
2026-08-23 21:25:24,053 - INFO - ⏭️ رد کردن پست تکراری: ConfigsHUB/2009344
2026-08-23 21:25:24,053 - INFO - 💾 وضعیت به‌روز شد: ConfigsHUB/2009344
2026-08-23 21:25:24,053 - INFO - 📊 از https://t.me/s/ConfigsHUB: 0 کانفیگ جدید پیدا شد
2026-08-23 21:25:24,053 - INFO - 📊 تعداد کل کانفیگ‌های جدید: 0
2026-08-23 21:25:24,053 - INFO - ℹ️ کانفیگ جدیدی برای ارسال وجود ندارد
2026-08-23 21:25:24,053 - INFO - ==================================================
2026-08-23 21:25:24,053 - INFO - 🏁 اجرای ربات با موفقیت به پایان رسید
2026-08-23 21:30:35,405 - INFO - ==================================================
2026-08-23 21:30:35,405 - INFO - 🚀 شروع اجرای ربات
2026-08-23 21:30:35,405 - INFO - 📥 بخش ۱: دریافت ۱۰۰ کانفیگ آخر برای فایل JSON...
2026-08-23 21:30:35,405 - INFO - 📡 دریافت کانفیگ‌ها از https://t.me/s/ConfigsHUB برای فایل JSON
2026-08-23 21:30:36,059 - INFO - ✅ 3 کانفیگ از صفحه دریافت شد
2026-08-23 21:30:36,060 - INFO - 📊 از https://t.me/s/ConfigsHUB: 3 کانفیگ دریافت شد
2026-08-23 21:30:36,060 - INFO - 🔄 بعد از حذف تکراری: 3 کانفیگ برای JSON
2026-08-23 21:30:36,060 - WARNING - ⚠️ تعداد کانفیگ‌ها به 100 رسید (با None پر شد)
2026-08-23 21:30:36,060 - INFO - ✅ دقیقاً 100 کانفیگ در configs.json ذخیره شد
2026-08-23 21:30:36,060 - INFO - ✅ فایل configs.json با 3 کانفیگ واقعی به‌روز شد
2026-08-23 21:30:36,060 - INFO - 📝 نمونه کانفیگ اول: vless://6a38827e-d102-49ff-b7aa-2e2bb26f15ee@pnl.f...
2026-08-23 21:30:36,060 - INFO - 📤 بخش ۲: دریافت کانفیگ‌های جدید برای ارسال به کانال...
2026-08-23 21:30:36,060 - INFO - 📡 دریافت پست‌ها از https://t.me/s/ConfigsHUB برای ارسال به کانال
2026-08-23 21:30:36,519 - INFO - ✅ 20 پست دریافت شد
2026-08-23 21:30:36,520 - INFO - ⏭️ رد کردن پست تکراری: ConfigsHUB/2009344
2026-08-23 21:30:36,520 - INFO - 💾 وضعیت به‌روز شد: ConfigsHUB/2009344
2026-08-23 21:30:36,520 - INFO - 📊 از https://t.me/s/ConfigsHUB: 0 کانفیگ جدید پیدا شد
2026-08-23 21:30:36,520 - INFO - 📊 تعداد کل کانفیگ‌های جدید: 0
2026-08-23 21:30:36,520 - INFO - ℹ️ کانفیگ جدیدی برای ارسال وجود ندارد
2026-08-23 21:30:36,520 - INFO - ==================================================
2026-08-23 21:30:36,520 - INFO - 🏁 اجرای ربات با موفقیت به پایان رسید
2026-08-23 22:26:13,790 - INFO - ==================================================
2026-08-23 22:26:13,790 - INFO - 🚀 شروع اجرای ربات
2026-08-23 22:26:13,790 - INFO - 📥 بخش ۱: دریافت ۱۰۰ کانفیگ آخر برای فایل JSON...
2026-08-23 22:26:13,790 - INFO - 📡 دریافت کانفیگ‌ها از https://t.me/s/ConfigsHUB برای فایل JSON
2026-08-23 22:26:14,511 - INFO - ✅ 3 کانفیگ از صفحه دریافت شد
2026-08-23 22:26:14,512 - INFO - 📊 از https://t.me/s/ConfigsHUB: 3 کانفیگ دریافت شد
2026-08-23 22:26:14,512 - INFO - 🔄 بعد از حذف تکراری: 3 کانفیگ برای JSON
2026-08-23 22:26:14,512 - WARNING - ⚠️ تعداد کانفیگ‌ها به 100 رسید (با None پر شد)
2026-08-23 22:26:14,512 - INFO - ✅ دقیقاً 100 کانفیگ در configs.json ذخیره شد
2026-08-23 22:26:14,512 - INFO - ✅ فایل configs.json با 3 کانفیگ واقعی به‌روز شد
2026-08-23 22:26:14,513 - INFO - 📝 نمونه کانفیگ اول: vless://6a38827e-d102-49ff-b7aa-2e2bb26f15ee@pnl.f...
2026-08-23 22:26:14,513 - INFO - 📤 بخش ۲: دریافت کانفیگ‌های جدید برای ارسال به کانال...
2026-08-23 22:26:14,513 - INFO - 📡 دریافت پست‌ها از https://t.me/s/ConfigsHUB برای ارسال به کانال
2026-08-23 22:26:15,200 - INFO - ✅ 20 پست دریافت شد
2026-08-23 22:26:15,201 - INFO - ⏭️ رد کردن پست تکراری: ConfigsHUB/2009344
2026-08-23 22:26:15,201 - INFO - 💾 وضعیت به‌روز شد: ConfigsHUB/2009344
2026-08-23 22:26:15,201 - INFO - 📊 از https://t.me/s/ConfigsHUB: 0 کانفیگ جدید پیدا شد
2026-08-23 22:26:15,202 - INFO - 📊 تعداد کل کانفیگ‌های جدید: 0
2026-08-23 22:26:15,202 - INFO - ℹ️ کانفیگ جدیدی برای ارسال وجود ندارد
2026-08-23 22:26:15,202 - INFO - ==================================================
2026-08-23 22:26:15,202 - INFO - 🏁 اجرای ربات با موفقیت به پایان رسید
2026-08-23 22:30:27,301 - INFO - ==================================================
2026-08-23 22:30:27,301 - INFO - 🚀 شروع اجرای ربات
2026-08-23 22:30:27,301 - INFO - 📥 بخش ۱: دریافت ۱۰۰ کانفیگ آخر برای فایل JSON...
2026-08-23 22:30:27,301 - INFO - 📡 دریافت کانفیگ‌ها از https://t.me/s/ConfigsHUB برای فایل JSON
2026-08-23 22:30:28,037 - INFO - ✅ 3 کانفیگ از صفحه دریافت شد
2026-08-23 22:30:28,039 - INFO - 📊 از https://t.me/s/ConfigsHUB: 3 کانفیگ دریافت شد
2026-08-23 22:30:28,039 - INFO - 🔄 بعد از حذف تکراری: 3 کانفیگ برای JSON
2026-08-23 22:30:28,039 - WARNING - ⚠️ تعداد کانفیگ‌ها به 100 رسید (با None پر شد)
2026-08-23 22:30:28,039 - INFO - ✅ دقیقاً 100 کانفیگ در configs.json ذخیره شد
2026-08-23 22:30:28,040 - INFO - ✅ فایل configs.json با 3 کانفیگ واقعی به‌روز شد
2026-08-23 22:30:28,040 - INFO - 📝 نمونه کانفیگ اول: vless://6a38827e-d102-49ff-b7aa-2e2bb26f15ee@pnl.f...
2026-08-23 22:30:28,040 - INFO - 📤 بخش ۲: دریافت کانفیگ‌های جدید برای ارسال به کانال...
2026-08-23 22:30:28,040 - INFO - 📡 دریافت پست‌ها از https://t.me/s/ConfigsHUB برای ارسال به کانال
2026-08-23 22:30:28,642 - INFO - ✅ 20 پست دریافت شد
2026-08-23 22:30:28,644 - INFO - ⏭️ رد کردن پست تکراری: ConfigsHUB/2009344
2026-08-23 22:30:28,644 - INFO - 💾 وضعیت به‌روز شد: ConfigsHUB/2009344
2026-08-23 22:30:28,644 - INFO - 📊 از https://t.me/s/ConfigsHUB: 0 کانفیگ جدید پیدا شد
2026-08-23 22:30:28,644 - INFO - 📊 تعداد کل کانفیگ‌های جدید: 0
2026-08-23 22:30:28,644 - INFO - ℹ️ کانفیگ جدیدی برای ارسال وجود ندارد
2026-08-23 22:30:28,644 - INFO - ==================================================
2026-08-23 22:30:28,644 - INFO - 🏁 اجرای ربات با موفقیت به پایان رسید
2026-08-23 23:24:45,676 - INFO - ==================================================
2026-08-23 23:24:45,676 - INFO - 🚀 شروع اجرای ربات
2026-08-23 23:24:45,676 - INFO - 📥 بخش ۱: دریافت ۱۰۰ کانفیگ آخر برای فایل JSON...
2026-08-23 23:24:45,676 - INFO - 📡 دریافت کانفیگ‌ها از https://t.me/s/ConfigsHUB برای فایل JSON
2026-08-23 23:24:46,284 - INFO - ✅ 3 کانفیگ از صفحه دریافت شد
2026-08-23 23:24:46,285 - INFO - 📊 از https://t.me/s/ConfigsHUB: 3 کانفیگ دریافت شد
2026-08-23 23:24:46,285 - INFO - 🔄 بعد از حذف تکراری: 3 کانفیگ برای JSON
2026-08-23 23:24:46,285 - WARNING - ⚠️ تعداد کانفیگ‌ها به 100 رسید (با None پر شد)
2026-08-23 23:24:46,285 - INFO - ✅ دقیقاً 100 کانفیگ در configs.json ذخیره شد
2026-08-23 23:24:46,285 - INFO - ✅ فایل configs.json با 3 کانفیگ واقعی به‌روز شد
2026-08-23 23:24:46,285 - INFO - 📝 نمونه کانفیگ اول: vless://6a38827e-d102-49ff-b7aa-2e2bb26f15ee@pnl.f...
2026-08-23 23:24:46,285 - INFO - 📤 بخش ۲: دریافت کانفیگ‌های جدید برای ارسال به کانال...
2026-08-23 23:24:46,286 - INFO - 📡 دریافت پست‌ها از https://t.me/s/ConfigsHUB برای ارسال به کانال
2026-08-23 23:24:46,821 - INFO - ✅ 20 پست دریافت شد
2026-08-23 23:24:46,822 - INFO - ⏭️ رد کردن پست تکراری: ConfigsHUB/2009344
2026-08-23 23:24:46,822 - INFO - 💾 وضعیت به‌روز شد: ConfigsHUB/2009344
2026-08-23 23:24:46,822 - INFO - 📊 از https://t.me/s/ConfigsHUB: 0 کانفیگ جدید پیدا شد
2026-08-23 23:24:46,822 - INFO - 📊 تعداد کل کانفیگ‌های جدید: 0
2026-08-23 23:24:46,822 - INFO - ℹ️ کانفیگ جدیدی برای ارسال وجود ندارد
2026-08-23 23:24:46,822 - INFO - ==================================================
2026-08-23 23:24:46,822 - INFO - 🏁 اجرای ربات با موفقیت به پایان رسید
2026-08-23 23:30:26,123 - INFO - ==================================================
2026-08-23 23:30:26,123 - INFO - 🚀 شروع اجرای ربات
2026-08-23 23:30:26,124 - INFO - 📥 بخش ۱: دریافت ۱۰۰ کانفیگ آخر برای فایل JSON...
2026-08-23 23:30:26,124 - INFO - 📡 دریافت کانفیگ‌ها از https://t.me/s/ConfigsHUB برای فایل JSON
2026-08-23 23:30:26,640 - INFO - ✅ 3 کانفیگ از صفحه دریافت شد
2026-08-23 23:30:26,641 - INFO - 📊 از https://t.me/s/ConfigsHUB: 3 کانفیگ دریافت شد
2026-08-23 23:30:26,641 - INFO - 🔄 بعد از حذف تکراری: 3 کانفیگ برای JSON
2026-08-23 23:30:26,641 - WARNING - ⚠️ تعداد کانفیگ‌ها به 100 رسید (با None پر شد)
2026-08-23 23:30:26,641 - INFO - ✅ دقیقاً 100 کانفیگ در configs.json ذخیره شد
2026-08-23 23:30:26,641 - INFO - ✅ فایل configs.json با 3 کانفیگ واقعی به‌روز شد
2026-08-23 23:30:26,641 - INFO - 📝 نمونه کانفیگ اول: vless://6a38827e-d102-49ff-b7aa-2e2bb26f15ee@pnl.f...
2026-08-23 23:30:26,642 - INFO - 📤 بخش ۲: دریافت کانفیگ‌های جدید برای ارسال به کانال...
2026-08-23 23:30:26,642 - INFO - 📡 دریافت پست‌ها از https://t.me/s/ConfigsHUB برای ارسال به کانال
2026-08-23 23:30:27,074 - INFO - ✅ 20 پست دریافت شد
2026-08-23 23:30:27,075 - INFO - ⏭️ رد کردن پست تکراری: ConfigsHUB/2009344
2026-08-23 23:30:27,076 - INFO - 💾 وضعیت به‌روز شد: ConfigsHUB/2009344
2026-08-23 23:30:27,076 - INFO - 📊 از https://t.me/s/ConfigsHUB: 0 کانفیگ جدید پیدا شد
2026-08-23 23:30:27,076 - INFO - 📊 تعداد کل کانفیگ‌های جدید: 0
2026-08-23 23:30:27,076 - INFO - ℹ️ کانفیگ جدیدی برای ارسال وجود ندارد
2026-08-23 23:30:27,076 - INFO - ==================================================
2026-08-23 23:30:27,076 - INFO - 🏁 اجرای ربات با موفقیت به پایان رسید
2026-08-24 00:30:28,264 - INFO - ==================================================
2026-08-24 00:30:28,265 - INFO - 🚀 شروع اجرای ربات
2026-08-24 00:30:28,265 - INFO - 📥 بخش ۱: دریافت ۱۰۰ کانفیگ آخر برای فایل JSON...
2026-08-24 00:30:28,265 - INFO - 📡 دریافت کانفیگ‌ها از https://t.me/s/ConfigsHUB برای فایل JSON
2026-08-24 00:30:28,731 - INFO - ✅ 3 کانفیگ از صفحه دریافت شد
2026-08-24 00:30:28,732 - INFO - 📊 از https://t.me/s/ConfigsHUB: 3 کانفیگ دریافت شد
2026-08-24 00:30:28,732 - INFO - 🔄 بعد از حذف تکراری: 3 کانفیگ برای JSON
2026-08-24 00:30:28,732 - WARNING - ⚠️ تعداد کانفیگ‌ها به 100 رسید (با None پر شد)
2026-08-24 00:30:28,733 - INFO - ✅ دقیقاً 100 کانفیگ در configs.json ذخیره شد
2026-08-24 00:30:28,733 - INFO - ✅ فایل configs.json با 3 کانفیگ واقعی به‌روز شد
2026-08-24 00:30:28,733 - INFO - 📝 نمونه کانفیگ اول: vless://6a38827e-d102-49ff-b7aa-2e2bb26f15ee@pnl.f...
2026-08-24 00:30:28,733 - INFO - 📤 بخش ۲: دریافت کانفیگ‌های جدید برای ارسال به کانال...
2026-08-24 00:30:28,733 - INFO - 📡 دریافت پست‌ها از https://t.me/s/ConfigsHUB برای ارسال به کانال
2026-08-24 00:30:29,179 - INFO - ✅ 20 پست دریافت شد
2026-08-24 00:30:29,179 - INFO - ⏭️ رد کردن پست تکراری: ConfigsHUB/2009344
2026-08-24 00:30:29,180 - INFO - 💾 وضعیت به‌روز شد: ConfigsHUB/2009344
2026-08-24 00:30:29,180 - INFO - 📊 از https://t.me/s/ConfigsHUB: 0 کانفیگ جدید پیدا شد
2026-08-24 00:30:29,180 - INFO - 📊 تعداد کل کانفیگ‌های جدید: 0
2026-08-24 00:30:29,180 - INFO - ℹ️ کانفیگ جدیدی برای ارسال وجود ندارد
2026-08-24 00:30:29,180 - INFO - ==================================================
2026-08-24 00:30:29,180 - INFO - 🏁 اجرای ربات با موفقیت به پایان رسید
2026-08-24 01:30:27,795 - INFO - ==================================================
2026-08-24 01:30:27,795 - INFO - 🚀 شروع اجرای ربات
2026-08-24 01:30:27,795 - INFO - 📥 بخش ۱: دریافت ۱۰۰ کانفیگ آخر برای فایل JSON...
2026-08-24 01:30:27,795 - INFO - 📡 دریافت کانفیگ‌ها از https://t.me/s/ConfigsHUB برای فایل JSON
2026-08-24 01:30:28,339 - INFO - ✅ 3 کانفیگ از صفحه دریافت شد
2026-08-24 01:30:28,339 - INFO - 📊 از https://t.me/s/ConfigsHUB: 3 کانفیگ دریافت شد
2026-08-24 01:30:28,340 - INFO - 🔄 بعد از حذف تکراری: 3 کانفیگ برای JSON
2026-08-24 01:30:28,340 - WARNING - ⚠️ تعداد کانفیگ‌ها به 100 رسید (با None پر شد)
2026-08-24 01:30:28,340 - INFO - ✅ دقیقاً 100 کانفیگ در configs.json ذخیره شد
2026-08-24 01:30:28,340 - INFO - ✅ فایل configs.json با 3 کانفیگ واقعی به‌روز شد
2026-08-24 01:30:28,340 - INFO - 📝 نمونه کانفیگ اول: vless://6a38827e-d102-49ff-b7aa-2e2bb26f15ee@pnl.f...
2026-08-24 01:30:28,340 - INFO - 📤 بخش ۲: دریافت کانفیگ‌های جدید برای ارسال به کانال...
2026-08-24 01:30:28,340 - INFO - 📡 دریافت پست‌ها از https://t.me/s/ConfigsHUB برای ارسال به کانال
2026-08-24 01:30:28,811 - INFO - ✅ 20 پست دریافت شد
2026-08-24 01:30:28,812 - INFO - ⏭️ رد کردن پست تکراری: ConfigsHUB/2009344
2026-08-24 01:30:28,813 - INFO - 💾 وضعیت به‌روز شد: ConfigsHUB/2009344
2026-08-24 01:30:28,813 - INFO - 📊 از https://t.me/s/ConfigsHUB: 0 کانفیگ جدید پیدا شد
2026-08-24 01:30:28,813 - INFO - 📊 تعداد کل کانفیگ‌های جدید: 0
2026-08-24 01:30:28,813 - INFO - ℹ️ کانفیگ جدیدی برای ارسال وجود ندارد
2026-08-24 01:30:28,813 - INFO - ==================================================
2026-08-24 01:30:28,813 - INFO - 🏁 اجرای ربات با موفقیت به پایان رسید
2026-08-24 01:38:16,838 - INFO - ==================================================
2026-08-24 01:38:16,838 - INFO - 🚀 شروع اجرای ربات
2026-08-24 01:38:16,838 - INFO - 📥 بخش ۱: دریافت ۱۰۰ کانفیگ آخر برای فایل JSON...
2026-08-24 01:38:16,838 - INFO - 📡 دریافت کانفیگ‌ها از https://t.me/s/ConfigsHUB برای فایل JSON
2026-08-24 01:38:17,537 - INFO - ✅ 3 کانفیگ از صفحه دریافت شد
2026-08-24 01:38:17,538 - INFO - 📊 از https://t.me/s/ConfigsHUB: 3 کانفیگ دریافت شد
2026-08-24 01:38:17,538 - INFO - 🔄 بعد از حذف تکراری: 3 کانفیگ برای JSON
2026-08-24 01:38:17,538 - WARNING - ⚠️ تعداد کانفیگ‌ها به 100 رسید (با None پر شد)
2026-08-24 01:38:17,539 - INFO - ✅ دقیقاً 100 کانفیگ در configs.json ذخیره شد
2026-08-24 01:38:17,539 - INFO - ✅ فایل configs.json با 3 کانفیگ واقعی به‌روز شد
2026-08-24 01:38:17,539 - INFO - 📝 نمونه کانفیگ اول: vless://6a38827e-d102-49ff-b7aa-2e2bb26f15ee@pnl.f...
2026-08-24 01:38:17,539 - INFO - 📤 بخش ۲: دریافت کانفیگ‌های جدید برای ارسال به کانال...
2026-08-24 01:38:17,539 - INFO - 📡 دریافت پست‌ها از https://t.me/s/ConfigsHUB برای ارسال به کانال
2026-08-24 01:38:18,369 - INFO - ✅ 20 پست دریافت شد
2026-08-24 01:38:18,370 - INFO - ⏭️ رد کردن پست تکراری: ConfigsHUB/2009344
2026-08-24 01:38:18,371 - INFO - 💾 وضعیت به‌روز شد: ConfigsHUB/2009344
2026-08-24 01:38:18,371 - INFO - 📊 از https://t.me/s/ConfigsHUB: 0 کانفیگ جدید پیدا شد
2026-08-24 01:38:18,371 - INFO - 📊 تعداد کل کانفیگ‌های جدید: 0
2026-08-24 01:38:18,371 - INFO - ℹ️ کانفیگ جدیدی برای ارسال وجود ندارد
2026-08-24 01:38:18,371 - INFO - ==================================================
2026-08-24 01:38:18,371 - INFO - 🏁 اجرای ربات با موفقیت به پایان رسید
2026-08-24 02:30:31,019 - INFO - ==================================================
2026-08-24 02:30:31,019 - INFO - 🚀 شروع اجرای ربات
2026-08-24 02:30:31,019 - INFO - 📥 بخش ۱: دریافت ۱۰۰ کانفیگ آخر برای فایل JSON...
2026-08-24 02:30:31,019 - INFO - 📡 دریافت کانفیگ‌ها از https://t.me/s/ConfigsHUB برای فایل JSON
2026-08-24 02:30:31,755 - INFO - ✅ 3 کانفیگ از صفحه دریافت شد
2026-08-24 02:30:31,756 - INFO - 📊 از https://t.me/s/ConfigsHUB: 3 کانفیگ دریافت شد
2026-08-24 02:30:31,756 - INFO - 🔄 بعد از حذف تکراری: 3 کانفیگ برای JSON
2026-08-24 02:30:31,756 - WARNING - ⚠️ تعداد کانفیگ‌ها به 100 رسید (با None پر شد)
2026-08-24 02:30:31,757 - INFO - ✅ دقیقاً 100 کانفیگ در configs.json ذخیره شد
2026-08-24 02:30:31,757 - INFO - ✅ فایل configs.json با 3 کانفیگ واقعی به‌روز شد
2026-08-24 02:30:31,757 - INFO - 📝 نمونه کانفیگ اول: vless://6a38827e-d102-49ff-b7aa-2e2bb26f15ee@pnl.f...
2026-08-24 02:30:31,757 - INFO - 📤 بخش ۲: دریافت کانفیگ‌های جدید برای ارسال به کانال...
2026-08-24 02:30:31,757 - INFO - 📡 دریافت پست‌ها از https://t.me/s/ConfigsHUB برای ارسال به کانال
2026-08-24 02:30:32,210 - INFO - ✅ 20 پست دریافت شد
2026-08-24 02:30:32,211 - INFO - ⏭️ رد کردن پست تکراری: ConfigsHUB/2009344
2026-08-24 02:30:32,211 - INFO - 💾 وضعیت به‌روز شد: ConfigsHUB/2009344
2026-08-24 02:30:32,211 - INFO - 📊 از https://t.me/s/ConfigsHUB: 0 کانفیگ جدید پیدا شد
2026-08-24 02:30:32,211 - INFO - 📊 تعداد کل کانفیگ‌های جدید: 0
2026-08-24 02:30:32,211 - INFO - ℹ️ کانفیگ جدیدی برای ارسال وجود ندارد
2026-08-24 02:30:32,211 - INFO - ==================================================
2026-08-24 02:30:32,211 - INFO - 🏁 اجرای ربات با موفقیت به پایان رسید
2026-08-24 03:07:20,589 - INFO - ==================================================
2026-08-24 03:07:20,589 - INFO - 🚀 شروع اجرای ربات
2026-08-24 03:07:20,589 - INFO - 📥 بخش ۱: دریافت ۱۰۰ کانفیگ آخر برای فایل JSON...
2026-08-24 03:07:20,589 - INFO - 📡 دریافت کانفیگ‌ها از https://t.me/s/ConfigsHUB برای فایل JSON
2026-08-24 03:07:21,082 - INFO - ✅ 3 کانفیگ از صفحه دریافت شد
2026-08-24 03:07:21,083 - INFO - 📊 از https://t.me/s/ConfigsHUB: 3 کانفیگ دریافت شد
2026-08-24 03:07:21,083 - INFO - 🔄 بعد از حذف تکراری: 3 کانفیگ برای JSON
2026-08-24 03:07:21,083 - WARNING - ⚠️ تعداد کانفیگ‌ها به 100 رسید (با None پر شد)
2026-08-24 03:07:21,083 - INFO - ✅ دقیقاً 100 کانفیگ در configs.json ذخیره شد
2026-08-24 03:07:21,084 - INFO - ✅ فایل configs.json با 3 کانفیگ واقعی به‌روز شد
2026-08-24 03:07:21,084 - INFO - 📝 نمونه کانفیگ اول: vless://6a38827e-d102-49ff-b7aa-2e2bb26f15ee@pnl.f...
2026-08-24 03:07:21,084 - INFO - 📤 بخش ۲: دریافت کانفیگ‌های جدید برای ارسال به کانال...
2026-08-24 03:07:21,084 - INFO - 📡 دریافت پست‌ها از https://t.me/s/ConfigsHUB برای ارسال به کانال
2026-08-24 03:07:21,510 - INFO - ✅ 20 پست دریافت شد
2026-08-24 03:07:21,512 - INFO - ⏭️ رد کردن پست تکراری: ConfigsHUB/2009344
2026-08-24 03:07:21,512 - INFO - 💾 وضعیت به‌روز شد: ConfigsHUB/2009344
2026-08-24 03:07:21,512 - INFO - 📊 از https://t.me/s/ConfigsHUB: 0 کانفیگ جدید پیدا شد
2026-08-24 03:07:21,512 - INFO - 📊 تعداد کل کانفیگ‌های جدید: 0
2026-08-24 03:07:21,512 - INFO - ℹ️ کانفیگ جدیدی برای ارسال وجود ندارد
2026-08-24 03:07:21,512 - INFO - ==================================================
2026-08-24 03:07:21,512 - INFO - 🏁 اجرای ربات با موفقیت به پایان رسید
2026-08-24 03:30:31,395 - INFO - ==================================================
2026-08-24 03:30:31,395 - INFO - 🚀 شروع اجرای ربات
2026-08-24 03:30:31,395 - INFO - 📥 بخش ۱: دریافت ۱۰۰ کانفیگ آخر برای فایل JSON...
2026-08-24 03:30:31,395 - INFO - 📡 دریافت کانفیگ‌ها از https://t.me/s/ConfigsHUB برای فایل JSON
2026-08-24 03:30:32,101 - INFO - ✅ 3 کانفیگ از صفحه دریافت شد
2026-08-24 03:30:32,102 - INFO - 📊 از https://t.me/s/ConfigsHUB: 3 کانفیگ دریافت شد
2026-08-24 03:30:32,102 - INFO - 🔄 بعد از حذف تکراری: 3 کانفیگ برای JSON
2026-08-24 03:30:32,102 - WARNING - ⚠️ تعداد کانفیگ‌ها به 100 رسید (با None پر شد)
2026-08-24 03:30:32,102 - INFO - ✅ دقیقاً 100 کانفیگ در configs.json ذخیره شد
2026-08-24 03:30:32,102 - INFO - ✅ فایل configs.json با 3 کانفیگ واقعی به‌روز شد
2026-08-24 03:30:32,102 - INFO - 📝 نمونه کانفیگ اول: vless://6a38827e-d102-49ff-b7aa-2e2bb26f15ee@pnl.f...
2026-08-24 03:30:32,102 - INFO - 📤 بخش ۲: دریافت کانفیگ‌های جدید برای ارسال به کانال...
2026-08-24 03:30:32,102 - INFO - 📡 دریافت پست‌ها از https://t.me/s/ConfigsHUB برای ارسال به کانال
2026-08-24 03:30:32,832 - INFO - ✅ 20 پست دریافت شد
2026-08-24 03:30:32,833 - INFO - ⏭️ رد کردن پست تکراری: ConfigsHUB/2009344
2026-08-24 03:30:32,833 - INFO - 💾 وضعیت به‌روز شد: ConfigsHUB/2009344
2026-08-24 03:30:32,833 - INFO - 📊 از https://t.me/s/ConfigsHUB: 0 کانفیگ جدید پیدا شد
2026-08-24 03:30:32,833 - INFO - 📊 تعداد کل کانفیگ‌های جدید: 0
2026-08-24 03:30:32,833 - INFO - ℹ️ کانفیگ جدیدی برای ارسال وجود ندارد
2026-08-24 03:30:32,833 - INFO - ==================================================
2026-08-24 03:30:32,833 - INFO - 🏁 اجرای ربات با موفقیت به پایان رسید
2026-08-24 04:30:29,004 - INFO - ==================================================
2026-08-24 04:30:29,004 - INFO - 🚀 شروع اجرای ربات
2026-08-24 04:30:29,004 - INFO - 📥 بخش ۱: دریافت ۱۰۰ کانفیگ آخر برای فایل JSON...
2026-08-24 04:30:29,004 - INFO - 📡 دریافت کانفیگ‌ها از https://t.me/s/ConfigsHUB برای فایل JSON
2026-08-24 04:30:29,827 - INFO - ✅ 3 کانفیگ از صفحه دریافت شد
2026-08-24 04:30:29,828 - INFO - 📊 از https://t.me/s/ConfigsHUB: 3 کانفیگ دریافت شد
2026-08-24 04:30:29,828 - INFO - 🔄 بعد از حذف تکراری: 3 کانفیگ برای JSON
2026-08-24 04:30:29,828 - WARNING - ⚠️ تعداد کانفیگ‌ها به 100 رسید (با None پر شد)
2026-08-24 04:30:29,829 - INFO - ✅ دقیقاً 100 کانفیگ در configs.json ذخیره شد
2026-08-24 04:30:29,829 - INFO - ✅ فایل configs.json با 3 کانفیگ واقعی به‌روز شد
2026-08-24 04:30:29,829 - INFO - 📝 نمونه کانفیگ اول: vless://6a38827e-d102-49ff-b7aa-2e2bb26f15ee@pnl.f...
2026-08-24 04:30:29,829 - INFO - 📤 بخش ۲: دریافت کانفیگ‌های جدید برای ارسال به کانال...
2026-08-24 04:30:29,829 - INFO - 📡 دریافت پست‌ها از https://t.me/s/ConfigsHUB برای ارسال به کانال
2026-08-24 04:30:30,468 - INFO - ✅ 20 پست دریافت شد
2026-08-24 04:30:30,469 - INFO - ⏭️ رد کردن پست تکراری: ConfigsHUB/2009344
2026-08-24 04:30:30,469 - INFO - 💾 وضعیت به‌روز شد: ConfigsHUB/2009344
2026-08-24 04:30:30,469 - INFO - 📊 از https://t.me/s/ConfigsHUB: 0 کانفیگ جدید پیدا شد
2026-08-24 04:30:30,469 - INFO - 📊 تعداد کل کانفیگ‌های جدید: 0
2026-08-24 04:30:30,469 - INFO - ℹ️ کانفیگ جدیدی برای ارسال وجود ندارد
2026-08-24 04:30:30,469 - INFO - ==================================================
2026-08-24 04:30:30,469 - INFO - 🏁 اجرای ربات با موفقیت به پایان رسید
2026-08-24 04:50:11,003 - INFO - ==================================================
2026-08-24 04:50:11,003 - INFO - 🚀 شروع اجرای ربات
2026-08-24 04:50:11,003 - INFO - 📥 بخش ۱: دریافت ۱۰۰ کانفیگ آخر برای فایل JSON...
2026-08-24 04:50:11,003 - INFO - 📡 دریافت کانفیگ‌ها از https://t.me/s/ConfigsHUB برای فایل JSON
2026-08-24 04:50:11,610 - INFO - ✅ 3 کانفیگ از صفحه دریافت شد
2026-08-24 04:50:11,611 - INFO - 📊 از https://t.me/s/ConfigsHUB: 3 کانفیگ دریافت شد
2026-08-24 04:50:11,612 - INFO - 🔄 بعد از حذف تکراری: 3 کانفیگ برای JSON
2026-08-24 04:50:11,612 - WARNING - ⚠️ تعداد کانفیگ‌ها به 100 رسید (با None پر شد)
2026-08-24 04:50:11,612 - INFO - ✅ دقیقاً 100 کانفیگ در configs.json ذخیره شد
2026-08-24 04:50:11,612 - INFO - ✅ فایل configs.json با 3 کانفیگ واقعی به‌روز شد
2026-08-24 04:50:11,612 - INFO - 📝 نمونه کانفیگ اول: vless://6a38827e-d102-49ff-b7aa-2e2bb26f15ee@pnl.f...
2026-08-24 04:50:11,612 - INFO - 📤 بخش ۲: دریافت کانفیگ‌های جدید برای ارسال به کانال...
2026-08-24 04:50:11,612 - INFO - 📡 دریافت پست‌ها از https://t.me/s/ConfigsHUB برای ارسال به کانال
2026-08-24 04:50:12,074 - INFO - ✅ 20 پست دریافت شد
2026-08-24 04:50:12,075 - INFO - ⏭️ رد کردن پست تکراری: ConfigsHUB/2009344
2026-08-24 04:50:12,075 - INFO - 💾 وضعیت به‌روز شد: ConfigsHUB/2009344
2026-08-24 04:50:12,075 - INFO - 📊 از https://t.me/s/ConfigsHUB: 0 کانفیگ جدید پیدا شد
2026-08-24 04:50:12,075 - INFO - 📊 تعداد کل کانفیگ‌های جدید: 0
2026-08-24 04:50:12,075 - INFO - ℹ️ کانفیگ جدیدی برای ارسال وجود ندارد
2026-08-24 04:50:12,075 - INFO - ==================================================
2026-08-24 04:50:12,075 - INFO - 🏁 اجرای ربات با موفقیت به پایان رسید
2026-08-24 05:30:28,592 - INFO - ==================================================
2026-08-24 05:30:28,592 - INFO - 🚀 شروع اجرای ربات
2026-08-24 05:30:28,592 - INFO - 📥 بخش ۱: دریافت ۱۰۰ کانفیگ آخر برای فایل JSON...
2026-08-24 05:30:28,592 - INFO - 📡 دریافت کانفیگ‌ها از https://t.me/s/ConfigsHUB برای فایل JSON
2026-08-24 05:30:29,172 - INFO - ✅ 3 کانفیگ از صفحه دریافت شد
2026-08-24 05:30:29,173 - INFO - 📊 از https://t.me/s/ConfigsHUB: 3 کانفیگ دریافت شد
2026-08-24 05:30:29,173 - INFO - 🔄 بعد از حذف تکراری: 3 کانفیگ برای JSON
2026-08-24 05:30:29,173 - WARNING - ⚠️ تعداد کانفیگ‌ها به 100 رسید (با None پر شد)
2026-08-24 05:30:29,174 - INFO - ✅ دقیقاً 100 کانفیگ در configs.json ذخیره شد
2026-08-24 05:30:29,174 - INFO - ✅ فایل configs.json با 3 کانفیگ واقعی به‌روز شد
2026-08-24 05:30:29,174 - INFO - 📝 نمونه کانفیگ اول: vless://6a38827e-d102-49ff-b7aa-2e2bb26f15ee@pnl.f...
2026-08-24 05:30:29,174 - INFO - 📤 بخش ۲: دریافت کانفیگ‌های جدید برای ارسال به کانال...
2026-08-24 05:30:29,174 - INFO - 📡 دریافت پست‌ها از https://t.me/s/ConfigsHUB برای ارسال به کانال
2026-08-24 05:30:29,666 - INFO - ✅ 20 پست دریافت شد
2026-08-24 05:30:29,667 - INFO - ⏭️ رد کردن پست تکراری: ConfigsHUB/2009344
2026-08-24 05:30:29,667 - INFO - 💾 وضعیت به‌روز شد: ConfigsHUB/2009344
2026-08-24 05:30:29,667 - INFO - 📊 از https://t.me/s/ConfigsHUB: 0 کانفیگ جدید پیدا شد
2026-08-24 05:30:29,667 - INFO - 📊 تعداد کل کانفیگ‌های جدید: 0
2026-08-24 05:30:29,667 - INFO - ℹ️ کانفیگ جدیدی برای ارسال وجود ندارد
2026-08-24 05:30:29,667 - INFO - ==================================================
2026-08-24 05:30:29,667 - INFO - 🏁 اجرای ربات با موفقیت به پایان رسید
2026-08-24 05:41:16,375 - INFO - ==================================================
2026-08-24 05:41:16,375 - INFO - 🚀 شروع اجرای ربات
2026-08-24 05:41:16,375 - INFO - 📥 بخش ۱: دریافت ۱۰۰ کانفیگ آخر برای فایل JSON...
2026-08-24 05:41:16,375 - INFO - 📡 دریافت کانفیگ‌ها از https://t.me/s/ConfigsHUB برای فایل JSON
2026-08-24 05:41:16,921 - INFO - ✅ 3 کانفیگ از صفحه دریافت شد
2026-08-24 05:41:16,922 - INFO - 📊 از https://t.me/s/ConfigsHUB: 3 کانفیگ دریافت شد
2026-08-24 05:41:16,922 - INFO - 🔄 بعد از حذف تکراری: 3 کانفیگ برای JSON
2026-08-24 05:41:16,922 - WARNING - ⚠️ تعداد کانفیگ‌ها به 100 رسید (با None پر شد)
2026-08-24 05:41:16,923 - INFO - ✅ دقیقاً 100 کانفیگ در configs.json ذخیره شد
2026-08-24 05:41:16,923 - INFO - ✅ فایل configs.json با 3 کانفیگ واقعی به‌روز شد
2026-08-24 05:41:16,923 - INFO - 📝 نمونه کانفیگ اول: vless://6a38827e-d102-49ff-b7aa-2e2bb26f15ee@pnl.f...
2026-08-24 05:41:16,923 - INFO - 📤 بخش ۲: دریافت کانفیگ‌های جدید برای ارسال به کانال...
2026-08-24 05:41:16,923 - INFO - 📡 دریافت پست‌ها از https://t.me/s/ConfigsHUB برای ارسال به کانال
2026-08-24 05:41:17,548 - INFO - ✅ 20 پست دریافت شد
2026-08-24 05:41:17,549 - INFO - ⏭️ رد کردن پست تکراری: ConfigsHUB/2009344
2026-08-24 05:41:17,550 - INFO - 💾 وضعیت به‌روز شد: ConfigsHUB/2009344
2026-08-24 05:41:17,550 - INFO - 📊 از https://t.me/s/ConfigsHUB: 0 کانفیگ جدید پیدا شد
2026-08-24 05:41:17,550 - INFO - 📊 تعداد کل کانفیگ‌های جدید: 0
2026-08-24 05:41:17,550 - INFO - ℹ️ کانفیگ جدیدی برای ارسال وجود ندارد
2026-08-24 05:41:17,550 - INFO - ==================================================
2026-08-24 05:41:17,550 - INFO - 🏁 اجرای ربات با موفقیت به پایان رسید
2026-08-24 06:30:28,836 - INFO - ==================================================
2026-08-24 06:30:28,836 - INFO - 🚀 شروع اجرای ربات
2026-08-24 06:30:28,837 - INFO - 📥 بخش ۱: دریافت ۱۰۰ کانفیگ آخر برای فایل JSON...
2026-08-24 06:30:28,837 - INFO - 📡 دریافت کانفیگ‌ها از https://t.me/s/ConfigsHUB برای فایل JSON
2026-08-24 06:30:29,364 - INFO - ✅ 3 کانفیگ از صفحه دریافت شد
2026-08-24 06:30:29,365 - INFO - 📊 از https://t.me/s/ConfigsHUB: 3 کانفیگ دریافت شد
2026-08-24 06:30:29,365 - INFO - 🔄 بعد از حذف تکراری: 3 کانفیگ برای JSON
2026-08-24 06:30:29,365 - WARNING - ⚠️ تعداد کانفیگ‌ها به 100 رسید (با None پر شد)
2026-08-24 06:30:29,365 - INFO - ✅ دقیقاً 100 کانفیگ در configs.json ذخیره شد
2026-08-24 06:30:29,366 - INFO - ✅ فایل configs.json با 3 کانفیگ واقعی به‌روز شد
2026-08-24 06:30:29,366 - INFO - 📝 نمونه کانفیگ اول: vless://6a38827e-d102-49ff-b7aa-2e2bb26f15ee@pnl.f...
2026-08-24 06:30:29,366 - INFO - 📤 بخش ۲: دریافت کانفیگ‌های جدید برای ارسال به کانال...
2026-08-24 06:30:29,366 - INFO - 📡 دریافت پست‌ها از https://t.me/s/ConfigsHUB برای ارسال به کانال
2026-08-24 06:30:29,766 - INFO - ✅ 20 پست دریافت شد
2026-08-24 06:30:29,767 - INFO - ⏭️ رد کردن پست تکراری: ConfigsHUB/2009344
2026-08-24 06:30:29,767 - INFO - 💾 وضعیت به‌روز شد: ConfigsHUB/2009344
2026-08-24 06:30:29,767 - INFO - 📊 از https://t.me/s/ConfigsHUB: 0 کانفیگ جدید پیدا شد
2026-08-24 06:30:29,767 - INFO - 📊 تعداد کل کانفیگ‌های جدید: 0
2026-08-24 06:30:29,767 - INFO - ℹ️ کانفیگ جدیدی برای ارسال وجود ندارد
2026-08-24 06:30:29,767 - INFO - ==================================================
2026-08-24 06:30:29,767 - INFO - 🏁 اجرای ربات با موفقیت به پایان رسید
2026-08-24 07:05:50,792 - INFO - ==================================================
2026-08-24 07:05:50,793 - INFO - 🚀 شروع اجرای ربات
2026-08-24 07:05:50,793 - INFO - 📥 بخش ۱: دریافت ۱۰۰ کانفیگ آخر برای فایل JSON...
2026-08-24 07:05:50,793 - INFO - 📡 دریافت کانفیگ‌ها از https://t.me/s/ConfigsHUB برای فایل JSON
2026-08-24 07:05:51,303 - INFO - ✅ 3 کانفیگ از صفحه دریافت شد
2026-08-24 07:05:51,304 - INFO - 📊 از https://t.me/s/ConfigsHUB: 3 کانفیگ دریافت شد
2026-08-24 07:05:51,304 - INFO - 🔄 بعد از حذف تکراری: 3 کانفیگ برای JSON
2026-08-24 07:05:51,304 - WARNING - ⚠️ تعداد کانفیگ‌ها به 100 رسید (با None پر شد)
2026-08-24 07:05:51,304 - INFO - ✅ دقیقاً 100 کانفیگ در configs.json ذخیره شد
2026-08-24 07:05:51,305 - INFO - ✅ فایل configs.json با 3 کانفیگ واقعی به‌روز شد
2026-08-24 07:05:51,305 - INFO - 📝 نمونه کانفیگ اول: vless://6a38827e-d102-49ff-b7aa-2e2bb26f15ee@pnl.f...
2026-08-24 07:05:51,305 - INFO - 📤 بخش ۲: دریافت کانفیگ‌های جدید برای ارسال به کانال...
2026-08-24 07:05:51,305 - INFO - 📡 دریافت پست‌ها از https://t.me/s/ConfigsHUB برای ارسال به کانال
2026-08-24 07:05:51,705 - INFO - ✅ 20 پست دریافت شد
2026-08-24 07:05:51,706 - INFO - ⏭️ رد کردن پست تکراری: ConfigsHUB/2009344
2026-08-24 07:05:51,707 - INFO - 💾 وضعیت به‌روز شد: ConfigsHUB/2009344
2026-08-24 07:05:51,707 - INFO - 📊 از https://t.me/s/ConfigsHUB: 0 کانفیگ جدید پیدا شد
2026-08-24 07:05:51,707 - INFO - 📊 تعداد کل کانفیگ‌های جدید: 0
2026-08-24 07:05:51,707 - INFO - ℹ️ کانفیگ جدیدی برای ارسال وجود ندارد
2026-08-24 07:05:51,707 - INFO - ==================================================
2026-08-24 07:05:51,707 - INFO - 🏁 اجرای ربات با موفقیت به پایان رسید
2026-08-24 07:30:31,197 - INFO - ==================================================
2026-08-24 07:30:31,197 - INFO - 🚀 شروع اجرای ربات
2026-08-24 07:30:31,197 - INFO - 📥 بخش ۱: دریافت ۱۰۰ کانفیگ آخر برای فایل JSON...
2026-08-24 07:30:31,197 - INFO - 📡 دریافت کانفیگ‌ها از https://t.me/s/ConfigsHUB برای فایل JSON
2026-08-24 07:30:31,977 - INFO - ✅ 3 کانفیگ از صفحه دریافت شد
2026-08-24 07:30:31,978 - INFO - 📊 از https://t.me/s/ConfigsHUB: 3 کانفیگ دریافت شد
2026-08-24 07:30:31,979 - INFO - 🔄 بعد از حذف تکراری: 3 کانفیگ برای JSON
2026-08-24 07:30:31,979 - WARNING - ⚠️ تعداد کانفیگ‌ها به 100 رسید (با None پر شد)
2026-08-24 07:30:31,979 - INFO - ✅ دقیقاً 100 کانفیگ در configs.json ذخیره شد
2026-08-24 07:30:31,979 - INFO - ✅ فایل configs.json با 3 کانفیگ واقعی به‌روز شد
2026-08-24 07:30:31,979 - INFO - 📝 نمونه کانفیگ اول: vless://6a38827e-d102-49ff-b7aa-2e2bb26f15ee@pnl.f...
2026-08-24 07:30:31,979 - INFO - 📤 بخش ۲: دریافت کانفیگ‌های جدید برای ارسال به کانال...
2026-08-24 07:30:31,979 - INFO - 📡 دریافت پست‌ها از https://t.me/s/ConfigsHUB برای ارسال به کانال
2026-08-24 07:30:32,499 - INFO - ✅ 20 پست دریافت شد
2026-08-24 07:30:32,500 - INFO - ⏭️ رد کردن پست تکراری: ConfigsHUB/2009344
2026-08-24 07:30:32,501 - INFO - 💾 وضعیت به‌روز شد: ConfigsHUB/2009344
2026-08-24 07:30:32,501 - INFO - 📊 از https://t.me/s/ConfigsHUB: 0 کانفیگ جدید پیدا شد
2026-08-24 07:30:32,501 - INFO - 📊 تعداد کل کانفیگ‌های جدید: 0
2026-08-24 07:30:32,501 - INFO - ℹ️ کانفیگ جدیدی برای ارسال وجود ندارد
2026-08-24 07:30:32,501 - INFO - ==================================================
2026-08-24 07:30:32,501 - INFO - 🏁 اجرای ربات با موفقیت به پایان رسید
2026-08-24 08:30:31,622 - INFO - ==================================================
2026-08-24 08:30:31,622 - INFO - 🚀 شروع اجرای ربات
2026-08-24 08:30:31,622 - INFO - 📥 بخش ۱: دریافت ۱۰۰ کانفیگ آخر برای فایل JSON...
2026-08-24 08:30:31,622 - INFO - 📡 دریافت کانفیگ‌ها از https://t.me/s/ConfigsHUB برای فایل JSON
2026-08-24 08:30:32,418 - INFO - ✅ 3 کانفیگ از صفحه دریافت شد
2026-08-24 08:30:32,418 - INFO - 📊 از https://t.me/s/ConfigsHUB: 3 کانفیگ دریافت شد
2026-08-24 08:30:32,419 - INFO - 🔄 بعد از حذف تکراری: 3 کانفیگ برای JSON
2026-08-24 08:30:32,419 - WARNING - ⚠️ تعداد کانفیگ‌ها به 100 رسید (با None پر شد)
2026-08-24 08:30:32,419 - INFO - ✅ دقیقاً 100 کانفیگ در configs.json ذخیره شد
2026-08-24 08:30:32,419 - INFO - ✅ فایل configs.json با 3 کانفیگ واقعی به‌روز شد
2026-08-24 08:30:32,419 - INFO - 📝 نمونه کانفیگ اول: vless://6a38827e-d102-49ff-b7aa-2e2bb26f15ee@pnl.f...
2026-08-24 08:30:32,419 - INFO - 📤 بخش ۲: دریافت کانفیگ‌های جدید برای ارسال به کانال...
2026-08-24 08:30:32,419 - INFO - 📡 دریافت پست‌ها از https://t.me/s/ConfigsHUB برای ارسال به کانال
2026-08-24 08:30:33,343 - INFO - ✅ 20 پست دریافت شد
2026-08-24 08:30:33,344 - INFO - ⏭️ رد کردن پست تکراری: ConfigsHUB/2009344
2026-08-24 08:30:33,344 - INFO - 💾 وضعیت به‌روز شد: ConfigsHUB/2009344
2026-08-24 08:30:33,344 - INFO - 📊 از https://t.me/s/ConfigsHUB: 0 کانفیگ جدید پیدا شد
2026-08-24 08:30:33,344 - INFO - 📊 تعداد کل کانفیگ‌های جدید: 0
2026-08-24 08:30:33,344 - INFO - ℹ️ کانفیگ جدیدی برای ارسال وجود ندارد
2026-08-24 08:30:33,344 - INFO - ==================================================
2026-08-24 08:30:33,345 - INFO - 🏁 اجرای ربات با موفقیت به پایان رسید
2026-08-24 08:52:47,850 - INFO - ==================================================
2026-08-24 08:52:47,850 - INFO - 🚀 شروع اجرای ربات
2026-08-24 08:52:47,850 - INFO - 📥 بخش ۱: دریافت ۱۰۰ کانفیگ آخر برای فایل JSON...
2026-08-24 08:52:47,850 - INFO - 📡 دریافت کانفیگ‌ها از https://t.me/s/ConfigsHUB برای فایل JSON
2026-08-24 08:52:48,647 - INFO - ✅ 3 کانفیگ از صفحه دریافت شد
2026-08-24 08:52:48,648 - INFO - 📊 از https://t.me/s/ConfigsHUB: 3 کانفیگ دریافت شد
2026-08-24 08:52:48,648 - INFO - 🔄 بعد از حذف تکراری: 3 کانفیگ برای JSON
2026-08-24 08:52:48,648 - WARNING - ⚠️ تعداد کانفیگ‌ها به 100 رسید (با None پر شد)
2026-08-24 08:52:48,648 - INFO - ✅ دقیقاً 100 کانفیگ در configs.json ذخیره شد
2026-08-24 08:52:48,649 - INFO - ✅ فایل configs.json با 3 کانفیگ واقعی به‌روز شد
2026-08-24 08:52:48,649 - INFO - 📝 نمونه کانفیگ اول: vless://6a38827e-d102-49ff-b7aa-2e2bb26f15ee@pnl.f...
2026-08-24 08:52:48,649 - INFO - 📤 بخش ۲: دریافت کانفیگ‌های جدید برای ارسال به کانال...
2026-08-24 08:52:48,649 - INFO - 📡 دریافت پست‌ها از https://t.me/s/ConfigsHUB برای ارسال به کانال
2026-08-24 08:52:49,350 - INFO - ✅ 20 پست دریافت شد
2026-08-24 08:52:49,351 - INFO - ⏭️ رد کردن پست تکراری: ConfigsHUB/2009344
2026-08-24 08:52:49,351 - INFO - 💾 وضعیت به‌روز شد: ConfigsHUB/2009344
2026-08-24 08:52:49,351 - INFO - 📊 از https://t.me/s/ConfigsHUB: 0 کانفیگ جدید پیدا شد
2026-08-24 08:52:49,352 - INFO - 📊 تعداد کل کانفیگ‌های جدید: 0
2026-08-24 08:52:49,352 - INFO - ℹ️ کانفیگ جدیدی برای ارسال وجود ندارد
2026-08-24 08:52:49,352 - INFO - ==================================================
2026-08-24 08:52:49,352 - INFO - 🏁 اجرای ربات با موفقیت به پایان رسید
2026-08-24 09:30:33,477 - INFO - ==================================================
2026-08-24 09:30:33,477 - INFO - 🚀 شروع اجرای ربات
2026-08-24 09:30:33,477 - INFO - 📥 بخش ۱: دریافت ۱۰۰ کانفیگ آخر برای فایل JSON...
2026-08-24 09:30:33,477 - INFO - 📡 دریافت کانفیگ‌ها از https://t.me/s/ConfigsHUB برای فایل JSON
2026-08-24 09:30:34,139 - INFO - ✅ 3 کانفیگ از صفحه دریافت شد
2026-08-24 09:30:34,140 - INFO - 📊 از https://t.me/s/ConfigsHUB: 3 کانفیگ دریافت شد
2026-08-24 09:30:34,140 - INFO - 🔄 بعد از حذف تکراری: 3 کانفیگ برای JSON
2026-08-24 09:30:34,140 - WARNING - ⚠️ تعداد کانفیگ‌ها به 100 رسید (با None پر شد)
2026-08-24 09:30:34,140 - INFO - ✅ دقیقاً 100 کانفیگ در configs.json ذخیره شد
2026-08-24 09:30:34,140 - INFO - ✅ فایل configs.json با 3 کانفیگ واقعی به‌روز شد
2026-08-24 09:30:34,140 - INFO - 📝 نمونه کانفیگ اول: vless://6a38827e-d102-49ff-b7aa-2e2bb26f15ee@pnl.f...
2026-08-24 09:30:34,140 - INFO - 📤 بخش ۲: دریافت کانفیگ‌های جدید برای ارسال به کانال...
2026-08-24 09:30:34,140 - INFO - 📡 دریافت پست‌ها از https://t.me/s/ConfigsHUB برای ارسال به کانال
2026-08-24 09:30:34,718 - INFO - ✅ 20 پست دریافت شد
2026-08-24 09:30:34,719 - INFO - ⏭️ رد کردن پست تکراری: ConfigsHUB/2009344
2026-08-24 09:30:34,719 - INFO - 💾 وضعیت به‌روز شد: ConfigsHUB/2009344
2026-08-24 09:30:34,719 - INFO - 📊 از https://t.me/s/ConfigsHUB: 0 کانفیگ جدید پیدا شد
2026-08-24 09:30:34,719 - INFO - 📊 تعداد کل کانفیگ‌های جدید: 0
2026-08-24 09:30:34,719 - INFO - ℹ️ کانفیگ جدیدی برای ارسال وجود ندارد
2026-08-24 09:30:34,719 - INFO - ==================================================
2026-08-24 09:30:34,719 - INFO - 🏁 اجرای ربات با موفقیت به پایان رسید
2026-08-24 09:52:28,625 - INFO - ==================================================
2026-08-24 09:52:28,625 - INFO - 🚀 شروع اجرای ربات
2026-08-24 09:52:28,625 - INFO - 📥 بخش ۱: دریافت ۱۰۰ کانفیگ آخر برای فایل JSON...
2026-08-24 09:52:28,625 - INFO - 📡 دریافت کانفیگ‌ها از https://t.me/s/ConfigsHUB برای فایل JSON
2026-08-24 09:52:29,363 - INFO - ✅ 3 کانفیگ از صفحه دریافت شد
2026-08-24 09:52:29,364 - INFO - 📊 از https://t.me/s/ConfigsHUB: 3 کانفیگ دریافت شد
2026-08-24 09:52:29,364 - INFO - 🔄 بعد از حذف تکراری: 3 کانفیگ برای JSON
2026-08-24 09:52:29,364 - WARNING - ⚠️ تعداد کانفیگ‌ها به 100 رسید (با None پر شد)
2026-08-24 09:52:29,364 - INFO - ✅ دقیقاً 100 کانفیگ در configs.json ذخیره شد
2026-08-24 09:52:29,365 - INFO - ✅ فایل configs.json با 3 کانفیگ واقعی به‌روز شد
2026-08-24 09:52:29,365 - INFO - 📝 نمونه کانفیگ اول: vless://6a38827e-d102-49ff-b7aa-2e2bb26f15ee@pnl.f...
2026-08-24 09:52:29,365 - INFO - 📤 بخش ۲: دریافت کانفیگ‌های جدید برای ارسال به کانال...
2026-08-24 09:52:29,365 - INFO - 📡 دریافت پست‌ها از https://t.me/s/ConfigsHUB برای ارسال به کانال
2026-08-24 09:52:30,033 - INFO - ✅ 20 پست دریافت شد
2026-08-24 09:52:30,034 - INFO - ⏭️ رد کردن پست تکراری: ConfigsHUB/2009344
2026-08-24 09:52:30,034 - INFO - 💾 وضعیت به‌روز شد: ConfigsHUB/2009344
2026-08-24 09:52:30,034 - INFO - 📊 از https://t.me/s/ConfigsHUB: 0 کانفیگ جدید پیدا شد
2026-08-24 09:52:30,034 - INFO - 📊 تعداد کل کانفیگ‌های جدید: 0
2026-08-24 09:52:30,034 - INFO - ℹ️ کانفیگ جدیدی برای ارسال وجود ندارد
2026-08-24 09:52:30,035 - INFO - ==================================================
2026-08-24 09:52:30,035 - INFO - 🏁 اجرای ربات با موفقیت به پایان رسید
2026-08-24 10:30:34,047 - INFO - ==================================================
2026-08-24 10:30:34,047 - INFO - 🚀 شروع اجرای ربات
2026-08-24 10:30:34,047 - INFO - 📥 بخش ۱: دریافت ۱۰۰ کانفیگ آخر برای فایل JSON...
2026-08-24 10:30:34,047 - INFO - 📡 دریافت کانفیگ‌ها از https://t.me/s/ConfigsHUB برای فایل JSON
2026-08-24 10:30:34,706 - INFO - ✅ 3 کانفیگ از صفحه دریافت شد
2026-08-24 10:30:34,708 - INFO - 📊 از https://t.me/s/ConfigsHUB: 3 کانفیگ دریافت شد
2026-08-24 10:30:34,708 - INFO - 🔄 بعد از حذف تکراری: 3 کانفیگ برای JSON
2026-08-24 10:30:34,708 - WARNING - ⚠️ تعداد کانفیگ‌ها به 100 رسید (با None پر شد)
2026-08-24 10:30:34,708 - INFO - ✅ دقیقاً 100 کانفیگ در configs.json ذخیره شد
2026-08-24 10:30:34,708 - INFO - ✅ فایل configs.json با 3 کانفیگ واقعی به‌روز شد
2026-08-24 10:30:34,708 - INFO - 📝 نمونه کانفیگ اول: vless://6a38827e-d102-49ff-b7aa-2e2bb26f15ee@pnl.f...
2026-08-24 10:30:34,708 - INFO - 📤 بخش ۲: دریافت کانفیگ‌های جدید برای ارسال به کانال...
2026-08-24 10:30:34,709 - INFO - 📡 دریافت پست‌ها از https://t.me/s/ConfigsHUB برای ارسال به کانال
2026-08-24 10:30:35,301 - INFO - ✅ 20 پست دریافت شد
2026-08-24 10:30:35,302 - INFO - ⏭️ رد کردن پست تکراری: ConfigsHUB/2009344
2026-08-24 10:30:35,303 - INFO - 💾 وضعیت به‌روز شد: ConfigsHUB/2009344
2026-08-24 10:30:35,303 - INFO - 📊 از https://t.me/s/ConfigsHUB: 0 کانفیگ جدید پیدا شد
2026-08-24 10:30:35,303 - INFO - 📊 تعداد کل کانفیگ‌های جدید: 0
2026-08-24 10:30:35,303 - INFO - ℹ️ کانفیگ جدیدی برای ارسال وجود ندارد
2026-08-24 10:30:35,303 - INFO - ==================================================
2026-08-24 10:30:35,303 - INFO - 🏁 اجرای ربات با موفقیت به پایان رسید
2026-08-24 10:40:17,774 - INFO - ==================================================
2026-08-24 10:40:17,774 - INFO - 🚀 شروع اجرای ربات
2026-08-24 10:40:17,774 - INFO - 📥 بخش ۱: دریافت ۱۰۰ کانفیگ آخر برای فایل JSON...
2026-08-24 10:40:17,774 - INFO - 📡 دریافت کانفیگ‌ها از https://t.me/s/ConfigsHUB برای فایل JSON
2026-08-24 10:40:18,250 - INFO - ✅ 3 کانفیگ از صفحه دریافت شد
2026-08-24 10:40:18,251 - INFO - 📊 از https://t.me/s/ConfigsHUB: 3 کانفیگ دریافت شد
2026-08-24 10:40:18,251 - INFO - 🔄 بعد از حذف تکراری: 3 کانفیگ برای JSON
2026-08-24 10:40:18,251 - WARNING - ⚠️ تعداد کانفیگ‌ها به 100 رسید (با None پر شد)
2026-08-24 10:40:18,251 - INFO - ✅ دقیقاً 100 کانفیگ در configs.json ذخیره شد
2026-08-24 10:40:18,252 - INFO - ✅ فایل configs.json با 3 کانفیگ واقعی به‌روز شد
2026-08-24 10:40:18,252 - INFO - 📝 نمونه کانفیگ اول: vless://6a38827e-d102-49ff-b7aa-2e2bb26f15ee@pnl.f...
2026-08-24 10:40:18,252 - INFO - 📤 بخش ۲: دریافت کانفیگ‌های جدید برای ارسال به کانال...
2026-08-24 10:40:18,252 - INFO - 📡 دریافت پست‌ها از https://t.me/s/ConfigsHUB برای ارسال به کانال
2026-08-24 10:40:18,654 - INFO - ✅ 20 پست دریافت شد
2026-08-24 10:40:18,654 - INFO - ⏭️ رد کردن پست تکراری: ConfigsHUB/2009344
2026-08-24 10:40:18,654 - INFO - 💾 وضعیت به‌روز شد: ConfigsHUB/2009344
2026-08-24 10:40:18,654 - INFO - 📊 از https://t.me/s/ConfigsHUB: 0 کانفیگ جدید پیدا شد
2026-08-24 10:40:18,655 - INFO - 📊 تعداد کل کانفیگ‌های جدید: 0
2026-08-24 10:40:18,655 - INFO - ℹ️ کانفیگ جدیدی برای ارسال وجود ندارد
2026-08-24 10:40:18,655 - INFO - ==================================================
2026-08-24 10:40:18,655 - INFO - 🏁 اجرای ربات با موفقیت به پایان رسید
2026-08-24 11:30:29,947 - INFO - ==================================================
2026-08-24 11:30:29,947 - INFO - 🚀 شروع اجرای ربات
2026-08-24 11:30:29,947 - INFO - 📥 بخش ۱: دریافت ۱۰۰ کانفیگ آخر برای فایل JSON...
2026-08-24 11:30:29,947 - INFO - 📡 دریافت کانفیگ‌ها از https://t.me/s/ConfigsHUB برای فایل JSON
2026-08-24 11:30:30,428 - INFO - ✅ 3 کانفیگ از صفحه دریافت شد
2026-08-24 11:30:30,429 - INFO - 📊 از https://t.me/s/ConfigsHUB: 3 کانفیگ دریافت شد
2026-08-24 11:30:30,429 - INFO - 🔄 بعد از حذف تکراری: 3 کانفیگ برای JSON
2026-08-24 11:30:30,429 - WARNING - ⚠️ تعداد کانفیگ‌ها به 100 رسید (با None پر شد)
2026-08-24 11:30:30,430 - INFO - ✅ دقیقاً 100 کانفیگ در configs.json ذخیره شد
2026-08-24 11:30:30,430 - INFO - ✅ فایل configs.json با 3 کانفیگ واقعی به‌روز شد
2026-08-24 11:30:30,430 - INFO - 📝 نمونه کانفیگ اول: vless://6a38827e-d102-49ff-b7aa-2e2bb26f15ee@pnl.f...
2026-08-24 11:30:30,430 - INFO - 📤 بخش ۲: دریافت کانفیگ‌های جدید برای ارسال به کانال...
2026-08-24 11:30:30,430 - INFO - 📡 دریافت پست‌ها از https://t.me/s/ConfigsHUB برای ارسال به کانال
2026-08-24 11:30:30,808 - INFO - ✅ 20 پست دریافت شد
2026-08-24 11:30:30,809 - INFO - ⏭️ رد کردن پست تکراری: ConfigsHUB/2009344
2026-08-24 11:30:30,809 - INFO - 💾 وضعیت به‌روز شد: ConfigsHUB/2009344
2026-08-24 11:30:30,809 - INFO - 📊 از https://t.me/s/ConfigsHUB: 0 کانفیگ جدید پیدا شد
2026-08-24 11:30:30,809 - INFO - 📊 تعداد کل کانفیگ‌های جدید: 0
2026-08-24 11:30:30,809 - INFO - ℹ️ کانفیگ جدیدی برای ارسال وجود ندارد
2026-08-24 11:30:30,809 - INFO - ==================================================
2026-08-24 11:30:30,809 - INFO - 🏁 اجرای ربات با موفقیت به پایان رسید
2026-08-24 11:32:30,570 - INFO - ==================================================
2026-08-24 11:32:30,570 - INFO - 🚀 شروع اجرای ربات
2026-08-24 11:32:30,570 - INFO - 📥 بخش ۱: دریافت ۱۰۰ کانفیگ آخر برای فایل JSON...
2026-08-24 11:32:30,570 - INFO - 📡 دریافت کانفیگ‌ها از https://t.me/s/ConfigsHUB برای فایل JSON
2026-08-24 11:32:31,095 - INFO - ✅ 3 کانفیگ از صفحه دریافت شد
2026-08-24 11:32:31,096 - INFO - 📊 از https://t.me/s/ConfigsHUB: 3 کانفیگ دریافت شد
2026-08-24 11:32:31,096 - INFO - 🔄 بعد از حذف تکراری: 3 کانفیگ برای JSON
2026-08-24 11:32:31,096 - WARNING - ⚠️ تعداد کانفیگ‌ها به 100 رسید (با None پر شد)
2026-08-24 11:32:31,097 - INFO - ✅ دقیقاً 100 کانفیگ در configs.json ذخیره شد
2026-08-24 11:32:31,097 - INFO - ✅ فایل configs.json با 3 کانفیگ واقعی به‌روز شد
2026-08-24 11:32:31,097 - INFO - 📝 نمونه کانفیگ اول: vless://6a38827e-d102-49ff-b7aa-2e2bb26f15ee@pnl.f...
2026-08-24 11:32:31,097 - INFO - 📤 بخش ۲: دریافت کانفیگ‌های جدید برای ارسال به کانال...
2026-08-24 11:32:31,097 - INFO - 📡 دریافت پست‌ها از https://t.me/s/ConfigsHUB برای ارسال به کانال
2026-08-24 11:32:31,538 - INFO - ✅ 20 پست دریافت شد
2026-08-24 11:32:31,539 - INFO - ⏭️ رد کردن پست تکراری: ConfigsHUB/2009344
2026-08-24 11:32:31,540 - INFO - 💾 وضعیت به‌روز شد: ConfigsHUB/2009344
2026-08-24 11:32:31,540 - INFO - 📊 از https://t.me/s/ConfigsHUB: 0 کانفیگ جدید پیدا شد
2026-08-24 11:32:31,540 - INFO - 📊 تعداد کل کانفیگ‌های جدید: 0
2026-08-24 11:32:31,540 - INFO - ℹ️ کانفیگ جدیدی برای ارسال وجود ندارد
2026-08-24 11:32:31,540 - INFO - ==================================================
2026-08-24 11:32:31,540 - INFO - 🏁 اجرای ربات با موفقیت به پایان رسید
2026-08-24 12:30:36,103 - INFO - ==================================================
2026-08-24 12:30:36,103 - INFO - 🚀 شروع اجرای ربات
2026-08-24 12:30:36,103 - INFO - 📥 بخش ۱: دریافت ۱۰۰ کانفیگ آخر برای فایل JSON...
2026-08-24 12:30:36,103 - INFO - 📡 دریافت کانفیگ‌ها از https://t.me/s/ConfigsHUB برای فایل JSON
2026-08-24 12:30:36,653 - INFO - ✅ 3 کانفیگ از صفحه دریافت شد
2026-08-24 12:30:36,654 - INFO - 📊 از https://t.me/s/ConfigsHUB: 3 کانفیگ دریافت شد
2026-08-24 12:30:36,654 - INFO - 🔄 بعد از حذف تکراری: 3 کانفیگ برای JSON
2026-08-24 12:30:36,654 - WARNING - ⚠️ تعداد کانفیگ‌ها به 100 رسید (با None پر شد)
2026-08-24 12:30:36,655 - INFO - ✅ دقیقاً 100 کانفیگ در configs.json ذخیره شد
2026-08-24 12:30:36,655 - INFO - ✅ فایل configs.json با 3 کانفیگ واقعی به‌روز شد
2026-08-24 12:30:36,655 - INFO - 📝 نمونه کانفیگ اول: vless://6a38827e-d102-49ff-b7aa-2e2bb26f15ee@pnl.f...
2026-08-24 12:30:36,655 - INFO - 📤 بخش ۲: دریافت کانفیگ‌های جدید برای ارسال به کانال...
2026-08-24 12:30:36,655 - INFO - 📡 دریافت پست‌ها از https://t.me/s/ConfigsHUB برای ارسال به کانال
2026-08-24 12:30:37,115 - INFO - ✅ 20 پست دریافت شد
2026-08-24 12:30:37,116 - INFO - ⏭️ رد کردن پست تکراری: ConfigsHUB/2009344
2026-08-24 12:30:37,116 - INFO - 💾 وضعیت به‌روز شد: ConfigsHUB/2009344
2026-08-24 12:30:37,117 - INFO - 📊 از https://t.me/s/ConfigsHUB: 0 کانفیگ جدید پیدا شد
2026-08-24 12:30:37,117 - INFO - 📊 تعداد کل کانفیگ‌های جدید: 0
2026-08-24 12:30:37,117 - INFO - ℹ️ کانفیگ جدیدی برای ارسال وجود ندارد
2026-08-24 12:30:37,117 - INFO - ==================================================
2026-08-24 12:30:37,117 - INFO - 🏁 اجرای ربات با موفقیت به پایان رسید
2026-08-24 12:57:43,048 - INFO - ==================================================
2026-08-24 12:57:43,048 - INFO - 🚀 شروع اجرای ربات
2026-08-24 12:57:43,048 - INFO - 📥 بخش ۱: دریافت ۱۰۰ کانفیگ آخر برای فایل JSON...
2026-08-24 12:57:43,048 - INFO - 📡 دریافت کانفیگ‌ها از https://t.me/s/ConfigsHUB برای فایل JSON
2026-08-24 12:57:43,819 - INFO - ✅ 3 کانفیگ از صفحه دریافت شد
2026-08-24 12:57:43,820 - INFO - 📊 از https://t.me/s/ConfigsHUB: 3 کانفیگ دریافت شد
2026-08-24 12:57:43,821 - INFO - 🔄 بعد از حذف تکراری: 3 کانفیگ برای JSON
2026-08-24 12:57:43,821 - WARNING - ⚠️ تعداد کانفیگ‌ها به 100 رسید (با None پر شد)
2026-08-24 12:57:43,821 - INFO - ✅ دقیقاً 100 کانفیگ در configs.json ذخیره شد
2026-08-24 12:57:43,821 - INFO - ✅ فایل configs.json با 3 کانفیگ واقعی به‌روز شد
2026-08-24 12:57:43,821 - INFO - 📝 نمونه کانفیگ اول: vless://6a38827e-d102-49ff-b7aa-2e2bb26f15ee@pnl.f...
2026-08-24 12:57:43,821 - INFO - 📤 بخش ۲: دریافت کانفیگ‌های جدید برای ارسال به کانال...
2026-08-24 12:57:43,821 - INFO - 📡 دریافت پست‌ها از https://t.me/s/ConfigsHUB برای ارسال به کانال
2026-08-24 12:57:44,494 - INFO - ✅ 20 پست دریافت شد
2026-08-24 12:57:44,495 - INFO - ⏭️ رد کردن پست تکراری: ConfigsHUB/2009344
2026-08-24 12:57:44,496 - INFO - 💾 وضعیت به‌روز شد: ConfigsHUB/2009344
2026-08-24 12:57:44,496 - INFO - 📊 از https://t.me/s/ConfigsHUB: 0 کانفیگ جدید پیدا شد
2026-08-24 12:57:44,496 - INFO - 📊 تعداد کل کانفیگ‌های جدید: 0
2026-08-24 12:57:44,496 - INFO - ℹ️ کانفیگ جدیدی برای ارسال وجود ندارد
2026-08-24 12:57:44,496 - INFO - ==================================================
2026-08-24 12:57:44,496 - INFO - 🏁 اجرای ربات با موفقیت به پایان رسید
2026-08-24 13:30:31,472 - INFO - ==================================================
2026-08-24 13:30:31,472 - INFO - 🚀 شروع اجرای ربات
2026-08-24 13:30:31,472 - INFO - 📥 بخش ۱: دریافت ۱۰۰ کانفیگ آخر برای فایل JSON...
2026-08-24 13:30:31,472 - INFO - 📡 دریافت کانفیگ‌ها از https://t.me/s/ConfigsHUB برای فایل JSON
2026-08-24 13:30:31,939 - INFO - ✅ 2 کانفیگ از صفحه دریافت شد
2026-08-24 13:30:31,940 - INFO - 📊 از https://t.me/s/ConfigsHUB: 2 کانفیگ دریافت شد
2026-08-24 13:30:31,940 - INFO - 🔄 بعد از حذف تکراری: 2 کانفیگ برای JSON
2026-08-24 13:30:31,940 - WARNING - ⚠️ تعداد کانفیگ‌ها به 100 رسید (با None پر شد)
2026-08-24 13:30:31,940 - INFO - ✅ دقیقاً 100 کانفیگ در configs.json ذخیره شد
2026-08-24 13:30:31,940 - INFO - ✅ فایل configs.json با 2 کانفیگ واقعی به‌روز شد
2026-08-24 13:30:31,940 - INFO - 📝 نمونه کانفیگ اول: vless://8ef35d02-5e6a-48d8-977a-ca3d61290b92@iri.l...
2026-08-24 13:30:31,940 - INFO - 📤 بخش ۲: دریافت کانفیگ‌های جدید برای ارسال به کانال...
2026-08-24 13:30:31,941 - INFO - 📡 دریافت پست‌ها از https://t.me/s/ConfigsHUB برای ارسال به کانال
2026-08-24 13:30:32,353 - INFO - ✅ 20 پست دریافت شد
2026-08-24 13:30:32,355 - INFO - 💾 وضعیت به‌روز شد: ConfigsHUB/2009345
2026-08-24 13:30:32,355 - INFO - 📊 از https://t.me/s/ConfigsHUB: 2 کانفیگ جدید پیدا شد
2026-08-24 13:30:32,355 - INFO - 📊 تعداد کل کانفیگ‌های جدید: 2
2026-08-24 13:30:32,355 - INFO - 📤 ارسال 2 کانفیگ به کانال
2026-08-24 13:30:32,816 - INFO - HTTP Request: POST https://api.telegram.org/bot8316746677:AAF1IzRzODBtCvVWrL6dWtw7F8U3qb4DwXM/sendMessage "HTTP/1.1 200 OK"
2026-08-24 13:30:32,817 - INFO - ✅ پیام 1 از 1 ارسال شد
2026-08-24 13:30:33,819 - INFO - ==================================================
2026-08-24 13:30:33,819 - INFO - 🏁 اجرای ربات با موفقیت به پایان رسید
2026-08-24 13:56:22,816 - INFO - ==================================================
2026-08-24 13:56:22,816 - INFO - 🚀 شروع اجرای ربات
2026-08-24 13:56:22,816 - INFO - 📥 بخش ۱: دریافت ۱۰۰ کانفیگ آخر برای فایل JSON...
2026-08-24 13:56:22,816 - INFO - 📡 دریافت کانفیگ‌ها از https://t.me/s/ConfigsHUB برای فایل JSON
2026-08-24 13:56:23,609 - INFO - ✅ 2 کانفیگ از صفحه دریافت شد
2026-08-24 13:56:23,610 - INFO - 📊 از https://t.me/s/ConfigsHUB: 2 کانفیگ دریافت شد
2026-08-24 13:56:23,610 - INFO - 🔄 بعد از حذف تکراری: 2 کانفیگ برای JSON
2026-08-24 13:56:23,610 - WARNING - ⚠️ تعداد کانفیگ‌ها به 100 رسید (با None پر شد)
2026-08-24 13:56:23,611 - INFO - ✅ دقیقاً 100 کانفیگ در configs.json ذخیره شد
2026-08-24 13:56:23,611 - INFO - ✅ فایل configs.json با 2 کانفیگ واقعی به‌روز شد
2026-08-24 13:56:23,611 - INFO - 📝 نمونه کانفیگ اول: vless://8ef35d02-5e6a-48d8-977a-ca3d61290b92@iri.l...
2026-08-24 13:56:23,611 - INFO - 📤 بخش ۲: دریافت کانفیگ‌های جدید برای ارسال به کانال...
2026-08-24 13:56:23,611 - INFO - 📡 دریافت پست‌ها از https://t.me/s/ConfigsHUB برای ارسال به کانال
2026-08-24 13:56:24,314 - INFO - ✅ 20 پست دریافت شد
2026-08-24 13:56:24,315 - INFO - ⏭️ رد کردن پست تکراری: ConfigsHUB/2009345
2026-08-24 13:56:24,315 - INFO - 💾 وضعیت به‌روز شد: ConfigsHUB/2009345
2026-08-24 13:56:24,315 - INFO - 📊 از https://t.me/s/ConfigsHUB: 0 کانفیگ جدید پیدا شد
2026-08-24 13:56:24,315 - INFO - 📊 تعداد کل کانفیگ‌های جدید: 0
2026-08-24 13:56:24,315 - INFO - ℹ️ کانفیگ جدیدی برای ارسال وجود ندارد
2026-08-24 13:56:24,316 - INFO - ==================================================
2026-08-24 13:56:24,316 - INFO - 🏁 اجرای ربات با موفقیت به پایان رسید
2026-08-24 14:30:30,536 - INFO - ==================================================
2026-08-24 14:30:30,537 - INFO - 🚀 شروع اجرای ربات
2026-08-24 14:30:30,537 - INFO - 📥 بخش ۱: دریافت ۱۰۰ کانفیگ آخر برای فایل JSON...
2026-08-24 14:30:30,537 - INFO - 📡 دریافت کانفیگ‌ها از https://t.me/s/ConfigsHUB برای فایل JSON
2026-08-24 14:30:31,164 - INFO - ✅ 2 کانفیگ از صفحه دریافت شد
2026-08-24 14:30:31,165 - INFO - 📊 از https://t.me/s/ConfigsHUB: 2 کانفیگ دریافت شد
2026-08-24 14:30:31,165 - INFO - 🔄 بعد از حذف تکراری: 2 کانفیگ برای JSON
2026-08-24 14:30:31,165 - WARNING - ⚠️ تعداد کانفیگ‌ها به 100 رسید (با None پر شد)
2026-08-24 14:30:31,165 - INFO - ✅ دقیقاً 100 کانفیگ در configs.json ذخیره شد
2026-08-24 14:30:31,165 - INFO - ✅ فایل configs.json با 2 کانفیگ واقعی به‌روز شد
2026-08-24 14:30:31,165 - INFO - 📝 نمونه کانفیگ اول: vless://8ef35d02-5e6a-48d8-977a-ca3d61290b92@iri.l...
2026-08-24 14:30:31,165 - INFO - 📤 بخش ۲: دریافت کانفیگ‌های جدید برای ارسال به کانال...
2026-08-24 14:30:31,166 - INFO - 📡 دریافت پست‌ها از https://t.me/s/ConfigsHUB برای ارسال به کانال
2026-08-24 14:30:31,714 - INFO - ✅ 20 پست دریافت شد
2026-08-24 14:30:31,715 - INFO - ⏭️ رد کردن پست تکراری: ConfigsHUB/2009345
2026-08-24 14:30:31,715 - INFO - 💾 وضعیت به‌روز شد: ConfigsHUB/2009345
2026-08-24 14:30:31,716 - INFO - 📊 از https://t.me/s/ConfigsHUB: 0 کانفیگ جدید پیدا شد
2026-08-24 14:30:31,716 - INFO - 📊 تعداد کل کانفیگ‌های جدید: 0
2026-08-24 14:30:31,716 - INFO - ℹ️ کانفیگ جدیدی برای ارسال وجود ندارد
2026-08-24 14:30:31,716 - INFO - ==================================================
2026-08-24 14:30:31,716 - INFO - 🏁 اجرای ربات با موفقیت به پایان رسید
2026-08-24 14:49:57,664 - INFO - ==================================================
2026-08-24 14:49:57,664 - INFO - 🚀 شروع اجرای ربات
2026-08-24 14:49:57,664 - INFO - 📥 بخش ۱: دریافت ۱۰۰ کانفیگ آخر برای فایل JSON...
2026-08-24 14:49:57,664 - INFO - 📡 دریافت کانفیگ‌ها از https://t.me/s/ConfigsHUB برای فایل JSON
2026-08-24 14:49:58,302 - INFO - ✅ 2 کانفیگ از صفحه دریافت شد
2026-08-24 14:49:58,303 - INFO - 📊 از https://t.me/s/ConfigsHUB: 2 کانفیگ دریافت شد
2026-08-24 14:49:58,303 - INFO - 🔄 بعد از حذف تکراری: 2 کانفیگ برای JSON
2026-08-24 14:49:58,303 - WARNING - ⚠️ تعداد کانفیگ‌ها به 100 رسید (با None پر شد)
2026-08-24 14:49:58,304 - INFO - ✅ دقیقاً 100 کانفیگ در configs.json ذخیره شد
2026-08-24 14:49:58,304 - INFO - ✅ فایل configs.json با 2 کانفیگ واقعی به‌روز شد
2026-08-24 14:49:58,304 - INFO - 📝 نمونه کانفیگ اول: vless://8ef35d02-5e6a-48d8-977a-ca3d61290b92@iri.l...
2026-08-24 14:49:58,304 - INFO - 📤 بخش ۲: دریافت کانفیگ‌های جدید برای ارسال به کانال...
2026-08-24 14:49:58,304 - INFO - 📡 دریافت پست‌ها از https://t.me/s/ConfigsHUB برای ارسال به کانال
2026-08-24 14:49:58,897 - INFO - ✅ 20 پست دریافت شد
2026-08-24 14:49:58,898 - INFO - ⏭️ رد کردن پست تکراری: ConfigsHUB/2009345
2026-08-24 14:49:58,898 - INFO - 💾 وضعیت به‌روز شد: ConfigsHUB/2009345
2026-08-24 14:49:58,898 - INFO - 📊 از https://t.me/s/ConfigsHUB: 0 کانفیگ جدید پیدا شد
2026-08-24 14:49:58,898 - INFO - 📊 تعداد کل کانفیگ‌های جدید: 0
2026-08-24 14:49:58,898 - INFO - ℹ️ کانفیگ جدیدی برای ارسال وجود ندارد
2026-08-24 14:49:58,898 - INFO - ==================================================
2026-08-24 14:49:58,898 - INFO - 🏁 اجرای ربات با موفقیت به پایان رسید
2026-08-24 15:30:30,182 - INFO - ==================================================
2026-08-24 15:30:30,182 - INFO - 🚀 شروع اجرای ربات
2026-08-24 15:30:30,182 - INFO - 📥 بخش ۱: دریافت ۱۰۰ کانفیگ آخر برای فایل JSON...
2026-08-24 15:30:30,182 - INFO - 📡 دریافت کانفیگ‌ها از https://t.me/s/ConfigsHUB برای فایل JSON
2026-08-24 15:30:30,707 - INFO - ✅ 2 کانفیگ از صفحه دریافت شد
2026-08-24 15:30:30,708 - INFO - 📊 از https://t.me/s/ConfigsHUB: 2 کانفیگ دریافت شد
2026-08-24 15:30:30,709 - INFO - 🔄 بعد از حذف تکراری: 2 کانفیگ برای JSON
2026-08-24 15:30:30,709 - WARNING - ⚠️ تعداد کانفیگ‌ها به 100 رسید (با None پر شد)
2026-08-24 15:30:30,709 - INFO - ✅ دقیقاً 100 کانفیگ در configs.json ذخیره شد
2026-08-24 15:30:30,709 - INFO - ✅ فایل configs.json با 2 کانفیگ واقعی به‌روز شد
2026-08-24 15:30:30,709 - INFO - 📝 نمونه کانفیگ اول: vless://8ef35d02-5e6a-48d8-977a-ca3d61290b92@iri.l...
2026-08-24 15:30:30,709 - INFO - 📤 بخش ۲: دریافت کانفیگ‌های جدید برای ارسال به کانال...
2026-08-24 15:30:30,709 - INFO - 📡 دریافت پست‌ها از https://t.me/s/ConfigsHUB برای ارسال به کانال
2026-08-24 15:30:31,179 - INFO - ✅ 20 پست دریافت شد
2026-08-24 15:30:31,181 - INFO - ⏭️ رد کردن پست تکراری: ConfigsHUB/2009345
2026-08-24 15:30:31,181 - INFO - 💾 وضعیت به‌روز شد: ConfigsHUB/2009345
2026-08-24 15:30:31,181 - INFO - 📊 از https://t.me/s/ConfigsHUB: 0 کانفیگ جدید پیدا شد
2026-08-24 15:30:31,181 - INFO - 📊 تعداد کل کانفیگ‌های جدید: 0
2026-08-24 15:30:31,181 - INFO - ℹ️ کانفیگ جدیدی برای ارسال وجود ندارد
2026-08-24 15:30:31,181 - INFO - ==================================================
2026-08-24 15:30:31,181 - INFO - 🏁 اجرای ربات با موفقیت به پایان رسید
2026-08-24 15:42:45,408 - INFO - ==================================================
2026-08-24 15:42:45,408 - INFO - 🚀 شروع اجرای ربات
2026-08-24 15:42:45,408 - INFO - 📥 بخش ۱: دریافت ۱۰۰ کانفیگ آخر برای فایل JSON...
2026-08-24 15:42:45,408 - INFO - 📡 دریافت کانفیگ‌ها از https://t.me/s/ConfigsHUB برای فایل JSON
2026-08-24 15:42:45,947 - INFO - ✅ 2 کانفیگ از صفحه دریافت شد
2026-08-24 15:42:45,948 - INFO - 📊 از https://t.me/s/ConfigsHUB: 2 کانفیگ دریافت شد
2026-08-24 15:42:45,948 - INFO - 🔄 بعد از حذف تکراری: 2 کانفیگ برای JSON
2026-08-24 15:42:45,948 - WARNING - ⚠️ تعداد کانفیگ‌ها به 100 رسید (با None پر شد)
2026-08-24 15:42:45,949 - INFO - ✅ دقیقاً 100 کانفیگ در configs.json ذخیره شد
2026-08-24 15:42:45,949 - INFO - ✅ فایل configs.json با 2 کانفیگ واقعی به‌روز شد
2026-08-24 15:42:45,949 - INFO - 📝 نمونه کانفیگ اول: vless://8ef35d02-5e6a-48d8-977a-ca3d61290b92@iri.l...
2026-08-24 15:42:45,949 - INFO - 📤 بخش ۲: دریافت کانفیگ‌های جدید برای ارسال به کانال...
2026-08-24 15:42:45,949 - INFO - 📡 دریافت پست‌ها از https://t.me/s/ConfigsHUB برای ارسال به کانال
2026-08-24 15:42:46,465 - INFO - ✅ 20 پست دریافت شد
2026-08-24 15:42:46,466 - INFO - ⏭️ رد کردن پست تکراری: ConfigsHUB/2009345
2026-08-24 15:42:46,466 - INFO - 💾 وضعیت به‌روز شد: ConfigsHUB/2009345
2026-08-24 15:42:46,466 - INFO - 📊 از https://t.me/s/ConfigsHUB: 0 کانفیگ جدید پیدا شد
2026-08-24 15:42:46,466 - INFO - 📊 تعداد کل کانفیگ‌های جدید: 0
2026-08-24 15:42:46,466 - INFO - ℹ️ کانفیگ جدیدی برای ارسال وجود ندارد
2026-08-24 15:42:46,466 - INFO - ==================================================
2026-08-24 15:42:46,466 - INFO - 🏁 اجرای ربات با موفقیت به پایان رسید
2026-08-24 16:30:31,549 - INFO - ==================================================
2026-08-24 16:30:31,549 - INFO - 🚀 شروع اجرای ربات
2026-08-24 16:30:31,549 - INFO - 📥 بخش ۱: دریافت ۱۰۰ کانفیگ آخر برای فایل JSON...
2026-08-24 16:30:31,549 - INFO - 📡 دریافت کانفیگ‌ها از https://t.me/s/ConfigsHUB برای فایل JSON
2026-08-24 16:30:32,093 - INFO - ✅ 2 کانفیگ از صفحه دریافت شد
2026-08-24 16:30:32,094 - INFO - 📊 از https://t.me/s/ConfigsHUB: 2 کانفیگ دریافت شد
2026-08-24 16:30:32,095 - INFO - 🔄 بعد از حذف تکراری: 2 کانفیگ برای JSON
2026-08-24 16:30:32,095 - WARNING - ⚠️ تعداد کانفیگ‌ها به 100 رسید (با None پر شد)
2026-08-24 16:30:32,095 - INFO - ✅ دقیقاً 100 کانفیگ در configs.json ذخیره شد
2026-08-24 16:30:32,095 - INFO - ✅ فایل configs.json با 2 کانفیگ واقعی به‌روز شد
2026-08-24 16:30:32,095 - INFO - 📝 نمونه کانفیگ اول: vless://8ef35d02-5e6a-48d8-977a-ca3d61290b92@iri.l...
2026-08-24 16:30:32,095 - INFO - 📤 بخش ۲: دریافت کانفیگ‌های جدید برای ارسال به کانال...
2026-08-24 16:30:32,095 - INFO - 📡 دریافت پست‌ها از https://t.me/s/ConfigsHUB برای ارسال به کانال
2026-08-24 16:30:32,574 - INFO - ✅ 20 پست دریافت شد
2026-08-24 16:30:32,575 - INFO - ⏭️ رد کردن پست تکراری: ConfigsHUB/2009345
2026-08-24 16:30:32,575 - INFO - 💾 وضعیت به‌روز شد: ConfigsHUB/2009345
2026-08-24 16:30:32,575 - INFO - 📊 از https://t.me/s/ConfigsHUB: 0 کانفیگ جدید پیدا شد
2026-08-24 16:30:32,576 - INFO - 📊 تعداد کل کانفیگ‌های جدید: 0
2026-08-24 16:30:32,576 - INFO - ℹ️ کانفیگ جدیدی برای ارسال وجود ندارد
2026-08-24 16:30:32,576 - INFO - ==================================================
2026-08-24 16:30:32,576 - INFO - 🏁 اجرای ربات با موفقیت به پایان رسید
2026-08-24 16:41:46,942 - INFO - ==================================================
2026-08-24 16:41:46,943 - INFO - 🚀 شروع اجرای ربات
2026-08-24 16:41:46,943 - INFO - 📥 بخش ۱: دریافت ۱۰۰ کانفیگ آخر برای فایل JSON...
2026-08-24 16:41:46,943 - INFO - 📡 دریافت کانفیگ‌ها از https://t.me/s/ConfigsHUB برای فایل JSON
2026-08-24 16:41:50,761 - INFO - ✅ 2 کانفیگ از صفحه دریافت شد
2026-08-24 16:41:50,762 - INFO - 📊 از https://t.me/s/ConfigsHUB: 2 کانفیگ دریافت شد
2026-08-24 16:41:50,763 - INFO - 🔄 بعد از حذف تکراری: 2 کانفیگ برای JSON
2026-08-24 16:41:50,763 - WARNING - ⚠️ تعداد کانفیگ‌ها به 100 رسید (با None پر شد)
2026-08-24 16:41:50,763 - INFO - ✅ دقیقاً 100 کانفیگ در configs.json ذخیره شد
2026-08-24 16:41:50,763 - INFO - ✅ فایل configs.json با 2 کانفیگ واقعی به‌روز شد
2026-08-24 16:41:50,763 - INFO - 📝 نمونه کانفیگ اول: vless://8ef35d02-5e6a-48d8-977a-ca3d61290b92@iri.l...
2026-08-24 16:41:50,763 - INFO - 📤 بخش ۲: دریافت کانفیگ‌های جدید برای ارسال به کانال...
2026-08-24 16:41:50,763 - INFO - 📡 دریافت پست‌ها از https://t.me/s/ConfigsHUB برای ارسال به کانال
2026-08-24 16:41:51,604 - INFO - ✅ 20 پست دریافت شد
2026-08-24 16:41:51,605 - INFO - ⏭️ رد کردن پست تکراری: ConfigsHUB/2009345
2026-08-24 16:41:51,605 - INFO - 💾 وضعیت به‌روز شد: ConfigsHUB/2009345
2026-08-24 16:41:51,605 - INFO - 📊 از https://t.me/s/ConfigsHUB: 0 کانفیگ جدید پیدا شد
2026-08-24 16:41:51,605 - INFO - 📊 تعداد کل کانفیگ‌های جدید: 0
2026-08-24 16:41:51,605 - INFO - ℹ️ کانفیگ جدیدی برای ارسال وجود ندارد
2026-08-24 16:41:51,605 - INFO - ==================================================
2026-08-24 16:41:51,606 - INFO - 🏁 اجرای ربات با موفقیت به پایان رسید
2026-08-24 17:30:32,505 - INFO - ==================================================
2026-08-24 17:30:32,505 - INFO - 🚀 شروع اجرای ربات
2026-08-24 17:30:32,505 - INFO - 📥 بخش ۱: دریافت ۱۰۰ کانفیگ آخر برای فایل JSON...
2026-08-24 17:30:32,505 - INFO - 📡 دریافت کانفیگ‌ها از https://t.me/s/ConfigsHUB برای فایل JSON
2026-08-24 17:30:33,108 - INFO - ✅ 2 کانفیگ از صفحه دریافت شد
2026-08-24 17:30:33,109 - INFO - 📊 از https://t.me/s/ConfigsHUB: 2 کانفیگ دریافت شد
2026-08-24 17:30:33,109 - INFO - 🔄 بعد از حذف تکراری: 2 کانفیگ برای JSON
2026-08-24 17:30:33,109 - WARNING - ⚠️ تعداد کانفیگ‌ها به 100 رسید (با None پر شد)
2026-08-24 17:30:33,110 - INFO - ✅ دقیقاً 100 کانفیگ در configs.json ذخیره شد
2026-08-24 17:30:33,110 - INFO - ✅ فایل configs.json با 2 کانفیگ واقعی به‌روز شد
2026-08-24 17:30:33,110 - INFO - 📝 نمونه کانفیگ اول: vless://8ef35d02-5e6a-48d8-977a-ca3d61290b92@iri.l...
2026-08-24 17:30:33,110 - INFO - 📤 بخش ۲: دریافت کانفیگ‌های جدید برای ارسال به کانال...
2026-08-24 17:30:33,110 - INFO - 📡 دریافت پست‌ها از https://t.me/s/ConfigsHUB برای ارسال به کانال
2026-08-24 17:30:33,655 - INFO - ✅ 20 پست دریافت شد
2026-08-24 17:30:33,656 - INFO - ⏭️ رد کردن پست تکراری: ConfigsHUB/2009345
2026-08-24 17:30:33,656 - INFO - 💾 وضعیت به‌روز شد: ConfigsHUB/2009345
2026-08-24 17:30:33,656 - INFO - 📊 از https://t.me/s/ConfigsHUB: 0 کانفیگ جدید پیدا شد
2026-08-24 17:30:33,656 - INFO - 📊 تعداد کل کانفیگ‌های جدید: 0
2026-08-24 17:30:33,656 - INFO - ℹ️ کانفیگ جدیدی برای ارسال وجود ندارد
2026-08-24 17:30:33,656 - INFO - ==================================================
2026-08-24 17:30:33,656 - INFO - 🏁 اجرای ربات با موفقیت به پایان رسید
2026-08-24 17:34:14,339 - INFO - ==================================================
2026-08-24 17:34:14,339 - INFO - 🚀 شروع اجرای ربات
2026-08-24 17:34:14,340 - INFO - 📥 بخش ۱: دریافت ۱۰۰ کانفیگ آخر برای فایل JSON...
2026-08-24 17:34:14,340 - INFO - 📡 دریافت کانفیگ‌ها از https://t.me/s/ConfigsHUB برای فایل JSON
2026-08-24 17:34:14,962 - INFO - ✅ 2 کانفیگ از صفحه دریافت شد
2026-08-24 17:34:14,963 - INFO - 📊 از https://t.me/s/ConfigsHUB: 2 کانفیگ دریافت شد
2026-08-24 17:34:14,963 - INFO - 🔄 بعد از حذف تکراری: 2 کانفیگ برای JSON
2026-08-24 17:34:14,963 - WARNING - ⚠️ تعداد کانفیگ‌ها به 100 رسید (با None پر شد)
2026-08-24 17:34:14,964 - INFO - ✅ دقیقاً 100 کانفیگ در configs.json ذخیره شد
2026-08-24 17:34:14,964 - INFO - ✅ فایل configs.json با 2 کانفیگ واقعی به‌روز شد
2026-08-24 17:34:14,964 - INFO - 📝 نمونه کانفیگ اول: vless://8ef35d02-5e6a-48d8-977a-ca3d61290b92@iri.l...
2026-08-24 17:34:14,964 - INFO - 📤 بخش ۲: دریافت کانفیگ‌های جدید برای ارسال به کانال...
2026-08-24 17:34:14,964 - INFO - 📡 دریافت پست‌ها از https://t.me/s/ConfigsHUB برای ارسال به کانال
2026-08-24 17:34:15,458 - INFO - ✅ 20 پست دریافت شد
2026-08-24 17:34:15,459 - INFO - ⏭️ رد کردن پست تکراری: ConfigsHUB/2009345
2026-08-24 17:34:15,460 - INFO - 💾 وضعیت به‌روز شد: ConfigsHUB/2009345
2026-08-24 17:34:15,460 - INFO - 📊 از https://t.me/s/ConfigsHUB: 0 کانفیگ جدید پیدا شد
2026-08-24 17:34:15,460 - INFO - 📊 تعداد کل کانفیگ‌های جدید: 0
2026-08-24 17:34:15,460 - INFO - ℹ️ کانفیگ جدیدی برای ارسال وجود ندارد
2026-08-24 17:34:15,460 - INFO - ==================================================
2026-08-24 17:34:15,460 - INFO - 🏁 اجرای ربات با موفقیت به پایان رسید
2026-08-24 18:30:32,112 - INFO - ==================================================
2026-08-24 18:30:32,112 - INFO - 🚀 شروع اجرای ربات
2026-08-24 18:30:32,112 - INFO - 📥 بخش ۱: دریافت ۱۰۰ کانفیگ آخر برای فایل JSON...
2026-08-24 18:30:32,112 - INFO - 📡 دریافت کانفیگ‌ها از https://t.me/s/ConfigsHUB برای فایل JSON
2026-08-24 18:30:34,148 - INFO - ✅ 2 کانفیگ از صفحه دریافت شد
2026-08-24 18:30:34,148 - INFO - 📊 از https://t.me/s/ConfigsHUB: 2 کانفیگ دریافت شد
2026-08-24 18:30:34,149 - INFO - 🔄 بعد از حذف تکراری: 2 کانفیگ برای JSON
2026-08-24 18:30:34,149 - WARNING - ⚠️ تعداد کانفیگ‌ها به 100 رسید (با None پر شد)
2026-08-24 18:30:34,149 - INFO - ✅ دقیقاً 100 کانفیگ در configs.json ذخیره شد
2026-08-24 18:30:34,149 - INFO - ✅ فایل configs.json با 2 کانفیگ واقعی به‌روز شد
2026-08-24 18:30:34,149 - INFO - 📝 نمونه کانفیگ اول: vless://8ef35d02-5e6a-48d8-977a-ca3d61290b92@iri.l...
2026-08-24 18:30:34,149 - INFO - 📤 بخش ۲: دریافت کانفیگ‌های جدید برای ارسال به کانال...
2026-08-24 18:30:34,149 - INFO - 📡 دریافت پست‌ها از https://t.me/s/ConfigsHUB برای ارسال به کانال
2026-08-24 18:30:35,745 - INFO - ✅ 20 پست دریافت شد
2026-08-24 18:30:35,745 - INFO - ⏭️ رد کردن پست تکراری: ConfigsHUB/2009345
2026-08-24 18:30:35,746 - INFO - 💾 وضعیت به‌روز شد: ConfigsHUB/2009345
2026-08-24 18:30:35,746 - INFO - 📊 از https://t.me/s/ConfigsHUB: 0 کانفیگ جدید پیدا شد
2026-08-24 18:30:35,746 - INFO - 📊 تعداد کل کانفیگ‌های جدید: 0
2026-08-24 18:30:35,746 - INFO - ℹ️ کانفیگ جدیدی برای ارسال وجود ندارد
2026-08-24 18:30:35,746 - INFO - ==================================================
2026-08-24 18:30:35,746 - INFO - 🏁 اجرای ربات با موفقیت به پایان رسید
2026-08-24 18:46:22,429 - INFO - ==================================================
2026-08-24 18:46:22,429 - INFO - 🚀 شروع اجرای ربات
2026-08-24 18:46:22,429 - INFO - 📥 بخش ۱: دریافت ۱۰۰ کانفیگ آخر برای فایل JSON...
2026-08-24 18:46:22,429 - INFO - 📡 دریافت کانفیگ‌ها از https://t.me/s/ConfigsHUB برای فایل JSON
2026-08-24 18:46:23,106 - INFO - ✅ 2 کانفیگ از صفحه دریافت شد
2026-08-24 18:46:23,107 - INFO - 📊 از https://t.me/s/ConfigsHUB: 2 کانفیگ دریافت شد
2026-08-24 18:46:23,108 - INFO - 🔄 بعد از حذف تکراری: 2 کانفیگ برای JSON
2026-08-24 18:46:23,108 - WARNING - ⚠️ تعداد کانفیگ‌ها به 100 رسید (با None پر شد)
2026-08-24 18:46:23,108 - INFO - ✅ دقیقاً 100 کانفیگ در configs.json ذخیره شد
2026-08-24 18:46:23,108 - INFO - ✅ فایل configs.json با 2 کانفیگ واقعی به‌روز شد
2026-08-24 18:46:23,108 - INFO - 📝 نمونه کانفیگ اول: vless://8ef35d02-5e6a-48d8-977a-ca3d61290b92@iri.l...
2026-08-24 18:46:23,108 - INFO - 📤 بخش ۲: دریافت کانفیگ‌های جدید برای ارسال به کانال...
2026-08-24 18:46:23,108 - INFO - 📡 دریافت پست‌ها از https://t.me/s/ConfigsHUB برای ارسال به کانال
2026-08-24 18:46:23,639 - INFO - ✅ 20 پست دریافت شد
2026-08-24 18:46:23,640 - INFO - ⏭️ رد کردن پست تکراری: ConfigsHUB/2009345
2026-08-24 18:46:23,640 - INFO - 💾 وضعیت به‌روز شد: ConfigsHUB/2009345
2026-08-24 18:46:23,640 - INFO - 📊 از https://t.me/s/ConfigsHUB: 0 کانفیگ جدید پیدا شد
2026-08-24 18:46:23,640 - INFO - 📊 تعداد کل کانفیگ‌های جدید: 0
2026-08-24 18:46:23,640 - INFO - ℹ️ کانفیگ جدیدی برای ارسال وجود ندارد
2026-08-24 18:46:23,640 - INFO - ==================================================
2026-08-24 18:46:23,640 - INFO - 🏁 اجرای ربات با موفقیت به پایان رسید
2026-08-24 19:30:29,519 - INFO - ==================================================
2026-08-24 19:30:29,519 - INFO - 🚀 شروع اجرای ربات
2026-08-24 19:30:29,519 - INFO - 📥 بخش ۱: دریافت ۱۰۰ کانفیگ آخر برای فایل JSON...
2026-08-24 19:30:29,519 - INFO - 📡 دریافت کانفیگ‌ها از https://t.me/s/ConfigsHUB برای فایل JSON
2026-08-24 19:30:29,983 - INFO - ✅ 2 کانفیگ از صفحه دریافت شد
2026-08-24 19:30:29,985 - INFO - 📊 از https://t.me/s/ConfigsHUB: 2 کانفیگ دریافت شد
2026-08-24 19:30:29,985 - INFO - 🔄 بعد از حذف تکراری: 2 کانفیگ برای JSON
2026-08-24 19:30:29,985 - WARNING - ⚠️ تعداد کانفیگ‌ها به 100 رسید (با None پر شد)
2026-08-24 19:30:29,986 - INFO - ✅ دقیقاً 100 کانفیگ در configs.json ذخیره شد
2026-08-24 19:30:29,986 - INFO - ✅ فایل configs.json با 2 کانفیگ واقعی به‌روز شد
2026-08-24 19:30:29,986 - INFO - 📝 نمونه کانفیگ اول: vless://8ef35d02-5e6a-48d8-977a-ca3d61290b92@iri.l...
2026-08-24 19:30:29,986 - INFO - 📤 بخش ۲: دریافت کانفیگ‌های جدید برای ارسال به کانال...
2026-08-24 19:30:29,986 - INFO - 📡 دریافت پست‌ها از https://t.me/s/ConfigsHUB برای ارسال به کانال
2026-08-24 19:30:30,409 - INFO - ✅ 20 پست دریافت شد
2026-08-24 19:30:30,411 - INFO - ⏭️ رد کردن پست تکراری: ConfigsHUB/2009345
2026-08-24 19:30:30,411 - INFO - 💾 وضعیت به‌روز شد: ConfigsHUB/2009345
2026-08-24 19:30:30,411 - INFO - 📊 از https://t.me/s/ConfigsHUB: 0 کانفیگ جدید پیدا شد
2026-08-24 19:30:30,411 - INFO - 📊 تعداد کل کانفیگ‌های جدید: 0
2026-08-24 19:30:30,411 - INFO - ℹ️ کانفیگ جدیدی برای ارسال وجود ندارد
2026-08-24 19:30:30,411 - INFO - ==================================================
2026-08-24 19:30:30,411 - INFO - 🏁 اجرای ربات با موفقیت به پایان رسید
2026-08-24 19:32:45,198 - INFO - ==================================================
2026-08-24 19:32:45,198 - INFO - 🚀 شروع اجرای ربات
2026-08-24 19:32:45,198 - INFO - 📥 بخش ۱: دریافت ۱۰۰ کانفیگ آخر برای فایل JSON...
2026-08-24 19:32:45,198 - INFO - 📡 دریافت کانفیگ‌ها از https://t.me/s/ConfigsHUB برای فایل JSON
2026-08-24 19:32:45,778 - INFO - ✅ 2 کانفیگ از صفحه دریافت شد
2026-08-24 19:32:45,779 - INFO - 📊 از https://t.me/s/ConfigsHUB: 2 کانفیگ دریافت شد
2026-08-24 19:32:45,780 - INFO - 🔄 بعد از حذف تکراری: 2 کانفیگ برای JSON
2026-08-24 19:32:45,780 - WARNING - ⚠️ تعداد کانفیگ‌ها به 100 رسید (با None پر شد)
2026-08-24 19:32:45,780 - INFO - ✅ دقیقاً 100 کانفیگ در configs.json ذخیره شد
2026-08-24 19:32:45,780 - INFO - ✅ فایل configs.json با 2 کانفیگ واقعی به‌روز شد
2026-08-24 19:32:45,780 - INFO - 📝 نمونه کانفیگ اول: vless://8ef35d02-5e6a-48d8-977a-ca3d61290b92@iri.l...
2026-08-24 19:32:45,780 - INFO - 📤 بخش ۲: دریافت کانفیگ‌های جدید برای ارسال به کانال...
2026-08-24 19:32:45,780 - INFO - 📡 دریافت پست‌ها از https://t.me/s/ConfigsHUB برای ارسال به کانال
2026-08-24 19:32:46,190 - INFO - ✅ 20 پست دریافت شد
2026-08-24 19:32:46,191 - INFO - ⏭️ رد کردن پست تکراری: ConfigsHUB/2009345
2026-08-24 19:32:46,191 - INFO - 💾 وضعیت به‌روز شد: ConfigsHUB/2009345
2026-08-24 19:32:46,191 - INFO - 📊 از https://t.me/s/ConfigsHUB: 0 کانفیگ جدید پیدا شد
2026-08-24 19:32:46,191 - INFO - 📊 تعداد کل کانفیگ‌های جدید: 0
2026-08-24 19:32:46,191 - INFO - ℹ️ کانفیگ جدیدی برای ارسال وجود ندارد
2026-08-24 19:32:46,191 - INFO - ==================================================
2026-08-24 19:32:46,191 - INFO - 🏁 اجرای ربات با موفقیت به پایان رسید
2026-08-24 20:30:30,145 - INFO - ==================================================
2026-08-24 20:30:30,145 - INFO - 🚀 شروع اجرای ربات
2026-08-24 20:30:30,145 - INFO - 📥 بخش ۱: دریافت ۱۰۰ کانفیگ آخر برای فایل JSON...
2026-08-24 20:30:30,145 - INFO - 📡 دریافت کانفیگ‌ها از https://t.me/s/ConfigsHUB برای فایل JSON
2026-08-24 20:30:30,669 - INFO - ✅ 2 کانفیگ از صفحه دریافت شد
2026-08-24 20:30:30,670 - INFO - 📊 از https://t.me/s/ConfigsHUB: 2 کانفیگ دریافت شد
2026-08-24 20:30:30,670 - INFO - 🔄 بعد از حذف تکراری: 2 کانفیگ برای JSON
2026-08-24 20:30:30,670 - WARNING - ⚠️ تعداد کانفیگ‌ها به 100 رسید (با None پر شد)
2026-08-24 20:30:30,670 - INFO - ✅ دقیقاً 100 کانفیگ در configs.json ذخیره شد
2026-08-24 20:30:30,670 - INFO - ✅ فایل configs.json با 2 کانفیگ واقعی به‌روز شد
2026-08-24 20:30:30,670 - INFO - 📝 نمونه کانفیگ اول: vless://8ef35d02-5e6a-48d8-977a-ca3d61290b92@iri.l...
2026-08-24 20:30:30,670 - INFO - 📤 بخش ۲: دریافت کانفیگ‌های جدید برای ارسال به کانال...
2026-08-24 20:30:30,670 - INFO - 📡 دریافت پست‌ها از https://t.me/s/ConfigsHUB برای ارسال به کانال
2026-08-24 20:30:31,089 - INFO - ✅ 20 پست دریافت شد
2026-08-24 20:30:31,090 - INFO - ⏭️ رد کردن پست تکراری: ConfigsHUB/2009345
2026-08-24 20:30:31,090 - INFO - 💾 وضعیت به‌روز شد: ConfigsHUB/2009345
2026-08-24 20:30:31,090 - INFO - 📊 از https://t.me/s/ConfigsHUB: 0 کانفیگ جدید پیدا شد
2026-08-24 20:30:31,090 - INFO - 📊 تعداد کل کانفیگ‌های جدید: 0
2026-08-24 20:30:31,090 - INFO - ℹ️ کانفیگ جدیدی برای ارسال وجود ندارد
2026-08-24 20:30:31,090 - INFO - ==================================================
2026-08-24 20:30:31,090 - INFO - 🏁 اجرای ربات با موفقیت به پایان رسید
2026-08-24 20:34:39,148 - INFO - ==================================================
2026-08-24 20:34:39,149 - INFO - 🚀 شروع اجرای ربات
2026-08-24 20:34:39,149 - INFO - 📥 بخش ۱: دریافت ۱۰۰ کانفیگ آخر برای فایل JSON...
2026-08-24 20:34:39,149 - INFO - 📡 دریافت کانفیگ‌ها از https://t.me/s/ConfigsHUB برای فایل JSON
2026-08-24 20:34:39,659 - INFO - ✅ 2 کانفیگ از صفحه دریافت شد
2026-08-24 20:34:39,660 - INFO - 📊 از https://t.me/s/ConfigsHUB: 2 کانفیگ دریافت شد
2026-08-24 20:34:39,660 - INFO - 🔄 بعد از حذف تکراری: 2 کانفیگ برای JSON
2026-08-24 20:34:39,660 - WARNING - ⚠️ تعداد کانفیگ‌ها به 100 رسید (با None پر شد)
2026-08-24 20:34:39,661 - INFO - ✅ دقیقاً 100 کانفیگ در configs.json ذخیره شد
2026-08-24 20:34:39,661 - INFO - ✅ فایل configs.json با 2 کانفیگ واقعی به‌روز شد
2026-08-24 20:34:39,661 - INFO - 📝 نمونه کانفیگ اول: vless://8ef35d02-5e6a-48d8-977a-ca3d61290b92@iri.l...
2026-08-24 20:34:39,661 - INFO - 📤 بخش ۲: دریافت کانفیگ‌های جدید برای ارسال به کانال...
2026-08-24 20:34:39,661 - INFO - 📡 دریافت پست‌ها از https://t.me/s/ConfigsHUB برای ارسال به کانال
2026-08-24 20:34:40,066 - INFO - ✅ 20 پست دریافت شد
2026-08-24 20:34:40,067 - INFO - ⏭️ رد کردن پست تکراری: ConfigsHUB/2009345
2026-08-24 20:34:40,068 - INFO - 💾 وضعیت به‌روز شد: ConfigsHUB/2009345
2026-08-24 20:34:40,068 - INFO - 📊 از https://t.me/s/ConfigsHUB: 0 کانفیگ جدید پیدا شد
2026-08-24 20:34:40,068 - INFO - 📊 تعداد کل کانفیگ‌های جدید: 0
2026-08-24 20:34:40,068 - INFO - ℹ️ کانفیگ جدیدی برای ارسال وجود ندارد
2026-08-24 20:34:40,068 - INFO - ==================================================
2026-08-24 20:34:40,068 - INFO - 🏁 اجرای ربات با موفقیت به پایان رسید
2026-08-24 21:30:28,649 - INFO - ==================================================
2026-08-24 21:30:28,649 - INFO - 🚀 شروع اجرای ربات
2026-08-24 21:30:28,650 - INFO - 📥 بخش ۱: دریافت ۱۰۰ کانفیگ آخر برای فایل JSON...
2026-08-24 21:30:28,650 - INFO - 📡 دریافت کانفیگ‌ها از https://t.me/s/ConfigsHUB برای فایل JSON
2026-08-24 21:30:29,222 - INFO - ✅ 2 کانفیگ از صفحه دریافت شد
2026-08-24 21:30:29,223 - INFO - 📊 از https://t.me/s/ConfigsHUB: 2 کانفیگ دریافت شد
2026-08-24 21:30:29,224 - INFO - 🔄 بعد از حذف تکراری: 2 کانفیگ برای JSON
2026-08-24 21:30:29,224 - WARNING - ⚠️ تعداد کانفیگ‌ها به 100 رسید (با None پر شد)
2026-08-24 21:30:29,224 - INFO - ✅ دقیقاً 100 کانفیگ در configs.json ذخیره شد
2026-08-24 21:30:29,224 - INFO - ✅ فایل configs.json با 2 کانفیگ واقعی به‌روز شد
2026-08-24 21:30:29,224 - INFO - 📝 نمونه کانفیگ اول: vless://8ef35d02-5e6a-48d8-977a-ca3d61290b92@iri.l...
2026-08-24 21:30:29,224 - INFO - 📤 بخش ۲: دریافت کانفیگ‌های جدید برای ارسال به کانال...
2026-08-24 21:30:29,224 - INFO - 📡 دریافت پست‌ها از https://t.me/s/ConfigsHUB برای ارسال به کانال
2026-08-24 21:30:29,676 - INFO - ✅ 20 پست دریافت شد
2026-08-24 21:30:29,677 - INFO - ⏭️ رد کردن پست تکراری: ConfigsHUB/2009345
2026-08-24 21:30:29,678 - INFO - 💾 وضعیت به‌روز شد: ConfigsHUB/2009345
2026-08-24 21:30:29,678 - INFO - 📊 از https://t.me/s/ConfigsHUB: 0 کانفیگ جدید پیدا شد
2026-08-24 21:30:29,678 - INFO - 📊 تعداد کل کانفیگ‌های جدید: 0
2026-08-24 21:30:29,678 - INFO - ℹ️ کانفیگ جدیدی برای ارسال وجود ندارد
2026-08-24 21:30:29,678 - INFO - ==================================================
2026-08-24 21:30:29,678 - INFO - 🏁 اجرای ربات با موفقیت به پایان رسید
2026-08-24 21:33:20,748 - INFO - ==================================================
2026-08-24 21:33:20,748 - INFO - 🚀 شروع اجرای ربات
2026-08-24 21:33:20,748 - INFO - 📥 بخش ۱: دریافت ۱۰۰ کانفیگ آخر برای فایل JSON...
2026-08-24 21:33:20,748 - INFO - 📡 دریافت کانفیگ‌ها از https://t.me/s/ConfigsHUB برای فایل JSON
2026-08-24 21:33:21,324 - INFO - ✅ 2 کانفیگ از صفحه دریافت شد
2026-08-24 21:33:21,326 - INFO - 📊 از https://t.me/s/ConfigsHUB: 2 کانفیگ دریافت شد
2026-08-24 21:33:21,326 - INFO - 🔄 بعد از حذف تکراری: 2 کانفیگ برای JSON
2026-08-24 21:33:21,326 - WARNING - ⚠️ تعداد کانفیگ‌ها به 100 رسید (با None پر شد)
2026-08-24 21:33:21,326 - INFO - ✅ دقیقاً 100 کانفیگ در configs.json ذخیره شد
2026-08-24 21:33:21,326 - INFO - ✅ فایل configs.json با 2 کانفیگ واقعی به‌روز شد
2026-08-24 21:33:21,326 - INFO - 📝 نمونه کانفیگ اول: vless://8ef35d02-5e6a-48d8-977a-ca3d61290b92@iri.l...
2026-08-24 21:33:21,326 - INFO - 📤 بخش ۲: دریافت کانفیگ‌های جدید برای ارسال به کانال...
2026-08-24 21:33:21,326 - INFO - 📡 دریافت پست‌ها از https://t.me/s/ConfigsHUB برای ارسال به کانال
2026-08-24 21:33:21,811 - INFO - ✅ 20 پست دریافت شد
2026-08-24 21:33:21,812 - INFO - ⏭️ رد کردن پست تکراری: ConfigsHUB/2009345
2026-08-24 21:33:21,812 - INFO - 💾 وضعیت به‌روز شد: ConfigsHUB/2009345
2026-08-24 21:33:21,812 - INFO - 📊 از https://t.me/s/ConfigsHUB: 0 کانفیگ جدید پیدا شد
2026-08-24 21:33:21,812 - INFO - 📊 تعداد کل کانفیگ‌های جدید: 0
2026-08-24 21:33:21,812 - INFO - ℹ️ کانفیگ جدیدی برای ارسال وجود ندارد
2026-08-24 21:33:21,812 - INFO - ==================================================
2026-08-24 21:33:21,812 - INFO - 🏁 اجرای ربات با موفقیت به پایان رسید
2026-08-24 22:30:27,364 - INFO - ==================================================
2026-08-24 22:30:27,364 - INFO - 🚀 شروع اجرای ربات
2026-08-24 22:30:27,364 - INFO - 📥 بخش ۱: دریافت ۱۰۰ کانفیگ آخر برای فایل JSON...
2026-08-24 22:30:27,364 - INFO - 📡 دریافت کانفیگ‌ها از https://t.me/s/ConfigsHUB برای فایل JSON
2026-08-24 22:30:27,881 - INFO - ✅ 2 کانفیگ از صفحه دریافت شد
2026-08-24 22:30:27,882 - INFO - 📊 از https://t.me/s/ConfigsHUB: 2 کانفیگ دریافت شد
2026-08-24 22:30:27,882 - INFO - 🔄 بعد از حذف تکراری: 2 کانفیگ برای JSON
2026-08-24 22:30:27,882 - WARNING - ⚠️ تعداد کانفیگ‌ها به 100 رسید (با None پر شد)
2026-08-24 22:30:27,883 - INFO - ✅ دقیقاً 100 کانفیگ در configs.json ذخیره شد
2026-08-24 22:30:27,883 - INFO - ✅ فایل configs.json با 2 کانفیگ واقعی به‌روز شد
2026-08-24 22:30:27,883 - INFO - 📝 نمونه کانفیگ اول: vless://8ef35d02-5e6a-48d8-977a-ca3d61290b92@iri.l...
2026-08-24 22:30:27,883 - INFO - 📤 بخش ۲: دریافت کانفیگ‌های جدید برای ارسال به کانال...
2026-08-24 22:30:27,883 - INFO - 📡 دریافت پست‌ها از https://t.me/s/ConfigsHUB برای ارسال به کانال
2026-08-24 22:30:28,319 - INFO - ✅ 20 پست دریافت شد
2026-08-24 22:30:28,320 - INFO - ⏭️ رد کردن پست تکراری: ConfigsHUB/2009345
2026-08-24 22:30:28,320 - INFO - 💾 وضعیت به‌روز شد: ConfigsHUB/2009345
2026-08-24 22:30:28,320 - INFO - 📊 از https://t.me/s/ConfigsHUB: 0 کانفیگ جدید پیدا شد
2026-08-24 22:30:28,320 - INFO - 📊 تعداد کل کانفیگ‌های جدید: 0
2026-08-24 22:30:28,320 - INFO - ℹ️ کانفیگ جدیدی برای ارسال وجود ندارد
2026-08-24 22:30:28,320 - INFO - ==================================================
2026-08-24 22:30:28,320 - INFO - 🏁 اجرای ربات با موفقیت به پایان رسید
2026-08-24 23:25:36,587 - INFO - ==================================================
2026-08-24 23:25:36,587 - INFO - 🚀 شروع اجرای ربات
2026-08-24 23:25:36,587 - INFO - 📥 بخش ۱: دریافت ۱۰۰ کانفیگ آخر برای فایل JSON...
2026-08-24 23:25:36,587 - INFO - 📡 دریافت کانفیگ‌ها از https://t.me/s/ConfigsHUB برای فایل JSON
2026-08-24 23:25:37,295 - INFO - ✅ 2 کانفیگ از صفحه دریافت شد
2026-08-24 23:25:37,295 - INFO - 📊 از https://t.me/s/ConfigsHUB: 2 کانفیگ دریافت شد
2026-08-24 23:25:37,296 - INFO - 🔄 بعد از حذف تکراری: 2 کانفیگ برای JSON
2026-08-24 23:25:37,296 - WARNING - ⚠️ تعداد کانفیگ‌ها به 100 رسید (با None پر شد)
2026-08-24 23:25:37,296 - INFO - ✅ دقیقاً 100 کانفیگ در configs.json ذخیره شد
2026-08-24 23:25:37,296 - INFO - ✅ فایل configs.json با 2 کانفیگ واقعی به‌روز شد
2026-08-24 23:25:37,296 - INFO - 📝 نمونه کانفیگ اول: vless://8ef35d02-5e6a-48d8-977a-ca3d61290b92@iri.l...
2026-08-24 23:25:37,296 - INFO - 📤 بخش ۲: دریافت کانفیگ‌های جدید برای ارسال به کانال...
2026-08-24 23:25:37,296 - INFO - 📡 دریافت پست‌ها از https://t.me/s/ConfigsHUB برای ارسال به کانال
2026-08-24 23:25:37,924 - INFO - ✅ 20 پست دریافت شد
2026-08-24 23:25:37,925 - INFO - ⏭️ رد کردن پست تکراری: ConfigsHUB/2009345
2026-08-24 23:25:37,925 - INFO - 💾 وضعیت به‌روز شد: ConfigsHUB/2009345
2026-08-24 23:25:37,925 - INFO - 📊 از https://t.me/s/ConfigsHUB: 0 کانفیگ جدید پیدا شد
2026-08-24 23:25:37,925 - INFO - 📊 تعداد کل کانفیگ‌های جدید: 0
2026-08-24 23:25:37,925 - INFO - ℹ️ کانفیگ جدیدی برای ارسال وجود ندارد
2026-08-24 23:25:37,925 - INFO - ==================================================
2026-08-24 23:25:37,926 - INFO - 🏁 اجرای ربات با موفقیت به پایان رسید
2026-08-24 23:30:28,806 - INFO - ==================================================
2026-08-24 23:30:28,806 - INFO - 🚀 شروع اجرای ربات
2026-08-24 23:30:28,806 - INFO - 📥 بخش ۱: دریافت ۱۰۰ کانفیگ آخر برای فایل JSON...
2026-08-24 23:30:28,806 - INFO - 📡 دریافت کانفیگ‌ها از https://t.me/s/ConfigsHUB برای فایل JSON
2026-08-24 23:30:29,470 - INFO - ✅ 2 کانفیگ از صفحه دریافت شد
2026-08-24 23:30:29,471 - INFO - 📊 از https://t.me/s/ConfigsHUB: 2 کانفیگ دریافت شد
2026-08-24 23:30:29,471 - INFO - 🔄 بعد از حذف تکراری: 2 کانفیگ برای JSON
2026-08-24 23:30:29,472 - WARNING - ⚠️ تعداد کانفیگ‌ها به 100 رسید (با None پر شد)
2026-08-24 23:30:29,472 - INFO - ✅ دقیقاً 100 کانفیگ در configs.json ذخیره شد
2026-08-24 23:30:29,472 - INFO - ✅ فایل configs.json با 2 کانفیگ واقعی به‌روز شد
2026-08-24 23:30:29,472 - INFO - 📝 نمونه کانفیگ اول: vless://8ef35d02-5e6a-48d8-977a-ca3d61290b92@iri.l...
2026-08-24 23:30:29,472 - INFO - 📤 بخش ۲: دریافت کانفیگ‌های جدید برای ارسال به کانال...
2026-08-24 23:30:29,472 - INFO - 📡 دریافت پست‌ها از https://t.me/s/ConfigsHUB برای ارسال به کانال
2026-08-24 23:30:30,046 - INFO - ✅ 20 پست دریافت شد
2026-08-24 23:30:30,048 - INFO - ⏭️ رد کردن پست تکراری: ConfigsHUB/2009345
2026-08-24 23:30:30,048 - INFO - 💾 وضعیت به‌روز شد: ConfigsHUB/2009345
2026-08-24 23:30:30,048 - INFO - 📊 از https://t.me/s/ConfigsHUB: 0 کانفیگ جدید پیدا شد
2026-08-24 23:30:30,048 - INFO - 📊 تعداد کل کانفیگ‌های جدید: 0
2026-08-24 23:30:30,048 - INFO - ℹ️ کانفیگ جدیدی برای ارسال وجود ندارد
2026-08-24 23:30:30,048 - INFO - ==================================================
2026-08-24 23:30:30,048 - INFO - 🏁 اجرای ربات با موفقیت به پایان رسید
2026-08-25 00:30:30,354 - INFO - ==================================================
2026-08-25 00:30:30,354 - INFO - 🚀 شروع اجرای ربات
2026-08-25 00:30:30,354 - INFO - 📥 بخش ۱: دریافت ۱۰۰ کانفیگ آخر برای فایل JSON...
2026-08-25 00:30:30,354 - INFO - 📡 دریافت کانفیگ‌ها از https://t.me/s/ConfigsHUB برای فایل JSON
2026-08-25 00:30:30,845 - INFO - ✅ 2 کانفیگ از صفحه دریافت شد
2026-08-25 00:30:30,846 - INFO - 📊 از https://t.me/s/ConfigsHUB: 2 کانفیگ دریافت شد
2026-08-25 00:30:30,846 - INFO - 🔄 بعد از حذف تکراری: 2 کانفیگ برای JSON
2026-08-25 00:30:30,846 - WARNING - ⚠️ تعداد کانفیگ‌ها به 100 رسید (با None پر شد)
2026-08-25 00:30:30,847 - INFO - ✅ دقیقاً 100 کانفیگ در configs.json ذخیره شد
2026-08-25 00:30:30,847 - INFO - ✅ فایل configs.json با 2 کانفیگ واقعی به‌روز شد
2026-08-25 00:30:30,847 - INFO - 📝 نمونه کانفیگ اول: vless://8ef35d02-5e6a-48d8-977a-ca3d61290b92@iri.l...
2026-08-25 00:30:30,847 - INFO - 📤 بخش ۲: دریافت کانفیگ‌های جدید برای ارسال به کانال...
2026-08-25 00:30:30,847 - INFO - 📡 دریافت پست‌ها از https://t.me/s/ConfigsHUB برای ارسال به کانال
2026-08-25 00:30:31,347 - INFO - ✅ 20 پست دریافت شد
2026-08-25 00:30:31,348 - INFO - ⏭️ رد کردن پست تکراری: ConfigsHUB/2009345
2026-08-25 00:30:31,348 - INFO - 💾 وضعیت به‌روز شد: ConfigsHUB/2009345
2026-08-25 00:30:31,348 - INFO - 📊 از https://t.me/s/ConfigsHUB: 0 کانفیگ جدید پیدا شد
2026-08-25 00:30:31,348 - INFO - 📊 تعداد کل کانفیگ‌های جدید: 0
2026-08-25 00:30:31,348 - INFO - ℹ️ کانفیگ جدیدی برای ارسال وجود ندارد
2026-08-25 00:30:31,348 - INFO - ==================================================
2026-08-25 00:30:31,349 - INFO - 🏁 اجرای ربات با موفقیت به پایان رسید
2026-08-25 01:28:11,458 - INFO - ==================================================
2026-08-25 01:28:11,458 - INFO - 🚀 شروع اجرای ربات
2026-08-25 01:28:11,458 - INFO - 📥 بخش ۱: دریافت ۱۰۰ کانفیگ آخر برای فایل JSON...
2026-08-25 01:28:11,458 - INFO - 📡 دریافت کانفیگ‌ها از https://t.me/s/ConfigsHUB برای فایل JSON
2026-08-25 01:28:12,182 - INFO - ✅ 2 کانفیگ از صفحه دریافت شد
2026-08-25 01:28:12,183 - INFO - 📊 از https://t.me/s/ConfigsHUB: 2 کانفیگ دریافت شد
2026-08-25 01:28:12,183 - INFO - 🔄 بعد از حذف تکراری: 2 کانفیگ برای JSON
2026-08-25 01:28:12,183 - WARNING - ⚠️ تعداد کانفیگ‌ها به 100 رسید (با None پر شد)
2026-08-25 01:28:12,183 - INFO - ✅ دقیقاً 100 کانفیگ در configs.json ذخیره شد
2026-08-25 01:28:12,183 - INFO - ✅ فایل configs.json با 2 کانفیگ واقعی به‌روز شد
2026-08-25 01:28:12,183 - INFO - 📝 نمونه کانفیگ اول: vless://8ef35d02-5e6a-48d8-977a-ca3d61290b92@iri.l...
2026-08-25 01:28:12,184 - INFO - 📤 بخش ۲: دریافت کانفیگ‌های جدید برای ارسال به کانال...
2026-08-25 01:28:12,184 - INFO - 📡 دریافت پست‌ها از https://t.me/s/ConfigsHUB برای ارسال به کانال
2026-08-25 01:28:12,690 - INFO - ✅ 20 پست دریافت شد
2026-08-25 01:28:12,691 - INFO - ⏭️ رد کردن پست تکراری: ConfigsHUB/2009345
2026-08-25 01:28:12,691 - INFO - 💾 وضعیت به‌روز شد: ConfigsHUB/2009345
2026-08-25 01:28:12,691 - INFO - 📊 از https://t.me/s/ConfigsHUB: 0 کانفیگ جدید پیدا شد
2026-08-25 01:28:12,691 - INFO - 📊 تعداد کل کانفیگ‌های جدید: 0
2026-08-25 01:28:12,691 - INFO - ℹ️ کانفیگ جدیدی برای ارسال وجود ندارد
2026-08-25 01:28:12,691 - INFO - ==================================================
2026-08-25 01:28:12,691 - INFO - 🏁 اجرای ربات با موفقیت به پایان رسید
2026-08-25 01:30:29,689 - INFO - ==================================================
2026-08-25 01:30:29,689 - INFO - 🚀 شروع اجرای ربات
2026-08-25 01:30:29,689 - INFO - 📥 بخش ۱: دریافت ۱۰۰ کانفیگ آخر برای فایل JSON...
2026-08-25 01:30:29,689 - INFO - 📡 دریافت کانفیگ‌ها از https://t.me/s/ConfigsHUB برای فایل JSON
2026-08-25 01:30:30,205 - INFO - ✅ 2 کانفیگ از صفحه دریافت شد
2026-08-25 01:30:30,206 - INFO - 📊 از https://t.me/s/ConfigsHUB: 2 کانفیگ دریافت شد
2026-08-25 01:30:30,206 - INFO - 🔄 بعد از حذف تکراری: 2 کانفیگ برای JSON
2026-08-25 01:30:30,206 - WARNING - ⚠️ تعداد کانفیگ‌ها به 100 رسید (با None پر شد)
2026-08-25 01:30:30,206 - INFO - ✅ دقیقاً 100 کانفیگ در configs.json ذخیره شد
2026-08-25 01:30:30,206 - INFO - ✅ فایل configs.json با 2 کانفیگ واقعی به‌روز شد
2026-08-25 01:30:30,206 - INFO - 📝 نمونه کانفیگ اول: vless://8ef35d02-5e6a-48d8-977a-ca3d61290b92@iri.l...
2026-08-25 01:30:30,206 - INFO - 📤 بخش ۲: دریافت کانفیگ‌های جدید برای ارسال به کانال...
2026-08-25 01:30:30,207 - INFO - 📡 دریافت پست‌ها از https://t.me/s/ConfigsHUB برای ارسال به کانال
2026-08-25 01:30:30,640 - INFO - ✅ 20 پست دریافت شد
2026-08-25 01:30:30,640 - INFO - ⏭️ رد کردن پست تکراری: ConfigsHUB/2009345
2026-08-25 01:30:30,641 - INFO - 💾 وضعیت به‌روز شد: ConfigsHUB/2009345
2026-08-25 01:30:30,641 - INFO - 📊 از https://t.me/s/ConfigsHUB: 0 کانفیگ جدید پیدا شد
2026-08-25 01:30:30,641 - INFO - 📊 تعداد کل کانفیگ‌های جدید: 0
2026-08-25 01:30:30,641 - INFO - ℹ️ کانفیگ جدیدی برای ارسال وجود ندارد
2026-08-25 01:30:30,641 - INFO - ==================================================
2026-08-25 01:30:30,641 - INFO - 🏁 اجرای ربات با موفقیت به پایان رسید
2026-08-25 02:30:29,064 - INFO - ==================================================
2026-08-25 02:30:29,064 - INFO - 🚀 شروع اجرای ربات
2026-08-25 02:30:29,064 - INFO - 📥 بخش ۱: دریافت ۱۰۰ کانفیگ آخر برای فایل JSON...
2026-08-25 02:30:29,064 - INFO - 📡 دریافت کانفیگ‌ها از https://t.me/s/ConfigsHUB برای فایل JSON
2026-08-25 02:30:29,782 - INFO - ✅ 2 کانفیگ از صفحه دریافت شد
2026-08-25 02:30:29,783 - INFO - 📊 از https://t.me/s/ConfigsHUB: 2 کانفیگ دریافت شد
2026-08-25 02:30:29,783 - INFO - 🔄 بعد از حذف تکراری: 2 کانفیگ برای JSON
2026-08-25 02:30:29,783 - WARNING - ⚠️ تعداد کانفیگ‌ها به 100 رسید (با None پر شد)
2026-08-25 02:30:29,783 - INFO - ✅ دقیقاً 100 کانفیگ در configs.json ذخیره شد
2026-08-25 02:30:29,783 - INFO - ✅ فایل configs.json با 2 کانفیگ واقعی به‌روز شد
2026-08-25 02:30:29,783 - INFO - 📝 نمونه کانفیگ اول: vless://8ef35d02-5e6a-48d8-977a-ca3d61290b92@iri.l...
2026-08-25 02:30:29,783 - INFO - 📤 بخش ۲: دریافت کانفیگ‌های جدید برای ارسال به کانال...
2026-08-25 02:30:29,783 - INFO - 📡 دریافت پست‌ها از https://t.me/s/ConfigsHUB برای ارسال به کانال
2026-08-25 02:30:30,450 - INFO - ✅ 20 پست دریافت شد
2026-08-25 02:30:30,450 - INFO - ⏭️ رد کردن پست تکراری: ConfigsHUB/2009345
2026-08-25 02:30:30,451 - INFO - 💾 وضعیت به‌روز شد: ConfigsHUB/2009345
2026-08-25 02:30:30,451 - INFO - 📊 از https://t.me/s/ConfigsHUB: 0 کانفیگ جدید پیدا شد
2026-08-25 02:30:30,451 - INFO - 📊 تعداد کل کانفیگ‌های جدید: 0
2026-08-25 02:30:30,451 - INFO - ℹ️ کانفیگ جدیدی برای ارسال وجود ندارد
2026-08-25 02:30:30,451 - INFO - ==================================================
2026-08-25 02:30:30,451 - INFO - 🏁 اجرای ربات با موفقیت به پایان رسید
2026-08-25 03:02:06,400 - INFO - ==================================================
2026-08-25 03:02:06,401 - INFO - 🚀 شروع اجرای ربات
2026-08-25 03:02:06,401 - INFO - 📥 بخش ۱: دریافت ۱۰۰ کانفیگ آخر برای فایل JSON...
2026-08-25 03:02:06,401 - INFO - 📡 دریافت کانفیگ‌ها از https://t.me/s/ConfigsHUB برای فایل JSON
2026-08-25 03:02:07,144 - INFO - ✅ 2 کانفیگ از صفحه دریافت شد
2026-08-25 03:02:07,145 - INFO - 📊 از https://t.me/s/ConfigsHUB: 2 کانفیگ دریافت شد
2026-08-25 03:02:07,145 - INFO - 🔄 بعد از حذف تکراری: 2 کانفیگ برای JSON
2026-08-25 03:02:07,145 - WARNING - ⚠️ تعداد کانفیگ‌ها به 100 رسید (با None پر شد)
2026-08-25 03:02:07,145 - INFO - ✅ دقیقاً 100 کانفیگ در configs.json ذخیره شد
2026-08-25 03:02:07,145 - INFO - ✅ فایل configs.json با 2 کانفیگ واقعی به‌روز شد
2026-08-25 03:02:07,145 - INFO - 📝 نمونه کانفیگ اول: vless://8ef35d02-5e6a-48d8-977a-ca3d61290b92@iri.l...
2026-08-25 03:02:07,146 - INFO - 📤 بخش ۲: دریافت کانفیگ‌های جدید برای ارسال به کانال...
2026-08-25 03:02:07,146 - INFO - 📡 دریافت پست‌ها از https://t.me/s/ConfigsHUB برای ارسال به کانال
2026-08-25 03:02:07,739 - INFO - ✅ 20 پست دریافت شد
2026-08-25 03:02:07,740 - INFO - ⏭️ رد کردن پست تکراری: ConfigsHUB/2009345
2026-08-25 03:02:07,740 - INFO - 💾 وضعیت به‌روز شد: ConfigsHUB/2009345
2026-08-25 03:02:07,740 - INFO - 📊 از https://t.me/s/ConfigsHUB: 0 کانفیگ جدید پیدا شد
2026-08-25 03:02:07,740 - INFO - 📊 تعداد کل کانفیگ‌های جدید: 0
2026-08-25 03:02:07,741 - INFO - ℹ️ کانفیگ جدیدی برای ارسال وجود ندارد
2026-08-25 03:02:07,741 - INFO - ==================================================
2026-08-25 03:02:07,741 - INFO - 🏁 اجرای ربات با موفقیت به پایان رسید
2026-08-25 03:30:28,243 - INFO - ==================================================
2026-08-25 03:30:28,243 - INFO - 🚀 شروع اجرای ربات
2026-08-25 03:30:28,243 - INFO - 📥 بخش ۱: دریافت ۱۰۰ کانفیگ آخر برای فایل JSON...
2026-08-25 03:30:28,244 - INFO - 📡 دریافت کانفیگ‌ها از https://t.me/s/ConfigsHUB برای فایل JSON
2026-08-25 03:30:28,930 - INFO - ✅ 2 کانفیگ از صفحه دریافت شد
2026-08-25 03:30:28,931 - INFO - 📊 از https://t.me/s/ConfigsHUB: 2 کانفیگ دریافت شد
2026-08-25 03:30:28,932 - INFO - 🔄 بعد از حذف تکراری: 2 کانفیگ برای JSON
2026-08-25 03:30:28,932 - WARNING - ⚠️ تعداد کانفیگ‌ها به 100 رسید (با None پر شد)
2026-08-25 03:30:28,932 - INFO - ✅ دقیقاً 100 کانفیگ در configs.json ذخیره شد
2026-08-25 03:30:28,932 - INFO - ✅ فایل configs.json با 2 کانفیگ واقعی به‌روز شد
2026-08-25 03:30:28,932 - INFO - 📝 نمونه کانفیگ اول: vless://8ef35d02-5e6a-48d8-977a-ca3d61290b92@iri.l...
2026-08-25 03:30:28,932 - INFO - 📤 بخش ۲: دریافت کانفیگ‌های جدید برای ارسال به کانال...
2026-08-25 03:30:28,932 - INFO - 📡 دریافت پست‌ها از https://t.me/s/ConfigsHUB برای ارسال به کانال
2026-08-25 03:30:29,554 - INFO - ✅ 20 پست دریافت شد
2026-08-25 03:30:29,555 - INFO - ⏭️ رد کردن پست تکراری: ConfigsHUB/2009345
2026-08-25 03:30:29,555 - INFO - 💾 وضعیت به‌روز شد: ConfigsHUB/2009345
2026-08-25 03:30:29,555 - INFO - 📊 از https://t.me/s/ConfigsHUB: 0 کانفیگ جدید پیدا شد
2026-08-25 03:30:29,555 - INFO - 📊 تعداد کل کانفیگ‌های جدید: 0
2026-08-25 03:30:29,556 - INFO - ℹ️ کانفیگ جدیدی برای ارسال وجود ندارد
2026-08-25 03:30:29,556 - INFO - ==================================================
2026-08-25 03:30:29,556 - INFO - 🏁 اجرای ربات با موفقیت به پایان رسید
2026-08-25 04:30:29,148 - INFO - ==================================================
2026-08-25 04:30:29,148 - INFO - 🚀 شروع اجرای ربات
2026-08-25 04:30:29,148 - INFO - 📥 بخش ۱: دریافت ۱۰۰ کانفیگ آخر برای فایل JSON...
2026-08-25 04:30:29,148 - INFO - 📡 دریافت کانفیگ‌ها از https://t.me/s/ConfigsHUB برای فایل JSON
2026-08-25 04:30:29,847 - INFO - ✅ 2 کانفیگ از صفحه دریافت شد
2026-08-25 04:30:29,848 - INFO - 📊 از https://t.me/s/ConfigsHUB: 2 کانفیگ دریافت شد
2026-08-25 04:30:29,848 - INFO - 🔄 بعد از حذف تکراری: 2 کانفیگ برای JSON
2026-08-25 04:30:29,848 - WARNING - ⚠️ تعداد کانفیگ‌ها به 100 رسید (با None پر شد)
2026-08-25 04:30:29,849 - INFO - ✅ دقیقاً 100 کانفیگ در configs.json ذخیره شد
2026-08-25 04:30:29,849 - INFO - ✅ فایل configs.json با 2 کانفیگ واقعی به‌روز شد
2026-08-25 04:30:29,849 - INFO - 📝 نمونه کانفیگ اول: vless://8ef35d02-5e6a-48d8-977a-ca3d61290b92@iri.l...
2026-08-25 04:30:29,849 - INFO - 📤 بخش ۲: دریافت کانفیگ‌های جدید برای ارسال به کانال...
2026-08-25 04:30:29,849 - INFO - 📡 دریافت پست‌ها از https://t.me/s/ConfigsHUB برای ارسال به کانال
2026-08-25 04:30:30,460 - INFO - ✅ 20 پست دریافت شد
2026-08-25 04:30:30,461 - INFO - ⏭️ رد کردن پست تکراری: ConfigsHUB/2009345
2026-08-25 04:30:30,461 - INFO - 💾 وضعیت به‌روز شد: ConfigsHUB/2009345
2026-08-25 04:30:30,461 - INFO - 📊 از https://t.me/s/ConfigsHUB: 0 کانفیگ جدید پیدا شد
2026-08-25 04:30:30,461 - INFO - 📊 تعداد کل کانفیگ‌های جدید: 0
2026-08-25 04:30:30,461 - INFO - ℹ️ کانفیگ جدیدی برای ارسال وجود ندارد
2026-08-25 04:30:30,461 - INFO - ==================================================
2026-08-25 04:30:30,461 - INFO - 🏁 اجرای ربات با موفقیت به پایان رسید
2026-08-25 04:42:55,353 - INFO - ==================================================
2026-08-25 04:42:55,353 - INFO - 🚀 شروع اجرای ربات
2026-08-25 04:42:55,353 - INFO - 📥 بخش ۱: دریافت ۱۰۰ کانفیگ آخر برای فایل JSON...
2026-08-25 04:42:55,353 - INFO - 📡 دریافت کانفیگ‌ها از https://t.me/s/ConfigsHUB برای فایل JSON
2026-08-25 04:42:56,063 - INFO - ✅ 2 کانفیگ از صفحه دریافت شد
2026-08-25 04:42:56,064 - INFO - 📊 از https://t.me/s/ConfigsHUB: 2 کانفیگ دریافت شد
2026-08-25 04:42:56,064 - INFO - 🔄 بعد از حذف تکراری: 2 کانفیگ برای JSON
2026-08-25 04:42:56,064 - WARNING - ⚠️ تعداد کانفیگ‌ها به 100 رسید (با None پر شد)
2026-08-25 04:42:56,065 - INFO - ✅ دقیقاً 100 کانفیگ در configs.json ذخیره شد
2026-08-25 04:42:56,065 - INFO - ✅ فایل configs.json با 2 کانفیگ واقعی به‌روز شد
2026-08-25 04:42:56,065 - INFO - 📝 نمونه کانفیگ اول: vless://8ef35d02-5e6a-48d8-977a-ca3d61290b92@iri.l...
2026-08-25 04:42:56,065 - INFO - 📤 بخش ۲: دریافت کانفیگ‌های جدید برای ارسال به کانال...
2026-08-25 04:42:56,065 - INFO - 📡 دریافت پست‌ها از https://t.me/s/ConfigsHUB برای ارسال به کانال
2026-08-25 04:42:56,669 - INFO - ✅ 20 پست دریافت شد
2026-08-25 04:42:56,670 - INFO - ⏭️ رد کردن پست تکراری: ConfigsHUB/2009345
2026-08-25 04:42:56,670 - INFO - 💾 وضعیت به‌روز شد: ConfigsHUB/2009345
2026-08-25 04:42:56,670 - INFO - 📊 از https://t.me/s/ConfigsHUB: 0 کانفیگ جدید پیدا شد
2026-08-25 04:42:56,670 - INFO - 📊 تعداد کل کانفیگ‌های جدید: 0
2026-08-25 04:42:56,671 - INFO - ℹ️ کانفیگ جدیدی برای ارسال وجود ندارد
2026-08-25 04:42:56,671 - INFO - ==================================================
2026-08-25 04:42:56,671 - INFO - 🏁 اجرای ربات با موفقیت به پایان رسید
2026-08-25 05:30:31,467 - INFO - ==================================================
2026-08-25 05:30:31,467 - INFO - 🚀 شروع اجرای ربات
2026-08-25 05:30:31,467 - INFO - 📥 بخش ۱: دریافت ۱۰۰ کانفیگ آخر برای فایل JSON...
2026-08-25 05:30:31,467 - INFO - 📡 دریافت کانفیگ‌ها از https://t.me/s/ConfigsHUB برای فایل JSON
2026-08-25 05:30:32,112 - INFO - ✅ 2 کانفیگ از صفحه دریافت شد
2026-08-25 05:30:32,113 - INFO - 📊 از https://t.me/s/ConfigsHUB: 2 کانفیگ دریافت شد
2026-08-25 05:30:32,113 - INFO - 🔄 بعد از حذف تکراری: 2 کانفیگ برای JSON
2026-08-25 05:30:32,113 - WARNING - ⚠️ تعداد کانفیگ‌ها به 100 رسید (با None پر شد)
2026-08-25 05:30:32,113 - INFO - ✅ دقیقاً 100 کانفیگ در configs.json ذخیره شد
2026-08-25 05:30:32,113 - INFO - ✅ فایل configs.json با 2 کانفیگ واقعی به‌روز شد
2026-08-25 05:30:32,113 - INFO - 📝 نمونه کانفیگ اول: vless://8ef35d02-5e6a-48d8-977a-ca3d61290b92@iri.l...
2026-08-25 05:30:32,113 - INFO - 📤 بخش ۲: دریافت کانفیگ‌های جدید برای ارسال به کانال...
2026-08-25 05:30:32,114 - INFO - 📡 دریافت پست‌ها از https://t.me/s/ConfigsHUB برای ارسال به کانال
2026-08-25 05:30:32,587 - INFO - ✅ 20 پست دریافت شد
2026-08-25 05:30:32,588 - INFO - ⏭️ رد کردن پست تکراری: ConfigsHUB/2009345
2026-08-25 05:30:32,588 - INFO - 💾 وضعیت به‌روز شد: ConfigsHUB/2009345
2026-08-25 05:30:32,588 - INFO - 📊 از https://t.me/s/ConfigsHUB: 0 کانفیگ جدید پیدا شد
2026-08-25 05:30:32,588 - INFO - 📊 تعداد کل کانفیگ‌های جدید: 0
2026-08-25 05:30:32,588 - INFO - ℹ️ کانفیگ جدیدی برای ارسال وجود ندارد
2026-08-25 05:30:32,588 - INFO - ==================================================
2026-08-25 05:30:32,588 - INFO - 🏁 اجرای ربات با موفقیت به پایان رسید
2026-08-25 05:35:16,783 - INFO - ==================================================
2026-08-25 05:35:16,783 - INFO - 🚀 شروع اجرای ربات
2026-08-25 05:35:16,783 - INFO - 📥 بخش ۱: دریافت ۱۰۰ کانفیگ آخر برای فایل JSON...
2026-08-25 05:35:16,783 - INFO - 📡 دریافت کانفیگ‌ها از https://t.me/s/ConfigsHUB برای فایل JSON
2026-08-25 05:35:17,398 - INFO - ✅ 2 کانفیگ از صفحه دریافت شد
2026-08-25 05:35:17,399 - INFO - 📊 از https://t.me/s/ConfigsHUB: 2 کانفیگ دریافت شد
2026-08-25 05:35:17,399 - INFO - 🔄 بعد از حذف تکراری: 2 کانفیگ برای JSON
2026-08-25 05:35:17,399 - WARNING - ⚠️ تعداد کانفیگ‌ها به 100 رسید (با None پر شد)
2026-08-25 05:35:17,400 - INFO - ✅ دقیقاً 100 کانفیگ در configs.json ذخیره شد
2026-08-25 05:35:17,400 - INFO - ✅ فایل configs.json با 2 کانفیگ واقعی به‌روز شد
2026-08-25 05:35:17,400 - INFO - 📝 نمونه کانفیگ اول: vless://8ef35d02-5e6a-48d8-977a-ca3d61290b92@iri.l...
2026-08-25 05:35:17,400 - INFO - 📤 بخش ۲: دریافت کانفیگ‌های جدید برای ارسال به کانال...
2026-08-25 05:35:17,400 - INFO - 📡 دریافت پست‌ها از https://t.me/s/ConfigsHUB برای ارسال به کانال
2026-08-25 05:35:17,905 - INFO - ✅ 20 پست دریافت شد
2026-08-25 05:35:17,906 - INFO - ⏭️ رد کردن پست تکراری: ConfigsHUB/2009345
2026-08-25 05:35:17,907 - INFO - 💾 وضعیت به‌روز شد: ConfigsHUB/2009345
2026-08-25 05:35:17,907 - INFO - 📊 از https://t.me/s/ConfigsHUB: 0 کانفیگ جدید پیدا شد
2026-08-25 05:35:17,907 - INFO - 📊 تعداد کل کانفیگ‌های جدید: 0
2026-08-25 05:35:17,907 - INFO - ℹ️ کانفیگ جدیدی برای ارسال وجود ندارد
2026-08-25 05:35:17,907 - INFO - ==================================================
2026-08-25 05:35:17,907 - INFO - 🏁 اجرای ربات با موفقیت به پایان رسید
2026-08-25 06:30:33,082 - INFO - ==================================================
2026-08-25 06:30:33,082 - INFO - 🚀 شروع اجرای ربات
2026-08-25 06:30:33,082 - INFO - 📥 بخش ۱: دریافت ۱۰۰ کانفیگ آخر برای فایل JSON...
2026-08-25 06:30:33,082 - INFO - 📡 دریافت کانفیگ‌ها از https://t.me/s/ConfigsHUB برای فایل JSON
2026-08-25 06:30:33,788 - INFO - ✅ 2 کانفیگ از صفحه دریافت شد
2026-08-25 06:30:33,789 - INFO - 📊 از https://t.me/s/ConfigsHUB: 2 کانفیگ دریافت شد
2026-08-25 06:30:33,789 - INFO - 🔄 بعد از حذف تکراری: 2 کانفیگ برای JSON
2026-08-25 06:30:33,789 - WARNING - ⚠️ تعداد کانفیگ‌ها به 100 رسید (با None پر شد)
2026-08-25 06:30:33,789 - INFO - ✅ دقیقاً 100 کانفیگ در configs.json ذخیره شد
2026-08-25 06:30:33,790 - INFO - ✅ فایل configs.json با 2 کانفیگ واقعی به‌روز شد
2026-08-25 06:30:33,790 - INFO - 📝 نمونه کانفیگ اول: vless://8ef35d02-5e6a-48d8-977a-ca3d61290b92@iri.l...
2026-08-25 06:30:33,790 - INFO - 📤 بخش ۲: دریافت کانفیگ‌های جدید برای ارسال به کانال...
2026-08-25 06:30:33,790 - INFO - 📡 دریافت پست‌ها از https://t.me/s/ConfigsHUB برای ارسال به کانال
2026-08-25 06:30:34,377 - INFO - ✅ 20 پست دریافت شد
2026-08-25 06:30:34,378 - INFO - ⏭️ رد کردن پست تکراری: ConfigsHUB/2009345
2026-08-25 06:30:34,378 - INFO - 💾 وضعیت به‌روز شد: ConfigsHUB/2009345
2026-08-25 06:30:34,378 - INFO - 📊 از https://t.me/s/ConfigsHUB: 0 کانفیگ جدید پیدا شد
2026-08-25 06:30:34,378 - INFO - 📊 تعداد کل کانفیگ‌های جدید: 0
2026-08-25 06:30:34,379 - INFO - ℹ️ کانفیگ جدیدی برای ارسال وجود ندارد
2026-08-25 06:30:34,379 - INFO - ==================================================
2026-08-25 06:30:34,379 - INFO - 🏁 اجرای ربات با موفقیت به پایان رسید
2026-08-25 06:55:03,728 - INFO - ==================================================
2026-08-25 06:55:03,728 - INFO - 🚀 شروع اجرای ربات
2026-08-25 06:55:03,729 - INFO - 📥 بخش ۱: دریافت ۱۰۰ کانفیگ آخر برای فایل JSON...
2026-08-25 06:55:03,729 - INFO - 📡 دریافت کانفیگ‌ها از https://t.me/s/ConfigsHUB برای فایل JSON
2026-08-25 06:55:04,372 - INFO - ✅ 2 کانفیگ از صفحه دریافت شد
2026-08-25 06:55:04,373 - INFO - 📊 از https://t.me/s/ConfigsHUB: 2 کانفیگ دریافت شد
2026-08-25 06:55:04,373 - INFO - 🔄 بعد از حذف تکراری: 2 کانفیگ برای JSON
2026-08-25 06:55:04,373 - WARNING - ⚠️ تعداد کانفیگ‌ها به 100 رسید (با None پر شد)
2026-08-25 06:55:04,374 - INFO - ✅ دقیقاً 100 کانفیگ در configs.json ذخیره شد
2026-08-25 06:55:04,374 - INFO - ✅ فایل configs.json با 2 کانفیگ واقعی به‌روز شد
2026-08-25 06:55:04,374 - INFO - 📝 نمونه کانفیگ اول: vless://8ef35d02-5e6a-48d8-977a-ca3d61290b92@iri.l...
2026-08-25 06:55:04,374 - INFO - 📤 بخش ۲: دریافت کانفیگ‌های جدید برای ارسال به کانال...
2026-08-25 06:55:04,374 - INFO - 📡 دریافت پست‌ها از https://t.me/s/ConfigsHUB برای ارسال به کانال
2026-08-25 06:55:04,913 - INFO - ✅ 20 پست دریافت شد
2026-08-25 06:55:04,914 - INFO - ⏭️ رد کردن پست تکراری: ConfigsHUB/2009345
2026-08-25 06:55:04,914 - INFO - 💾 وضعیت به‌روز شد: ConfigsHUB/2009345
2026-08-25 06:55:04,915 - INFO - 📊 از https://t.me/s/ConfigsHUB: 0 کانفیگ جدید پیدا شد
2026-08-25 06:55:04,915 - INFO - 📊 تعداد کل کانفیگ‌های جدید: 0
2026-08-25 06:55:04,915 - INFO - ℹ️ کانفیگ جدیدی برای ارسال وجود ندارد
2026-08-25 06:55:04,915 - INFO - ==================================================
2026-08-25 06:55:04,915 - INFO - 🏁 اجرای ربات با موفقیت به پایان رسید
2026-08-25 07:30:27,589 - INFO - ==================================================
2026-08-25 07:30:27,589 - INFO - 🚀 شروع اجرای ربات
2026-08-25 07:30:27,589 - INFO - 📥 بخش ۱: دریافت ۱۰۰ کانفیگ آخر برای فایل JSON...
2026-08-25 07:30:27,589 - INFO - 📡 دریافت کانفیگ‌ها از https://t.me/s/ConfigsHUB برای فایل JSON
2026-08-25 07:30:28,271 - INFO - ✅ 2 کانفیگ از صفحه دریافت شد
2026-08-25 07:30:28,272 - INFO - 📊 از https://t.me/s/ConfigsHUB: 2 کانفیگ دریافت شد
2026-08-25 07:30:28,272 - INFO - 🔄 بعد از حذف تکراری: 2 کانفیگ برای JSON
2026-08-25 07:30:28,272 - WARNING - ⚠️ تعداد کانفیگ‌ها به 100 رسید (با None پر شد)
2026-08-25 07:30:28,272 - INFO - ✅ دقیقاً 100 کانفیگ در configs.json ذخیره شد
2026-08-25 07:30:28,272 - INFO - ✅ فایل configs.json با 2 کانفیگ واقعی به‌روز شد
2026-08-25 07:30:28,272 - INFO - 📝 نمونه کانفیگ اول: vless://8ef35d02-5e6a-48d8-977a-ca3d61290b92@iri.l...
2026-08-25 07:30:28,272 - INFO - 📤 بخش ۲: دریافت کانفیگ‌های جدید برای ارسال به کانال...
2026-08-25 07:30:28,272 - INFO - 📡 دریافت پست‌ها از https://t.me/s/ConfigsHUB برای ارسال به کانال
2026-08-25 07:30:28,751 - INFO - ✅ 20 پست دریافت شد
2026-08-25 07:30:28,752 - INFO - ⏭️ رد کردن پست تکراری: ConfigsHUB/2009345
2026-08-25 07:30:28,752 - INFO - 💾 وضعیت به‌روز شد: ConfigsHUB/2009345
2026-08-25 07:30:28,752 - INFO - 📊 از https://t.me/s/ConfigsHUB: 0 کانفیگ جدید پیدا شد
2026-08-25 07:30:28,752 - INFO - 📊 تعداد کل کانفیگ‌های جدید: 0
2026-08-25 07:30:28,752 - INFO - ℹ️ کانفیگ جدیدی برای ارسال وجود ندارد
2026-08-25 07:30:28,752 - INFO - ==================================================
2026-08-25 07:30:28,752 - INFO - 🏁 اجرای ربات با موفقیت به پایان رسید
2026-08-25 07:48:34,140 - INFO - ==================================================
2026-08-25 07:48:34,140 - INFO - 🚀 شروع اجرای ربات
2026-08-25 07:48:34,140 - INFO - 📥 بخش ۱: دریافت ۱۰۰ کانفیگ آخر برای فایل JSON...
2026-08-25 07:48:34,140 - INFO - 📡 دریافت کانفیگ‌ها از https://t.me/s/ConfigsHUB برای فایل JSON
2026-08-25 07:48:34,678 - INFO - ✅ 2 کانفیگ از صفحه دریافت شد
2026-08-25 07:48:34,679 - INFO - 📊 از https://t.me/s/ConfigsHUB: 2 کانفیگ دریافت شد
2026-08-25 07:48:34,679 - INFO - 🔄 بعد از حذف تکراری: 2 کانفیگ برای JSON
2026-08-25 07:48:34,679 - WARNING - ⚠️ تعداد کانفیگ‌ها به 100 رسید (با None پر شد)
2026-08-25 07:48:34,679 - INFO - ✅ دقیقاً 100 کانفیگ در configs.json ذخیره شد
2026-08-25 07:48:34,679 - INFO - ✅ فایل configs.json با 2 کانفیگ واقعی به‌روز شد
2026-08-25 07:48:34,679 - INFO - 📝 نمونه کانفیگ اول: vless://8ef35d02-5e6a-48d8-977a-ca3d61290b92@iri.l...
2026-08-25 07:48:34,679 - INFO - 📤 بخش ۲: دریافت کانفیگ‌های جدید برای ارسال به کانال...
2026-08-25 07:48:34,679 - INFO - 📡 دریافت پست‌ها از https://t.me/s/ConfigsHUB برای ارسال به کانال
2026-08-25 07:48:35,115 - INFO - ✅ 20 پست دریافت شد
2026-08-25 07:48:35,116 - INFO - ⏭️ رد کردن پست تکراری: ConfigsHUB/2009345
2026-08-25 07:48:35,117 - INFO - 💾 وضعیت به‌روز شد: ConfigsHUB/2009345
2026-08-25 07:48:35,117 - INFO - 📊 از https://t.me/s/ConfigsHUB: 0 کانفیگ جدید پیدا شد
2026-08-25 07:48:35,117 - INFO - 📊 تعداد کل کانفیگ‌های جدید: 0
2026-08-25 07:48:35,117 - INFO - ℹ️ کانفیگ جدیدی برای ارسال وجود ندارد
2026-08-25 07:48:35,117 - INFO - ==================================================
2026-08-25 07:48:35,117 - INFO - 🏁 اجرای ربات با موفقیت به پایان رسید
2026-08-25 08:30:30,321 - INFO - ==================================================
2026-08-25 08:30:30,321 - INFO - 🚀 شروع اجرای ربات
2026-08-25 08:30:30,321 - INFO - 📥 بخش ۱: دریافت ۱۰۰ کانفیگ آخر برای فایل JSON...
2026-08-25 08:30:30,321 - INFO - 📡 دریافت کانفیگ‌ها از https://t.me/s/ConfigsHUB برای فایل JSON
2026-08-25 08:30:31,035 - INFO - ✅ 2 کانفیگ از صفحه دریافت شد
2026-08-25 08:30:31,036 - INFO - 📊 از https://t.me/s/ConfigsHUB: 2 کانفیگ دریافت شد
2026-08-25 08:30:31,036 - INFO - 🔄 بعد از حذف تکراری: 2 کانفیگ برای JSON
2026-08-25 08:30:31,036 - WARNING - ⚠️ تعداد کانفیگ‌ها به 100 رسید (با None پر شد)
2026-08-25 08:30:31,036 - INFO - ✅ دقیقاً 100 کانفیگ در configs.json ذخیره شد
2026-08-25 08:30:31,037 - INFO - ✅ فایل configs.json با 2 کانفیگ واقعی به‌روز شد
2026-08-25 08:30:31,037 - INFO - 📝 نمونه کانفیگ اول: vless://8ef35d02-5e6a-48d8-977a-ca3d61290b92@iri.l...
2026-08-25 08:30:31,037 - INFO - 📤 بخش ۲: دریافت کانفیگ‌های جدید برای ارسال به کانال...
2026-08-25 08:30:31,037 - INFO - 📡 دریافت پست‌ها از https://t.me/s/ConfigsHUB برای ارسال به کانال
2026-08-25 08:30:31,654 - INFO - ✅ 20 پست دریافت شد
2026-08-25 08:30:31,655 - INFO - ⏭️ رد کردن پست تکراری: ConfigsHUB/2009345
2026-08-25 08:30:31,655 - INFO - 💾 وضعیت به‌روز شد: ConfigsHUB/2009345
2026-08-25 08:30:31,655 - INFO - 📊 از https://t.me/s/ConfigsHUB: 0 کانفیگ جدید پیدا شد
2026-08-25 08:30:31,655 - INFO - 📊 تعداد کل کانفیگ‌های جدید: 0
2026-08-25 08:30:31,655 - INFO - ℹ️ کانفیگ جدیدی برای ارسال وجود ندارد
2026-08-25 08:30:31,655 - INFO - ==================================================
2026-08-25 08:30:31,655 - INFO - 🏁 اجرای ربات با موفقیت به پایان رسید
2026-08-25 08:48:48,053 - INFO - ==================================================
2026-08-25 08:48:48,053 - INFO - 🚀 شروع اجرای ربات
2026-08-25 08:48:48,053 - INFO - 📥 بخش ۱: دریافت ۱۰۰ کانفیگ آخر برای فایل JSON...
2026-08-25 08:48:48,053 - INFO - 📡 دریافت کانفیگ‌ها از https://t.me/s/ConfigsHUB برای فایل JSON
2026-08-25 08:48:48,625 - INFO - ✅ 2 کانفیگ از صفحه دریافت شد
2026-08-25 08:48:48,626 - INFO - 📊 از https://t.me/s/ConfigsHUB: 2 کانفیگ دریافت شد
2026-08-25 08:48:48,626 - INFO - 🔄 بعد از حذف تکراری: 2 کانفیگ برای JSON
2026-08-25 08:48:48,626 - WARNING - ⚠️ تعداد کانفیگ‌ها به 100 رسید (با None پر شد)
2026-08-25 08:48:48,626 - INFO - ✅ دقیقاً 100 کانفیگ در configs.json ذخیره شد
2026-08-25 08:48:48,626 - INFO - ✅ فایل configs.json با 2 کانفیگ واقعی به‌روز شد
2026-08-25 08:48:48,626 - INFO - 📝 نمونه کانفیگ اول: vless://8ef35d02-5e6a-48d8-977a-ca3d61290b92@iri.l...
2026-08-25 08:48:48,626 - INFO - 📤 بخش ۲: دریافت کانفیگ‌های جدید برای ارسال به کانال...
2026-08-25 08:48:48,626 - INFO - 📡 دریافت پست‌ها از https://t.me/s/ConfigsHUB برای ارسال به کانال
2026-08-25 08:48:49,189 - INFO - ✅ 20 پست دریافت شد
2026-08-25 08:48:49,190 - INFO - ⏭️ رد کردن پست تکراری: ConfigsHUB/2009345
2026-08-25 08:48:49,190 - INFO - 💾 وضعیت به‌روز شد: ConfigsHUB/2009345
2026-08-25 08:48:49,190 - INFO - 📊 از https://t.me/s/ConfigsHUB: 0 کانفیگ جدید پیدا شد
2026-08-25 08:48:49,190 - INFO - 📊 تعداد کل کانفیگ‌های جدید: 0
2026-08-25 08:48:49,190 - INFO - ℹ️ کانفیگ جدیدی برای ارسال وجود ندارد
2026-08-25 08:48:49,190 - INFO - ==================================================
2026-08-25 08:48:49,190 - INFO - 🏁 اجرای ربات با موفقیت به پایان رسید
2026-08-25 09:30:32,344 - INFO - ==================================================
2026-08-25 09:30:32,344 - INFO - 🚀 شروع اجرای ربات
2026-08-25 09:30:32,344 - INFO - 📥 بخش ۱: دریافت ۱۰۰ کانفیگ آخر برای فایل JSON...
2026-08-25 09:30:32,344 - INFO - 📡 دریافت کانفیگ‌ها از https://t.me/s/ConfigsHUB برای فایل JSON
2026-08-25 09:30:32,950 - INFO - ✅ 2 کانفیگ از صفحه دریافت شد
2026-08-25 09:30:32,951 - INFO - 📊 از https://t.me/s/ConfigsHUB: 2 کانفیگ دریافت شد
2026-08-25 09:30:32,952 - INFO - 🔄 بعد از حذف تکراری: 2 کانفیگ برای JSON
2026-08-25 09:30:32,952 - WARNING - ⚠️ تعداد کانفیگ‌ها به 100 رسید (با None پر شد)
2026-08-25 09:30:32,952 - INFO - ✅ دقیقاً 100 کانفیگ در configs.json ذخیره شد
2026-08-25 09:30:32,952 - INFO - ✅ فایل configs.json با 2 کانفیگ واقعی به‌روز شد
2026-08-25 09:30:32,952 - INFO - 📝 نمونه کانفیگ اول: vless://8ef35d02-5e6a-48d8-977a-ca3d61290b92@iri.l...
2026-08-25 09:30:32,952 - INFO - 📤 بخش ۲: دریافت کانفیگ‌های جدید برای ارسال به کانال...
2026-08-25 09:30:32,952 - INFO - 📡 دریافت پست‌ها از https://t.me/s/ConfigsHUB برای ارسال به کانال
2026-08-25 09:30:33,478 - INFO - ✅ 20 پست دریافت شد
2026-08-25 09:30:33,479 - INFO - ⏭️ رد کردن پست تکراری: ConfigsHUB/2009345
2026-08-25 09:30:33,479 - INFO - 💾 وضعیت به‌روز شد: ConfigsHUB/2009345
2026-08-25 09:30:33,479 - INFO - 📊 از https://t.me/s/ConfigsHUB: 0 کانفیگ جدید پیدا شد
2026-08-25 09:30:33,479 - INFO - 📊 تعداد کل کانفیگ‌های جدید: 0
2026-08-25 09:30:33,479 - INFO - ℹ️ کانفیگ جدیدی برای ارسال وجود ندارد
2026-08-25 09:30:33,479 - INFO - ==================================================
2026-08-25 09:30:33,479 - INFO - 🏁 اجرای ربات با موفقیت به پایان رسید
2026-08-25 09:39:29,595 - INFO - ==================================================
2026-08-25 09:39:29,595 - INFO - 🚀 شروع اجرای ربات
2026-08-25 09:39:29,595 - INFO - 📥 بخش ۱: دریافت ۱۰۰ کانفیگ آخر برای فایل JSON...
2026-08-25 09:39:29,595 - INFO - 📡 دریافت کانفیگ‌ها از https://t.me/s/ConfigsHUB برای فایل JSON
2026-08-25 09:39:30,249 - INFO - ✅ 2 کانفیگ از صفحه دریافت شد
2026-08-25 09:39:30,250 - INFO - 📊 از https://t.me/s/ConfigsHUB: 2 کانفیگ دریافت شد
2026-08-25 09:39:30,250 - INFO - 🔄 بعد از حذف تکراری: 2 کانفیگ برای JSON
2026-08-25 09:39:30,250 - WARNING - ⚠️ تعداد کانفیگ‌ها به 100 رسید (با None پر شد)
2026-08-25 09:39:30,250 - INFO - ✅ دقیقاً 100 کانفیگ در configs.json ذخیره شد
2026-08-25 09:39:30,250 - INFO - ✅ فایل configs.json با 2 کانفیگ واقعی به‌روز شد
2026-08-25 09:39:30,250 - INFO - 📝 نمونه کانفیگ اول: vless://8ef35d02-5e6a-48d8-977a-ca3d61290b92@iri.l...
2026-08-25 09:39:30,250 - INFO - 📤 بخش ۲: دریافت کانفیگ‌های جدید برای ارسال به کانال...
2026-08-25 09:39:30,251 - INFO - 📡 دریافت پست‌ها از https://t.me/s/ConfigsHUB برای ارسال به کانال
2026-08-25 09:39:30,807 - INFO - ✅ 20 پست دریافت شد
2026-08-25 09:39:30,808 - INFO - ⏭️ رد کردن پست تکراری: ConfigsHUB/2009345
2026-08-25 09:39:30,808 - INFO - 💾 وضعیت به‌روز شد: ConfigsHUB/2009345
2026-08-25 09:39:30,808 - INFO - 📊 از https://t.me/s/ConfigsHUB: 0 کانفیگ جدید پیدا شد
2026-08-25 09:39:30,808 - INFO - 📊 تعداد کل کانفیگ‌های جدید: 0
2026-08-25 09:39:30,808 - INFO - ℹ️ کانفیگ جدیدی برای ارسال وجود ندارد
2026-08-25 09:39:30,809 - INFO - ==================================================
2026-08-25 09:39:30,809 - INFO - 🏁 اجرای ربات با موفقیت به پایان رسید
2026-08-25 10:30:30,206 - INFO - ==================================================
2026-08-25 10:30:30,206 - INFO - 🚀 شروع اجرای ربات
2026-08-25 10:30:30,207 - INFO - 📥 بخش ۱: دریافت ۱۰۰ کانفیگ آخر برای فایل JSON...
2026-08-25 10:30:30,207 - INFO - 📡 دریافت کانفیگ‌ها از https://t.me/s/ConfigsHUB برای فایل JSON
2026-08-25 10:30:30,914 - INFO - ✅ 2 کانفیگ از صفحه دریافت شد
2026-08-25 10:30:30,915 - INFO - 📊 از https://t.me/s/ConfigsHUB: 2 کانفیگ دریافت شد
2026-08-25 10:30:30,915 - INFO - 🔄 بعد از حذف تکراری: 2 کانفیگ برای JSON
2026-08-25 10:30:30,915 - WARNING - ⚠️ تعداد کانفیگ‌ها به 100 رسید (با None پر شد)
2026-08-25 10:30:30,916 - INFO - ✅ دقیقاً 100 کانفیگ در configs.json ذخیره شد
2026-08-25 10:30:30,916 - INFO - ✅ فایل configs.json با 2 کانفیگ واقعی به‌روز شد
2026-08-25 10:30:30,916 - INFO - 📝 نمونه کانفیگ اول: vless://8ef35d02-5e6a-48d8-977a-ca3d61290b92@iri.l...
2026-08-25 10:30:30,916 - INFO - 📤 بخش ۲: دریافت کانفیگ‌های جدید برای ارسال به کانال...
2026-08-25 10:30:30,916 - INFO - 📡 دریافت پست‌ها از https://t.me/s/ConfigsHUB برای ارسال به کانال
2026-08-25 10:30:31,533 - INFO - ✅ 20 پست دریافت شد
2026-08-25 10:30:31,534 - INFO - ⏭️ رد کردن پست تکراری: ConfigsHUB/2009345
2026-08-25 10:30:31,534 - INFO - 💾 وضعیت به‌روز شد: ConfigsHUB/2009345
2026-08-25 10:30:31,534 - INFO - 📊 از https://t.me/s/ConfigsHUB: 0 کانفیگ جدید پیدا شد
2026-08-25 10:30:31,534 - INFO - 📊 تعداد کل کانفیگ‌های جدید: 0
2026-08-25 10:30:31,534 - INFO - ℹ️ کانفیگ جدیدی برای ارسال وجود ندارد
2026-08-25 10:30:31,534 - INFO - ==================================================
2026-08-25 10:30:31,534 - INFO - 🏁 اجرای ربات با موفقیت به پایان رسید
2026-08-25 10:37:02,013 - INFO - ==================================================
2026-08-25 10:37:02,013 - INFO - 🚀 شروع اجرای ربات
2026-08-25 10:37:02,013 - INFO - 📥 بخش ۱: دریافت ۱۰۰ کانفیگ آخر برای فایل JSON...
2026-08-25 10:37:02,013 - INFO - 📡 دریافت کانفیگ‌ها از https://t.me/s/ConfigsHUB برای فایل JSON
2026-08-25 10:37:02,440 - INFO - ✅ 2 کانفیگ از صفحه دریافت شد
2026-08-25 10:37:02,441 - INFO - 📊 از https://t.me/s/ConfigsHUB: 2 کانفیگ دریافت شد
2026-08-25 10:37:02,441 - INFO - 🔄 بعد از حذف تکراری: 2 کانفیگ برای JSON
2026-08-25 10:37:02,441 - WARNING - ⚠️ تعداد کانفیگ‌ها به 100 رسید (با None پر شد)
2026-08-25 10:37:02,442 - INFO - ✅ دقیقاً 100 کانفیگ در configs.json ذخیره شد
2026-08-25 10:37:02,442 - INFO - ✅ فایل configs.json با 2 کانفیگ واقعی به‌روز شد
2026-08-25 10:37:02,442 - INFO - 📝 نمونه کانفیگ اول: vless://8ef35d02-5e6a-48d8-977a-ca3d61290b92@iri.l...
2026-08-25 10:37:02,442 - INFO - 📤 بخش ۲: دریافت کانفیگ‌های جدید برای ارسال به کانال...
2026-08-25 10:37:02,442 - INFO - 📡 دریافت پست‌ها از https://t.me/s/ConfigsHUB برای ارسال به کانال
2026-08-25 10:37:02,833 - INFO - ✅ 20 پست دریافت شد
2026-08-25 10:37:02,834 - INFO - ⏭️ رد کردن پست تکراری: ConfigsHUB/2009345
2026-08-25 10:37:02,834 - INFO - 💾 وضعیت به‌روز شد: ConfigsHUB/2009345
2026-08-25 10:37:02,834 - INFO - 📊 از https://t.me/s/ConfigsHUB: 0 کانفیگ جدید پیدا شد
2026-08-25 10:37:02,835 - INFO - 📊 تعداد کل کانفیگ‌های جدید: 0
2026-08-25 10:37:02,835 - INFO - ℹ️ کانفیگ جدیدی برای ارسال وجود ندارد
2026-08-25 10:37:02,835 - INFO - ==================================================
2026-08-25 10:37:02,835 - INFO - 🏁 اجرای ربات با موفقیت به پایان رسید
2026-08-25 11:30:28,242 - INFO - ==================================================
2026-08-25 11:30:28,242 - INFO - 🚀 شروع اجرای ربات
2026-08-25 11:30:28,242 - INFO - 📥 بخش ۱: دریافت ۱۰۰ کانفیگ آخر برای فایل JSON...
2026-08-25 11:30:28,242 - INFO - 📡 دریافت کانفیگ‌ها از https://t.me/s/ConfigsHUB برای فایل JSON
2026-08-25 11:30:28,653 - INFO - ✅ 5 کانفیگ از صفحه دریافت شد
2026-08-25 11:30:28,654 - INFO - 📊 از https://t.me/s/ConfigsHUB: 5 کانفیگ دریافت شد
2026-08-25 11:30:28,654 - INFO - 🔄 بعد از حذف تکراری: 5 کانفیگ برای JSON
2026-08-25 11:30:28,654 - WARNING - ⚠️ تعداد کانفیگ‌ها به 100 رسید (با None پر شد)
2026-08-25 11:30:28,655 - INFO - ✅ دقیقاً 100 کانفیگ در configs.json ذخیره شد
2026-08-25 11:30:28,655 - INFO - ✅ فایل configs.json با 5 کانفیگ واقعی به‌روز شد
2026-08-25 11:30:28,655 - INFO - 📝 نمونه کانفیگ اول: vless://f82332b2-dc8c-eac4-ac12-f276e37e278a@45.15...
2026-08-25 11:30:28,655 - INFO - 📤 بخش ۲: دریافت کانفیگ‌های جدید برای ارسال به کانال...
2026-08-25 11:30:28,655 - INFO - 📡 دریافت پست‌ها از https://t.me/s/ConfigsHUB برای ارسال به کانال
2026-08-25 11:30:29,047 - INFO - ✅ 20 پست دریافت شد
2026-08-25 11:30:29,048 - INFO - 💾 وضعیت به‌روز شد: ConfigsHUB/2009355
2026-08-25 11:30:29,048 - INFO - 📊 از https://t.me/s/ConfigsHUB: 5 کانفیگ جدید پیدا شد
2026-08-25 11:30:29,048 - INFO - 📊 تعداد کل کانفیگ‌های جدید: 5
2026-08-25 11:30:29,048 - INFO - 📤 ارسال 5 کانفیگ به کانال
2026-08-25 11:30:29,946 - INFO - HTTP Request: POST https://api.telegram.org/bot8316746677:AAF1IzRzODBtCvVWrL6dWtw7F8U3qb4DwXM/sendMessage "HTTP/1.1 200 OK"
2026-08-25 11:30:29,947 - INFO - ✅ پیام 1 از 1 ارسال شد
2026-08-25 11:30:30,948 - INFO - ==================================================
2026-08-25 11:30:30,948 - INFO - 🏁 اجرای ربات با موفقیت به پایان رسید
2026-08-25 11:32:02,733 - INFO - ==================================================
2026-08-25 11:32:02,733 - INFO - 🚀 شروع اجرای ربات
2026-08-25 11:32:02,733 - INFO - 📥 بخش ۱: دریافت ۱۰۰ کانفیگ آخر برای فایل JSON...
2026-08-25 11:32:02,733 - INFO - 📡 دریافت کانفیگ‌ها از https://t.me/s/ConfigsHUB برای فایل JSON
2026-08-25 11:32:03,254 - INFO - ✅ 0 کانفیگ از صفحه دریافت شد
2026-08-25 11:32:03,255 - INFO - 📊 از https://t.me/s/ConfigsHUB: 0 کانفیگ دریافت شد
2026-08-25 11:32:03,255 - INFO - 🔄 بعد از حذف تکراری: 0 کانفیگ برای JSON
2026-08-25 11:32:03,256 - WARNING - ⚠️ تعداد کانفیگ‌ها به 100 رسید (با None پر شد)
2026-08-25 11:32:03,256 - INFO - ✅ دقیقاً 100 کانفیگ در configs.json ذخیره شد
2026-08-25 11:32:03,256 - INFO - ✅ فایل configs.json با 0 کانفیگ واقعی به‌روز شد
2026-08-25 11:32:03,256 - INFO - 📤 بخش ۲: دریافت کانفیگ‌های جدید برای ارسال به کانال...
2026-08-25 11:32:03,256 - INFO - 📡 دریافت پست‌ها از https://t.me/s/ConfigsHUB برای ارسال به کانال
2026-08-25 11:32:03,685 - INFO - ✅ 20 پست دریافت شد
2026-08-25 11:32:03,686 - INFO - 💾 وضعیت به‌روز شد: ConfigsHUB/2009380
2026-08-25 11:32:03,686 - INFO - 📊 از https://t.me/s/ConfigsHUB: 0 کانفیگ جدید پیدا شد
2026-08-25 11:32:03,686 - INFO - 📊 تعداد کل کانفیگ‌های جدید: 0
2026-08-25 11:32:03,686 - INFO - ℹ️ کانفیگ جدیدی برای ارسال وجود ندارد
2026-08-25 11:32:03,686 - INFO - ==================================================
2026-08-25 11:32:03,686 - INFO - 🏁 اجرای ربات با موفقیت به پایان رسید
2026-08-25 12:30:29,257 - INFO - ==================================================
2026-08-25 12:30:29,258 - INFO - 🚀 شروع اجرای ربات
2026-08-25 12:30:29,258 - INFO - 📥 بخش ۱: دریافت ۱۰۰ کانفیگ آخر برای فایل JSON...
2026-08-25 12:30:29,258 - INFO - 📡 دریافت کانفیگ‌ها از https://t.me/s/ConfigsHUB برای فایل JSON
2026-08-25 12:30:30,323 - INFO - ✅ 8 کانفیگ از صفحه دریافت شد
2026-08-25 12:30:30,324 - INFO - 📊 از https://t.me/s/ConfigsHUB: 8 کانفیگ دریافت شد
2026-08-25 12:30:30,324 - INFO - 🔄 بعد از حذف تکراری: 8 کانفیگ برای JSON
2026-08-25 12:30:30,324 - WARNING - ⚠️ تعداد کانفیگ‌ها به 100 رسید (با None پر شد)
2026-08-25 12:30:30,324 - INFO - ✅ دقیقاً 100 کانفیگ در configs.json ذخیره شد
2026-08-25 12:30:30,325 - INFO - ✅ فایل configs.json با 8 کانفیگ واقعی به‌روز شد
2026-08-25 12:30:30,325 - INFO - 📝 نمونه کانفیگ اول: vless://48ff2b70-e180-582f-8866-d9a2edeed5f5@51.15...
2026-08-25 12:30:30,325 - INFO - 📤 بخش ۲: دریافت کانفیگ‌های جدید برای ارسال به کانال...
2026-08-25 12:30:30,325 - INFO - 📡 دریافت پست‌ها از https://t.me/s/ConfigsHUB برای ارسال به کانال
2026-08-25 12:30:30,711 - INFO - ✅ 20 پست دریافت شد
2026-08-25 12:30:30,712 - INFO - 💾 وضعیت به‌روز شد: ConfigsHUB/2009489
2026-08-25 12:30:30,712 - INFO - 📊 از https://t.me/s/ConfigsHUB: 8 کانفیگ جدید پیدا شد
2026-08-25 12:30:30,712 - INFO - 📊 تعداد کل کانفیگ‌های جدید: 8
2026-08-25 12:30:30,712 - INFO - 📤 ارسال 8 کانفیگ به کانال
2026-08-25 12:30:33,832 - INFO - HTTP Request: POST https://api.telegram.org/bot8316746677:AAF1IzRzODBtCvVWrL6dWtw7F8U3qb4DwXM/sendMessage "HTTP/1.1 200 OK"
2026-08-25 12:30:33,833 - INFO - ✅ پیام 1 از 1 ارسال شد
2026-08-25 12:30:34,835 - INFO - ==================================================
2026-08-25 12:30:34,835 - INFO - 🏁 اجرای ربات با موفقیت به پایان رسید
2026-08-25 12:54:17,657 - INFO - ==================================================
2026-08-25 12:54:17,657 - INFO - 🚀 شروع اجرای ربات
2026-08-25 12:54:17,657 - INFO - 📥 بخش ۱: دریافت ۱۰۰ کانفیگ آخر برای فایل JSON...
2026-08-25 12:54:17,657 - INFO - 📡 دریافت کانفیگ‌ها از https://t.me/s/ConfigsHUB برای فایل JSON
2026-08-25 12:54:18,193 - INFO - ✅ 19 کانفیگ از صفحه دریافت شد
2026-08-25 12:54:18,194 - INFO - 📊 از https://t.me/s/ConfigsHUB: 19 کانفیگ دریافت شد
2026-08-25 12:54:18,194 - INFO - 🔄 بعد از حذف تکراری: 19 کانفیگ برای JSON
2026-08-25 12:54:18,194 - WARNING - ⚠️ تعداد کانفیگ‌ها به 100 رسید (با None پر شد)
2026-08-25 12:54:18,194 - INFO - ✅ دقیقاً 100 کانفیگ در configs.json ذخیره شد
2026-08-25 12:54:18,194 - INFO - ✅ فایل configs.json با 19 کانفیگ واقعی به‌روز شد
2026-08-25 12:54:18,194 - INFO - 📝 نمونه کانفیگ اول: ss://Y2hhY2hhMjAtaWV0Zi1wb2x5MTMwNTpFeUd5MTFCTWZlU...
2026-08-25 12:54:18,194 - INFO - 📤 بخش ۲: دریافت کانفیگ‌های جدید برای ارسال به کانال...
2026-08-25 12:54:18,195 - INFO - 📡 دریافت پست‌ها از https://t.me/s/ConfigsHUB برای ارسال به کانال
2026-08-25 12:54:18,650 - INFO - ✅ 20 پست دریافت شد
2026-08-25 12:54:18,652 - INFO - 💾 وضعیت به‌روز شد: ConfigsHUB/2009600
2026-08-25 12:54:18,652 - INFO - 📊 از https://t.me/s/ConfigsHUB: 19 کانفیگ جدید پیدا شد
2026-08-25 12:54:18,652 - INFO - 📊 تعداد کل کانفیگ‌های جدید: 19
2026-08-25 12:54:18,652 - INFO - 📤 ارسال 10 کانفیگ به کانال
2026-08-25 12:54:19,444 - INFO - HTTP Request: POST https://api.telegram.org/bot8316746677:AAF1IzRzODBtCvVWrL6dWtw7F8U3qb4DwXM/sendMessage "HTTP/1.1 200 OK"
2026-08-25 12:54:19,445 - INFO - ✅ پیام 1 از 1 ارسال شد
2026-08-25 12:54:20,447 - INFO - ==================================================
2026-08-25 12:54:20,447 - INFO - 🏁 اجرای ربات با موفقیت به پایان رسید
2026-08-25 13:30:33,284 - INFO - ==================================================
2026-08-25 13:30:33,284 - INFO - 🚀 شروع اجرای ربات
2026-08-25 13:30:33,284 - INFO - 📥 بخش ۱: دریافت ۱۰۰ کانفیگ آخر برای فایل JSON...
2026-08-25 13:30:33,284 - INFO - 📡 دریافت کانفیگ‌ها از https://t.me/s/ConfigsHUB برای فایل JSON
2026-08-25 13:30:33,818 - INFO - ✅ 10 کانفیگ از صفحه دریافت شد
2026-08-25 13:30:33,819 - INFO - 📊 از https://t.me/s/ConfigsHUB: 10 کانفیگ دریافت شد
2026-08-25 13:30:33,819 - INFO - 🔄 بعد از حذف تکراری: 6 کانفیگ برای JSON
2026-08-25 13:30:33,819 - WARNING - ⚠️ تعداد کانفیگ‌ها به 100 رسید (با None پر شد)
2026-08-25 13:30:33,819 - INFO - ✅ دقیقاً 100 کانفیگ در configs.json ذخیره شد
2026-08-25 13:30:33,819 - INFO - ✅ فایل configs.json با 6 کانفیگ واقعی به‌روز شد
2026-08-25 13:30:33,819 - INFO - 📝 نمونه کانفیگ اول: vless://76f6b7fe-5de8-4637-87a0-6ddd33d67b3e@103.1...
2026-08-25 13:30:33,819 - INFO - 📤 بخش ۲: دریافت کانفیگ‌های جدید برای ارسال به کانال...
2026-08-25 13:30:33,820 - INFO - 📡 دریافت پست‌ها از https://t.me/s/ConfigsHUB برای ارسال به کانال
2026-08-25 13:30:34,291 - INFO - ✅ 20 پست دریافت شد
2026-08-25 13:30:34,292 - INFO - 💾 وضعیت به‌روز شد: ConfigsHUB/2009743
2026-08-25 13:30:34,293 - INFO - 📊 از https://t.me/s/ConfigsHUB: 10 کانفیگ جدید پیدا شد
2026-08-25 13:30:34,293 - INFO - 📊 تعداد کل کانفیگ‌های جدید: 10
2026-08-25 13:30:34,293 - INFO - 📤 ارسال 6 کانفیگ به کانال
2026-08-25 13:30:34,830 - INFO - HTTP Request: POST https://api.telegram.org/bot8316746677:AAF1IzRzODBtCvVWrL6dWtw7F8U3qb4DwXM/sendMessage "HTTP/1.1 200 OK"
2026-08-25 13:30:34,831 - INFO - ✅ پیام 1 از 1 ارسال شد
2026-08-25 13:30:35,833 - INFO - ==================================================
2026-08-25 13:30:35,833 - INFO - 🏁 اجرای ربات با موفقیت به پایان رسید
2026-08-25 13:53:31,837 - INFO - ==================================================
2026-08-25 13:53:31,837 - INFO - 🚀 شروع اجرای ربات
2026-08-25 13:53:31,838 - INFO - 📥 بخش ۱: دریافت ۱۰۰ کانفیگ آخر برای فایل JSON...
2026-08-25 13:53:31,838 - INFO - 📡 دریافت کانفیگ‌ها از https://t.me/s/ConfigsHUB برای فایل JSON
2026-08-25 13:53:32,608 - INFO - ✅ 20 کانفیگ از صفحه دریافت شد
2026-08-25 13:53:32,609 - INFO - 📊 از https://t.me/s/ConfigsHUB: 20 کانفیگ دریافت شد
2026-08-25 13:53:32,609 - INFO - 🔄 بعد از حذف تکراری: 12 کانفیگ برای JSON
2026-08-25 13:53:32,609 - WARNING - ⚠️ تعداد کانفیگ‌ها به 100 رسید (با None پر شد)
2026-08-25 13:53:32,609 - INFO - ✅ دقیقاً 100 کانفیگ در configs.json ذخیره شد
2026-08-25 13:53:32,610 - INFO - ✅ فایل configs.json با 12 کانفیگ واقعی به‌روز شد
2026-08-25 13:53:32,610 - INFO - 📝 نمونه کانفیگ اول: vless://d11613a1-2e1f-4209-a275-aabd986b7ad1@194.9...
2026-08-25 13:53:32,610 - INFO - 📤 بخش ۲: دریافت کانفیگ‌های جدید برای ارسال به کانال...
2026-08-25 13:53:32,610 - INFO - 📡 دریافت پست‌ها از https://t.me/s/ConfigsHUB برای ارسال به کانال
2026-08-25 13:53:33,307 - INFO - ✅ 20 پست دریافت شد
2026-08-25 13:53:33,309 - INFO - 💾 وضعیت به‌روز شد: ConfigsHUB/2009915
2026-08-25 13:53:33,309 - INFO - 📊 از https://t.me/s/ConfigsHUB: 20 کانفیگ جدید پیدا شد
2026-08-25 13:53:33,309 - INFO - 📊 تعداد کل کانفیگ‌های جدید: 20
2026-08-25 13:53:33,309 - INFO - 📤 ارسال 10 کانفیگ به کانال
2026-08-25 13:53:34,247 - INFO - HTTP Request: POST https://api.telegram.org/bot8316746677:AAF1IzRzODBtCvVWrL6dWtw7F8U3qb4DwXM/sendMessage "HTTP/1.1 200 OK"
2026-08-25 13:53:34,248 - INFO - ✅ پیام 1 از 1 ارسال شد
2026-08-25 13:53:35,250 - INFO - ==================================================
2026-08-25 13:53:35,250 - INFO - 🏁 اجرای ربات با موفقیت به پایان رسید
2026-08-25 14:30:38,435 - INFO - ==================================================
2026-08-25 14:30:38,435 - INFO - 🚀 شروع اجرای ربات
2026-08-25 14:30:38,435 - INFO - 📥 بخش ۱: دریافت ۱۰۰ کانفیگ آخر برای فایل JSON...
2026-08-25 14:30:38,435 - INFO - 📡 دریافت کانفیگ‌ها از https://t.me/s/ConfigsHUB برای فایل JSON
2026-08-25 14:30:39,076 - INFO - ✅ 15 کانفیگ از صفحه دریافت شد
2026-08-25 14:30:39,076 - INFO - 📊 از https://t.me/s/ConfigsHUB: 15 کانفیگ دریافت شد
2026-08-25 14:30:39,077 - INFO - 🔄 بعد از حذف تکراری: 8 کانفیگ برای JSON
2026-08-25 14:30:39,077 - WARNING - ⚠️ تعداد کانفیگ‌ها به 100 رسید (با None پر شد)
2026-08-25 14:30:39,077 - INFO - ✅ دقیقاً 100 کانفیگ در configs.json ذخیره شد
2026-08-25 14:30:39,077 - INFO - ✅ فایل configs.json با 8 کانفیگ واقعی به‌روز شد
2026-08-25 14:30:39,077 - INFO - 📝 نمونه کانفیگ اول: vless://8975546a-375c-4966-8064-19fc0f66f30a@31.76...
2026-08-25 14:30:39,077 - INFO - 📤 بخش ۲: دریافت کانفیگ‌های جدید برای ارسال به کانال...
2026-08-25 14:30:39,077 - INFO - 📡 دریافت پست‌ها از https://t.me/s/ConfigsHUB برای ارسال به کانال
2026-08-25 14:30:39,690 - INFO - ✅ 20 پست دریافت شد
2026-08-25 14:30:39,691 - INFO - 💾 وضعیت به‌روز شد: ConfigsHUB/2010024
2026-08-25 14:30:39,691 - INFO - 📊 از https://t.me/s/ConfigsHUB: 10 کانفیگ جدید پیدا شد
2026-08-25 14:30:39,691 - INFO - 📊 تعداد کل کانفیگ‌های جدید: 10
2026-08-25 14:30:39,691 - INFO - 📤 ارسال 6 کانفیگ به کانال
2026-08-25 14:30:40,461 - INFO - HTTP Request: POST https://api.telegram.org/bot8316746677:AAF1IzRzODBtCvVWrL6dWtw7F8U3qb4DwXM/sendMessage "HTTP/1.1 200 OK"
2026-08-25 14:30:40,462 - INFO - ✅ پیام 1 از 1 ارسال شد
2026-08-25 14:30:41,463 - INFO - ==================================================
2026-08-25 14:30:41,463 - INFO - 🏁 اجرای ربات با موفقیت به پایان رسید
2026-08-25 14:50:27,606 - INFO - ==================================================
2026-08-25 14:50:27,606 - INFO - 🚀 شروع اجرای ربات
2026-08-25 14:50:27,606 - INFO - 📥 بخش ۱: دریافت ۱۰۰ کانفیگ آخر برای فایل JSON...
2026-08-25 14:50:27,606 - INFO - 📡 دریافت کانفیگ‌ها از https://t.me/s/ConfigsHUB برای فایل JSON
2026-08-25 14:50:28,154 - INFO - ✅ 20 کانفیگ از صفحه دریافت شد
2026-08-25 14:50:28,155 - INFO - 📊 از https://t.me/s/ConfigsHUB: 20 کانفیگ دریافت شد
2026-08-25 14:50:28,155 - INFO - 🔄 بعد از حذف تکراری: 19 کانفیگ برای JSON
2026-08-25 14:50:28,155 - WARNING - ⚠️ تعداد کانفیگ‌ها به 100 رسید (با None پر شد)
2026-08-25 14:50:28,155 - INFO - ✅ دقیقاً 100 کانفیگ در configs.json ذخیره شد
2026-08-25 14:50:28,155 - INFO - ✅ فایل configs.json با 19 کانفیگ واقعی به‌روز شد
2026-08-25 14:50:28,155 - INFO - 📝 نمونه کانفیگ اول: vless://97ea73b6-2043-4238-903c-a1e3d4a43c96@172.6...
2026-08-25 14:50:28,155 - INFO - 📤 بخش ۲: دریافت کانفیگ‌های جدید برای ارسال به کانال...
2026-08-25 14:50:28,156 - INFO - 📡 دریافت پست‌ها از https://t.me/s/ConfigsHUB برای ارسال به کانال
2026-08-25 14:50:28,628 - INFO - ✅ 20 پست دریافت شد
2026-08-25 14:50:28,630 - INFO - 💾 وضعیت به‌روز شد: ConfigsHUB/2010142
2026-08-25 14:50:28,630 - INFO - 📊 از https://t.me/s/ConfigsHUB: 20 کانفیگ جدید پیدا شد
2026-08-25 14:50:28,630 - INFO - 📊 تعداد کل کانفیگ‌های جدید: 20
2026-08-25 14:50:28,630 - INFO - 📤 ارسال 10 کانفیگ به کانال
2026-08-25 14:50:29,160 - INFO - HTTP Request: POST https://api.telegram.org/bot8316746677:AAF1IzRzODBtCvVWrL6dWtw7F8U3qb4DwXM/sendMessage "HTTP/1.1 200 OK"
2026-08-25 14:50:29,161 - INFO - ✅ پیام 1 از 1 ارسال شد
2026-08-25 14:50:30,162 - INFO - ==================================================
2026-08-25 14:50:30,162 - INFO - 🏁 اجرای ربات با موفقیت به پایان رسید
2026-08-25 15:30:42,133 - INFO - ==================================================
2026-08-25 15:30:42,133 - INFO - 🚀 شروع اجرای ربات
2026-08-25 15:30:42,133 - INFO - 📥 بخش ۱: دریافت ۱۰۰ کانفیگ آخر برای فایل JSON...
2026-08-25 15:30:42,133 - INFO - 📡 دریافت کانفیگ‌ها از https://t.me/s/ConfigsHUB برای فایل JSON
2026-08-25 15:30:42,688 - INFO - ✅ 10 کانفیگ از صفحه دریافت شد
2026-08-25 15:30:42,688 - INFO - 📊 از https://t.me/s/ConfigsHUB: 10 کانفیگ دریافت شد
2026-08-25 15:30:42,689 - INFO - 🔄 بعد از حذف تکراری: 6 کانفیگ برای JSON
2026-08-25 15:30:42,689 - WARNING - ⚠️ تعداد کانفیگ‌ها به 100 رسید (با None پر شد)
2026-08-25 15:30:42,689 - INFO - ✅ دقیقاً 100 کانفیگ در configs.json ذخیره شد
2026-08-25 15:30:42,689 - INFO - ✅ فایل configs.json با 6 کانفیگ واقعی به‌روز شد
2026-08-25 15:30:42,689 - INFO - 📝 نمونه کانفیگ اول: vless://32894620-d039-4269-b57b-08647f3dc31c@5.75....
2026-08-25 15:30:42,689 - INFO - 📤 بخش ۲: دریافت کانفیگ‌های جدید برای ارسال به کانال...
2026-08-25 15:30:42,689 - INFO - 📡 دریافت پست‌ها از https://t.me/s/ConfigsHUB برای ارسال به کانال
2026-08-25 15:30:43,147 - INFO - ✅ 20 پست دریافت شد
2026-08-25 15:30:43,148 - INFO - 💾 وضعیت به‌روز شد: ConfigsHUB/2010286
2026-08-25 15:30:43,148 - INFO - 📊 از https://t.me/s/ConfigsHUB: 10 کانفیگ جدید پیدا شد
2026-08-25 15:30:43,148 - INFO - 📊 تعداد کل کانفیگ‌های جدید: 10
2026-08-25 15:30:43,148 - INFO - 📤 ارسال 6 کانفیگ به کانال
2026-08-25 15:30:44,171 - INFO - HTTP Request: POST https://api.telegram.org/bot8316746677:AAF1IzRzODBtCvVWrL6dWtw7F8U3qb4DwXM/sendMessage "HTTP/1.1 200 OK"
2026-08-25 15:30:44,172 - INFO - ✅ پیام 1 از 1 ارسال شد
2026-08-25 15:30:45,174 - INFO - ==================================================
2026-08-25 15:30:45,174 - INFO - 🏁 اجرای ربات با موفقیت به پایان رسید
2026-08-25 15:47:18,353 - INFO - ==================================================
2026-08-25 15:47:18,353 - INFO - 🚀 شروع اجرای ربات
2026-08-25 15:47:18,353 - INFO - 📥 بخش ۱: دریافت ۱۰۰ کانفیگ آخر برای فایل JSON...
2026-08-25 15:47:18,353 - INFO - 📡 دریافت کانفیگ‌ها از https://t.me/s/ConfigsHUB برای فایل JSON
2026-08-25 15:47:18,865 - INFO - ✅ 19 کانفیگ از صفحه دریافت شد
2026-08-25 15:47:18,866 - INFO - 📊 از https://t.me/s/ConfigsHUB: 19 کانفیگ دریافت شد
2026-08-25 15:47:18,866 - INFO - 🔄 بعد از حذف تکراری: 19 کانفیگ برای JSON
2026-08-25 15:47:18,866 - WARNING - ⚠️ تعداد کانفیگ‌ها به 100 رسید (با None پر شد)
2026-08-25 15:47:18,866 - INFO - ✅ دقیقاً 100 کانفیگ در configs.json ذخیره شد
2026-08-25 15:47:18,867 - INFO - ✅ فایل configs.json با 19 کانفیگ واقعی به‌روز شد
2026-08-25 15:47:18,867 - INFO - 📝 نمونه کانفیگ اول: vless://f82332b2-dc8c-eac4-ac12-f276e37e278a@45.15...
2026-08-25 15:47:18,867 - INFO - 📤 بخش ۲: دریافت کانفیگ‌های جدید برای ارسال به کانال...
2026-08-25 15:47:18,867 - INFO - 📡 دریافت پست‌ها از https://t.me/s/ConfigsHUB برای ارسال به کانال
2026-08-25 15:47:19,283 - INFO - ✅ 20 پست دریافت شد
2026-08-25 15:47:19,284 - INFO - 💾 وضعیت به‌روز شد: ConfigsHUB/2010394
2026-08-25 15:47:19,284 - INFO - 📊 از https://t.me/s/ConfigsHUB: 19 کانفیگ جدید پیدا شد
2026-08-25 15:47:19,284 - INFO - 📊 تعداد کل کانفیگ‌های جدید: 19
2026-08-25 15:47:19,284 - INFO - 📤 ارسال 10 کانفیگ به کانال
2026-08-25 15:47:19,789 - INFO - HTTP Request: POST https://api.telegram.org/bot8316746677:AAF1IzRzODBtCvVWrL6dWtw7F8U3qb4DwXM/sendMessage "HTTP/1.1 200 OK"
2026-08-25 15:47:19,789 - INFO - ✅ پیام 1 از 1 ارسال شد
2026-08-25 15:47:20,791 - INFO - ==================================================
2026-08-25 15:47:20,791 - INFO - 🏁 اجرای ربات با موفقیت به پایان رسید
2026-08-25 16:30:31,004 - INFO - ==================================================
2026-08-25 16:30:31,004 - INFO - 🚀 شروع اجرای ربات
2026-08-25 16:30:31,004 - INFO - 📥 بخش ۱: دریافت ۱۰۰ کانفیگ آخر برای فایل JSON...
2026-08-25 16:30:31,004 - INFO - 📡 دریافت کانفیگ‌ها از https://t.me/s/ConfigsHUB برای فایل JSON
2026-08-25 16:30:31,697 - INFO - ✅ 20 کانفیگ از صفحه دریافت شد
2026-08-25 16:30:31,697 - INFO - 📊 از https://t.me/s/ConfigsHUB: 20 کانفیگ دریافت شد
2026-08-25 16:30:31,698 - INFO - 🔄 بعد از حذف تکراری: 16 کانفیگ برای JSON
2026-08-25 16:30:31,698 - WARNING - ⚠️ تعداد کانفیگ‌ها به 100 رسید (با None پر شد)
2026-08-25 16:30:31,698 - INFO - ✅ دقیقاً 100 کانفیگ در configs.json ذخیره شد
2026-08-25 16:30:31,698 - INFO - ✅ فایل configs.json با 16 کانفیگ واقعی به‌روز شد
2026-08-25 16:30:31,698 - INFO - 📝 نمونه کانفیگ اول: vless://f82332b2-dc8c-eac4-ac12-f276e37e278a@45.15...
2026-08-25 16:30:31,698 - INFO - 📤 بخش ۲: دریافت کانفیگ‌های جدید برای ارسال به کانال...
2026-08-25 16:30:31,699 - INFO - 📡 دریافت پست‌ها از https://t.me/s/ConfigsHUB برای ارسال به کانال
2026-08-25 16:30:32,294 - INFO - ✅ 20 پست دریافت شد
2026-08-25 16:30:32,295 - INFO - 💾 وضعیت به‌روز شد: ConfigsHUB/2010501
2026-08-25 16:30:32,295 - INFO - 📊 از https://t.me/s/ConfigsHUB: 20 کانفیگ جدید پیدا شد
2026-08-25 16:30:32,296 - INFO - 📊 تعداد کل کانفیگ‌های جدید: 20
2026-08-25 16:30:32,296 - INFO - 📤 ارسال 10 کانفیگ به کانال
2026-08-25 16:30:33,026 - INFO - HTTP Request: POST https://api.telegram.org/bot8316746677:AAF1IzRzODBtCvVWrL6dWtw7F8U3qb4DwXM/sendMessage "HTTP/1.1 200 OK"
2026-08-25 16:30:33,027 - INFO - ✅ پیام 1 از 1 ارسال شد
2026-08-25 16:30:34,028 - INFO - ==================================================
2026-08-25 16:30:34,028 - INFO - 🏁 اجرای ربات با موفقیت به پایان رسید
2026-08-25 16:41:18,340 - INFO - ==================================================
2026-08-25 16:41:18,341 - INFO - 🚀 شروع اجرای ربات
2026-08-25 16:41:18,341 - INFO - 📥 بخش ۱: دریافت ۱۰۰ کانفیگ آخر برای فایل JSON...
2026-08-25 16:41:18,341 - INFO - 📡 دریافت کانفیگ‌ها از https://t.me/s/ConfigsHUB برای فایل JSON
2026-08-25 16:41:18,894 - INFO - ✅ 17 کانفیگ از صفحه دریافت شد
2026-08-25 16:41:18,895 - INFO - 📊 از https://t.me/s/ConfigsHUB: 17 کانفیگ دریافت شد
2026-08-25 16:41:18,895 - INFO - 🔄 بعد از حذف تکراری: 17 کانفیگ برای JSON
2026-08-25 16:41:18,895 - WARNING - ⚠️ تعداد کانفیگ‌ها به 100 رسید (با None پر شد)
2026-08-25 16:41:18,895 - INFO - ✅ دقیقاً 100 کانفیگ در configs.json ذخیره شد
2026-08-25 16:41:18,895 - INFO - ✅ فایل configs.json با 17 کانفیگ واقعی به‌روز شد
2026-08-25 16:41:18,896 - INFO - 📝 نمونه کانفیگ اول: vless://2f16a514-69cf-4758-8b2d-c918c0bf203a@93.11...
2026-08-25 16:41:18,896 - INFO - 📤 بخش ۲: دریافت کانفیگ‌های جدید برای ارسال به کانال...
2026-08-25 16:41:18,896 - INFO - 📡 دریافت پست‌ها از https://t.me/s/ConfigsHUB برای ارسال به کانال
2026-08-25 16:41:19,377 - INFO - ✅ 20 پست دریافت شد
2026-08-25 16:41:19,378 - INFO - 💾 وضعیت به‌روز شد: ConfigsHUB/2010566
2026-08-25 16:41:19,378 - INFO - 📊 از https://t.me/s/ConfigsHUB: 17 کانفیگ جدید پیدا شد
2026-08-25 16:41:19,378 - INFO - 📊 تعداد کل کانفیگ‌های جدید: 17
2026-08-25 16:41:19,378 - INFO - 📤 ارسال 10 کانفیگ به کانال
2026-08-25 16:41:20,128 - INFO - HTTP Request: POST https://api.telegram.org/bot8316746677:AAF1IzRzODBtCvVWrL6dWtw7F8U3qb4DwXM/sendMessage "HTTP/1.1 200 OK"
2026-08-25 16:41:20,129 - INFO - ✅ پیام 1 از 1 ارسال شد
2026-08-25 16:41:21,131 - INFO - ==================================================
2026-08-25 16:41:21,131 - INFO - 🏁 اجرای ربات با موفقیت به پایان رسید
2026-08-25 17:30:35,489 - INFO - ==================================================
2026-08-25 17:30:35,489 - INFO - 🚀 شروع اجرای ربات
2026-08-25 17:30:35,489 - INFO - 📥 بخش ۱: دریافت ۱۰۰ کانفیگ آخر برای فایل JSON...
2026-08-25 17:30:35,489 - INFO - 📡 دریافت کانفیگ‌ها از https://t.me/s/ConfigsHUB برای فایل JSON
2026-08-25 17:30:36,182 - INFO - ✅ 8 کانفیگ از صفحه دریافت شد
2026-08-25 17:30:36,183 - INFO - 📊 از https://t.me/s/ConfigsHUB: 8 کانفیگ دریافت شد
2026-08-25 17:30:36,183 - INFO - 🔄 بعد از حذف تکراری: 8 کانفیگ برای JSON
2026-08-25 17:30:36,183 - WARNING - ⚠️ تعداد کانفیگ‌ها به 100 رسید (با None پر شد)
2026-08-25 17:30:36,184 - INFO - ✅ دقیقاً 100 کانفیگ در configs.json ذخیره شد
2026-08-25 17:30:36,184 - INFO - ✅ فایل configs.json با 8 کانفیگ واقعی به‌روز شد
2026-08-25 17:30:36,184 - INFO - 📝 نمونه کانفیگ اول: trojan://humanity@172.64.152.23:443?path=%2Fassign...
2026-08-25 17:30:36,184 - INFO - 📤 بخش ۲: دریافت کانفیگ‌های جدید برای ارسال به کانال...
2026-08-25 17:30:36,184 - INFO - 📡 دریافت پست‌ها از https://t.me/s/ConfigsHUB برای ارسال به کانال
2026-08-25 17:30:36,784 - INFO - ✅ 20 پست دریافت شد
2026-08-25 17:30:36,785 - INFO - 💾 وضعیت به‌روز شد: ConfigsHUB/2010749
2026-08-25 17:30:36,785 - INFO - 📊 از https://t.me/s/ConfigsHUB: 8 کانفیگ جدید پیدا شد
2026-08-25 17:30:36,785 - INFO - 📊 تعداد کل کانفیگ‌های جدید: 8
2026-08-25 17:30:36,785 - INFO - 📤 ارسال 8 کانفیگ به کانال
2026-08-25 17:30:37,464 - INFO - HTTP Request: POST https://api.telegram.org/bot8316746677:AAF1IzRzODBtCvVWrL6dWtw7F8U3qb4DwXM/sendMessage "HTTP/1.1 200 OK"
2026-08-25 17:30:37,465 - INFO - ✅ پیام 1 از 1 ارسال شد
2026-08-25 17:30:38,467 - INFO - ==================================================
2026-08-25 17:30:38,467 - INFO - 🏁 اجرای ربات با موفقیت به پایان رسید
2026-08-25 17:34:43,657 - INFO - ==================================================
2026-08-25 17:34:43,658 - INFO - 🚀 شروع اجرای ربات
2026-08-25 17:34:43,658 - INFO - 📥 بخش ۱: دریافت ۱۰۰ کانفیگ آخر برای فایل JSON...
2026-08-25 17:34:43,658 - INFO - 📡 دریافت کانفیگ‌ها از https://t.me/s/ConfigsHUB برای فایل JSON
2026-08-25 17:34:44,471 - INFO - ✅ 3 کانفیگ از صفحه دریافت شد
2026-08-25 17:34:44,472 - INFO - 📊 از https://t.me/s/ConfigsHUB: 3 کانفیگ دریافت شد
2026-08-25 17:34:44,472 - INFO - 🔄 بعد از حذف تکراری: 3 کانفیگ برای JSON
2026-08-25 17:34:44,472 - WARNING - ⚠️ تعداد کانفیگ‌ها به 100 رسید (با None پر شد)
2026-08-25 17:34:44,473 - INFO - ✅ دقیقاً 100 کانفیگ در configs.json ذخیره شد
2026-08-25 17:34:44,473 - INFO - ✅ فایل configs.json با 3 کانفیگ واقعی به‌روز شد
2026-08-25 17:34:44,473 - INFO - 📝 نمونه کانفیگ اول: ss://Y2hhY2hhMjAtaWV0Zi1wb2x5MTMwNTpvWklvQTY5UTh5a...
2026-08-25 17:34:44,473 - INFO - 📤 بخش ۲: دریافت کانفیگ‌های جدید برای ارسال به کانال...
2026-08-25 17:34:44,473 - INFO - 📡 دریافت پست‌ها از https://t.me/s/ConfigsHUB برای ارسال به کانال
2026-08-25 17:34:45,101 - INFO - ✅ 20 پست دریافت شد
2026-08-25 17:34:45,102 - INFO - 💾 وضعیت به‌روز شد: ConfigsHUB/2010781
2026-08-25 17:34:45,102 - INFO - 📊 از https://t.me/s/ConfigsHUB: 3 کانفیگ جدید پیدا شد
2026-08-25 17:34:45,102 - INFO - 📊 تعداد کل کانفیگ‌های جدید: 3
2026-08-25 17:34:45,102 - INFO - 📤 ارسال 3 کانفیگ به کانال
2026-08-25 17:34:45,724 - INFO - HTTP Request: POST https://api.telegram.org/bot8316746677:AAF1IzRzODBtCvVWrL6dWtw7F8U3qb4DwXM/sendMessage "HTTP/1.1 200 OK"
2026-08-25 17:34:45,725 - INFO - ✅ پیام 1 از 1 ارسال شد
2026-08-25 17:34:46,727 - INFO - ==================================================
2026-08-25 17:34:46,727 - INFO - 🏁 اجرای ربات با موفقیت به پایان رسید
2026-08-25 18:30:35,551 - INFO - ==================================================
2026-08-25 18:30:35,551 - INFO - 🚀 شروع اجرای ربات
2026-08-25 18:30:35,551 - INFO - 📥 بخش ۱: دریافت ۱۰۰ کانفیگ آخر برای فایل JSON...
2026-08-25 18:30:35,551 - INFO - 📡 دریافت کانفیگ‌ها از https://t.me/s/ConfigsHUB برای فایل JSON
2026-08-25 18:30:36,154 - INFO - ✅ 14 کانفیگ از صفحه دریافت شد
2026-08-25 18:30:36,155 - INFO - 📊 از https://t.me/s/ConfigsHUB: 14 کانفیگ دریافت شد
2026-08-25 18:30:36,155 - INFO - 🔄 بعد از حذف تکراری: 14 کانفیگ برای JSON
2026-08-25 18:30:36,155 - WARNING - ⚠️ تعداد کانفیگ‌ها به 100 رسید (با None پر شد)
2026-08-25 18:30:36,156 - INFO - ✅ دقیقاً 100 کانفیگ در configs.json ذخیره شد
2026-08-25 18:30:36,156 - INFO - ✅ فایل configs.json با 14 کانفیگ واقعی به‌روز شد
2026-08-25 18:30:36,156 - INFO - 📝 نمونه کانفیگ اول: vless://89b3cbba-e6ac-485a-9481-976a0415eab9@59.3....
2026-08-25 18:30:36,156 - INFO - 📤 بخش ۲: دریافت کانفیگ‌های جدید برای ارسال به کانال...
2026-08-25 18:30:36,156 - INFO - 📡 دریافت پست‌ها از https://t.me/s/ConfigsHUB برای ارسال به کانال
2026-08-25 18:30:36,625 - INFO - ✅ 20 پست دریافت شد
2026-08-25 18:30:36,626 - INFO - 💾 وضعیت به‌روز شد: ConfigsHUB/2010881
2026-08-25 18:30:36,626 - INFO - 📊 از https://t.me/s/ConfigsHUB: 14 کانفیگ جدید پیدا شد
2026-08-25 18:30:36,626 - INFO - 📊 تعداد کل کانفیگ‌های جدید: 14
2026-08-25 18:30:36,626 - INFO - 📤 ارسال 10 کانفیگ به کانال
2026-08-25 18:30:37,227 - INFO - HTTP Request: POST https://api.telegram.org/bot8316746677:AAF1IzRzODBtCvVWrL6dWtw7F8U3qb4DwXM/sendMessage "HTTP/1.1 200 OK"
2026-08-25 18:30:37,228 - INFO - ✅ پیام 1 از 1 ارسال شد
2026-08-25 18:30:38,230 - INFO - ==================================================
2026-08-25 18:30:38,230 - INFO - 🏁 اجرای ربات با موفقیت به پایان رسید
2026-08-25 18:44:03,082 - INFO - ==================================================
2026-08-25 18:44:03,082 - INFO - 🚀 شروع اجرای ربات
2026-08-25 18:44:03,082 - INFO - 📥 بخش ۱: دریافت ۱۰۰ کانفیگ آخر برای فایل JSON...
2026-08-25 18:44:03,082 - INFO - 📡 دریافت کانفیگ‌ها از https://t.me/s/ConfigsHUB برای فایل JSON
2026-08-25 18:44:03,746 - INFO - ✅ 14 کانفیگ از صفحه دریافت شد
2026-08-25 18:44:03,747 - INFO - 📊 از https://t.me/s/ConfigsHUB: 14 کانفیگ دریافت شد
2026-08-25 18:44:03,747 - INFO - 🔄 بعد از حذف تکراری: 12 کانفیگ برای JSON
2026-08-25 18:44:03,747 - WARNING - ⚠️ تعداد کانفیگ‌ها به 100 رسید (با None پر شد)
2026-08-25 18:44:03,748 - INFO - ✅ دقیقاً 100 کانفیگ در configs.json ذخیره شد
2026-08-25 18:44:03,748 - INFO - ✅ فایل configs.json با 12 کانفیگ واقعی به‌روز شد
2026-08-25 18:44:03,748 - INFO - 📝 نمونه کانفیگ اول: vless://d8b42cd5-b149-4356-9e61-222222222222@45.14...
2026-08-25 18:44:03,748 - INFO - 📤 بخش ۲: دریافت کانفیگ‌های جدید برای ارسال به کانال...
2026-08-25 18:44:03,748 - INFO - 📡 دریافت پست‌ها از https://t.me/s/ConfigsHUB برای ارسال به کانال
2026-08-25 18:44:04,301 - INFO - ✅ 20 پست دریافت شد
2026-08-25 18:44:04,302 - INFO - 💾 وضعیت به‌روز شد: ConfigsHUB/2010927
2026-08-25 18:44:04,302 - INFO - 📊 از https://t.me/s/ConfigsHUB: 14 کانفیگ جدید پیدا شد
2026-08-25 18:44:04,302 - INFO - 📊 تعداد کل کانفیگ‌های جدید: 14
2026-08-25 18:44:04,302 - INFO - 📤 ارسال 10 کانفیگ به کانال
2026-08-25 18:44:04,986 - INFO - HTTP Request: POST https://api.telegram.org/bot8316746677:AAF1IzRzODBtCvVWrL6dWtw7F8U3qb4DwXM/sendMessage "HTTP/1.1 200 OK"
2026-08-25 18:44:04,987 - INFO - ✅ پیام 1 از 1 ارسال شد
2026-08-25 18:44:05,988 - INFO - ==================================================
2026-08-25 18:44:05,988 - INFO - 🏁 اجرای ربات با موفقیت به پایان رسید
2026-08-25 19:30:31,810 - INFO - ==================================================
2026-08-25 19:30:31,810 - INFO - 🚀 شروع اجرای ربات
2026-08-25 19:30:31,810 - INFO - 📥 بخش ۱: دریافت ۱۰۰ کانفیگ آخر برای فایل JSON...
2026-08-25 19:30:31,810 - INFO - 📡 دریافت کانفیگ‌ها از https://t.me/s/ConfigsHUB برای فایل JSON
2026-08-25 19:30:32,596 - INFO - ✅ 10 کانفیگ از صفحه دریافت شد
2026-08-25 19:30:32,597 - INFO - 📊 از https://t.me/s/ConfigsHUB: 10 کانفیگ دریافت شد
2026-08-25 19:30:32,597 - INFO - 🔄 بعد از حذف تکراری: 7 کانفیگ برای JSON
2026-08-25 19:30:32,598 - WARNING - ⚠️ تعداد کانفیگ‌ها به 100 رسید (با None پر شد)
2026-08-25 19:30:32,598 - INFO - ✅ دقیقاً 100 کانفیگ در configs.json ذخیره شد
2026-08-25 19:30:32,598 - INFO - ✅ فایل configs.json با 7 کانفیگ واقعی به‌روز شد
2026-08-25 19:30:32,598 - INFO - 📝 نمونه کانفیگ اول: vless://4f8efa61-96db-1391-b134-9ce844e31228@sw.vo...
2026-08-25 19:30:32,598 - INFO - 📤 بخش ۲: دریافت کانفیگ‌های جدید برای ارسال به کانال...
2026-08-25 19:30:32,598 - INFO - 📡 دریافت پست‌ها از https://t.me/s/ConfigsHUB برای ارسال به کانال
2026-08-25 19:30:33,114 - INFO - ✅ 20 پست دریافت شد
2026-08-25 19:30:33,116 - INFO - 💾 وضعیت به‌روز شد: ConfigsHUB/2011180
2026-08-25 19:30:33,116 - INFO - 📊 از https://t.me/s/ConfigsHUB: 10 کانفیگ جدید پیدا شد
2026-08-25 19:30:33,116 - INFO - 📊 تعداد کل کانفیگ‌های جدید: 10
2026-08-25 19:30:33,116 - INFO - 📤 ارسال 7 کانفیگ به کانال
2026-08-25 19:30:33,816 - INFO - HTTP Request: POST https://api.telegram.org/bot8316746677:AAF1IzRzODBtCvVWrL6dWtw7F8U3qb4DwXM/sendMessage "HTTP/1.1 200 OK"
2026-08-25 19:30:33,817 - INFO - ✅ پیام 1 از 1 ارسال شد
2026-08-25 19:30:34,818 - INFO - ==================================================
2026-08-25 19:30:34,818 - INFO - 🏁 اجرای ربات با موفقیت به پایان رسید
2026-08-25 19:34:59,620 - INFO - ==================================================
2026-08-25 19:34:59,620 - INFO - 🚀 شروع اجرای ربات
2026-08-25 19:34:59,620 - INFO - 📥 بخش ۱: دریافت ۱۰۰ کانفیگ آخر برای فایل JSON...
2026-08-25 19:34:59,620 - INFO - 📡 دریافت کانفیگ‌ها از https://t.me/s/ConfigsHUB برای فایل JSON
2026-08-25 19:35:00,202 - INFO - ✅ 20 کانفیگ از صفحه دریافت شد
2026-08-25 19:35:00,202 - INFO - 📊 از https://t.me/s/ConfigsHUB: 20 کانفیگ دریافت شد
2026-08-25 19:35:00,203 - INFO - 🔄 بعد از حذف تکراری: 15 کانفیگ برای JSON
2026-08-25 19:35:00,203 - WARNING - ⚠️ تعداد کانفیگ‌ها به 100 رسید (با None پر شد)
2026-08-25 19:35:00,203 - INFO - ✅ دقیقاً 100 کانفیگ در configs.json ذخیره شد
2026-08-25 19:35:00,203 - INFO - ✅ فایل configs.json با 15 کانفیگ واقعی به‌روز شد
2026-08-25 19:35:00,203 - INFO - 📝 نمونه کانفیگ اول: vless://2e79f3ca-b8db-4d4d-a96e-8f7313480696@168.2...
2026-08-25 19:35:00,203 - INFO - 📤 بخش ۲: دریافت کانفیگ‌های جدید برای ارسال به کانال...
2026-08-25 19:35:00,203 - INFO - 📡 دریافت پست‌ها از https://t.me/s/ConfigsHUB برای ارسال به کانال
2026-08-25 19:35:00,672 - INFO - ✅ 20 پست دریافت شد
2026-08-25 19:35:00,673 - INFO - 💾 وضعیت به‌روز شد: ConfigsHUB/2011239
2026-08-25 19:35:00,673 - INFO - 📊 از https://t.me/s/ConfigsHUB: 20 کانفیگ جدید پیدا شد
2026-08-25 19:35:00,673 - INFO - 📊 تعداد کل کانفیگ‌های جدید: 20
2026-08-25 19:35:00,673 - INFO - 📤 ارسال 10 کانفیگ به کانال
2026-08-25 19:35:01,336 - INFO - HTTP Request: POST https://api.telegram.org/bot8316746677:AAF1IzRzODBtCvVWrL6dWtw7F8U3qb4DwXM/sendMessage "HTTP/1.1 200 OK"
2026-08-25 19:35:01,337 - INFO - ✅ پیام 1 از 1 ارسال شد
2026-08-25 19:35:02,339 - INFO - ==================================================
2026-08-25 19:35:02,339 - INFO - 🏁 اجرای ربات با موفقیت به پایان رسید
2026-08-25 20:30:37,325 - INFO - ==================================================
2026-08-25 20:30:37,325 - INFO - 🚀 شروع اجرای ربات
2026-08-25 20:30:37,325 - INFO - 📥 بخش ۱: دریافت ۱۰۰ کانفیگ آخر برای فایل JSON...
2026-08-25 20:30:37,326 - INFO - 📡 دریافت کانفیگ‌ها از https://t.me/s/ConfigsHUB برای فایل JSON
2026-08-25 20:30:38,036 - INFO - ✅ 14 کانفیگ از صفحه دریافت شد
2026-08-25 20:30:38,037 - INFO - 📊 از https://t.me/s/ConfigsHUB: 14 کانفیگ دریافت شد
2026-08-25 20:30:38,037 - INFO - 🔄 بعد از حذف تکراری: 14 کانفیگ برای JSON
2026-08-25 20:30:38,037 - WARNING - ⚠️ تعداد کانفیگ‌ها به 100 رسید (با None پر شد)
2026-08-25 20:30:38,037 - INFO - ✅ دقیقاً 100 کانفیگ در configs.json ذخیره شد
2026-08-25 20:30:38,037 - INFO - ✅ فایل configs.json با 14 کانفیگ واقعی به‌روز شد
2026-08-25 20:30:38,037 - INFO - 📝 نمونه کانفیگ اول: vless://831f56ff-d117-4a72-bb2b-a5e44eab6fbf@pro-r...
2026-08-25 20:30:38,037 - INFO - 📤 بخش ۲: دریافت کانفیگ‌های جدید برای ارسال به کانال...
2026-08-25 20:30:38,037 - INFO - 📡 دریافت پست‌ها از https://t.me/s/ConfigsHUB برای ارسال به کانال
2026-08-25 20:30:38,541 - INFO - ✅ 20 پست دریافت شد
2026-08-25 20:30:38,542 - INFO - 💾 وضعیت به‌روز شد: ConfigsHUB/2011443
2026-08-25 20:30:38,542 - INFO - 📊 از https://t.me/s/ConfigsHUB: 14 کانفیگ جدید پیدا شد
2026-08-25 20:30:38,542 - INFO - 📊 تعداد کل کانفیگ‌های جدید: 14
2026-08-25 20:30:38,542 - INFO - 📤 ارسال 10 کانفیگ به کانال
2026-08-25 20:30:39,120 - INFO - HTTP Request: POST https://api.telegram.org/bot8316746677:AAF1IzRzODBtCvVWrL6dWtw7F8U3qb4DwXM/sendMessage "HTTP/1.1 200 OK"
2026-08-25 20:30:39,121 - INFO - ✅ پیام 1 از 1 ارسال شد
2026-08-25 20:30:40,123 - INFO - ==================================================
2026-08-25 20:30:40,123 - INFO - 🏁 اجرای ربات با موفقیت به پایان رسید
2026-08-25 20:33:08,841 - INFO - ==================================================
2026-08-25 20:33:08,841 - INFO - 🚀 شروع اجرای ربات
2026-08-25 20:33:08,841 - INFO - 📥 بخش ۱: دریافت ۱۰۰ کانفیگ آخر برای فایل JSON...
2026-08-25 20:33:08,841 - INFO - 📡 دریافت کانفیگ‌ها از https://t.me/s/ConfigsHUB برای فایل JSON
2026-08-25 20:33:09,344 - INFO - ✅ 5 کانفیگ از صفحه دریافت شد
2026-08-25 20:33:09,345 - INFO - 📊 از https://t.me/s/ConfigsHUB: 5 کانفیگ دریافت شد
2026-08-25 20:33:09,345 - INFO - 🔄 بعد از حذف تکراری: 5 کانفیگ برای JSON
2026-08-25 20:33:09,345 - WARNING - ⚠️ تعداد کانفیگ‌ها به 100 رسید (با None پر شد)
2026-08-25 20:33:09,345 - INFO - ✅ دقیقاً 100 کانفیگ در configs.json ذخیره شد
2026-08-25 20:33:09,345 - INFO - ✅ فایل configs.json با 5 کانفیگ واقعی به‌روز شد
2026-08-25 20:33:09,345 - INFO - 📝 نمونه کانفیگ اول: ss://Y2hhY2hhMjAtaWV0Zi1wb2x5MTMwNTo3ZTczMWVjMy1mO...
2026-08-25 20:33:09,345 - INFO - 📤 بخش ۲: دریافت کانفیگ‌های جدید برای ارسال به کانال...
2026-08-25 20:33:09,345 - INFO - 📡 دریافت پست‌ها از https://t.me/s/ConfigsHUB برای ارسال به کانال
2026-08-25 20:33:09,811 - INFO - ✅ 20 پست دریافت شد
2026-08-25 20:33:09,812 - INFO - 💾 وضعیت به‌روز شد: ConfigsHUB/2011483
2026-08-25 20:33:09,812 - INFO - 📊 از https://t.me/s/ConfigsHUB: 5 کانفیگ جدید پیدا شد
2026-08-25 20:33:09,812 - INFO - 📊 تعداد کل کانفیگ‌های جدید: 5
2026-08-25 20:33:09,813 - INFO - 📤 ارسال 5 کانفیگ به کانال
2026-08-25 20:33:10,280 - INFO - HTTP Request: POST https://api.telegram.org/bot8316746677:AAF1IzRzODBtCvVWrL6dWtw7F8U3qb4DwXM/sendMessage "HTTP/1.1 200 OK"
2026-08-25 20:33:10,281 - INFO - ✅ پیام 1 از 1 ارسال شد
2026-08-25 20:33:11,282 - INFO - ==================================================
2026-08-25 20:33:11,282 - INFO - 🏁 اجرای ربات با موفقیت به پایان رسید
2026-08-25 21:30:29,970 - INFO - ==================================================
2026-08-25 21:30:29,971 - INFO - 🚀 شروع اجرای ربات
2026-08-25 21:30:29,971 - INFO - 📥 بخش ۱: دریافت ۱۰۰ کانفیگ آخر برای فایل JSON...
2026-08-25 21:30:29,971 - INFO - 📡 دریافت کانفیگ‌ها از https://t.me/s/ConfigsHUB برای فایل JSON
2026-08-25 21:30:30,451 - INFO - ✅ 20 کانفیگ از صفحه دریافت شد
2026-08-25 21:30:30,452 - INFO - 📊 از https://t.me/s/ConfigsHUB: 20 کانفیگ دریافت شد
2026-08-25 21:30:30,452 - INFO - 🔄 بعد از حذف تکراری: 18 کانفیگ برای JSON
2026-08-25 21:30:30,452 - WARNING - ⚠️ تعداد کانفیگ‌ها به 100 رسید (با None پر شد)
2026-08-25 21:30:30,452 - INFO - ✅ دقیقاً 100 کانفیگ در configs.json ذخیره شد
2026-08-25 21:30:30,452 - INFO - ✅ فایل configs.json با 18 کانفیگ واقعی به‌روز شد
2026-08-25 21:30:30,452 - INFO - 📝 نمونه کانفیگ اول: trojan://humanity@172.67.149.60:443?path=%2Fassign...
2026-08-25 21:30:30,452 - INFO - 📤 بخش ۲: دریافت کانفیگ‌های جدید برای ارسال به کانال...
2026-08-25 21:30:30,453 - INFO - 📡 دریافت پست‌ها از https://t.me/s/ConfigsHUB برای ارسال به کانال
2026-08-25 21:30:30,887 - INFO - ✅ 20 پست دریافت شد
2026-08-25 21:30:30,888 - INFO - 💾 وضعیت به‌روز شد: ConfigsHUB/2011547
2026-08-25 21:30:30,888 - INFO - 📊 از https://t.me/s/ConfigsHUB: 20 کانفیگ جدید پیدا شد
2026-08-25 21:30:30,888 - INFO - 📊 تعداد کل کانفیگ‌های جدید: 20
2026-08-25 21:30:30,888 - INFO - 📤 ارسال 10 کانفیگ به کانال
2026-08-25 21:30:31,486 - INFO - HTTP Request: POST https://api.telegram.org/bot8316746677:AAF1IzRzODBtCvVWrL6dWtw7F8U3qb4DwXM/sendMessage "HTTP/1.1 200 OK"
2026-08-25 21:30:31,487 - INFO - ✅ پیام 1 از 1 ارسال شد
2026-08-25 21:30:32,488 - INFO - ==================================================
2026-08-25 21:30:32,488 - INFO - 🏁 اجرای ربات با موفقیت به پایان رسید
2026-08-25 21:32:26,774 - INFO - ==================================================
2026-08-25 21:32:26,774 - INFO - 🚀 شروع اجرای ربات
2026-08-25 21:32:26,774 - INFO - 📥 بخش ۱: دریافت ۱۰۰ کانفیگ آخر برای فایل JSON...
2026-08-25 21:32:26,774 - INFO - 📡 دریافت کانفیگ‌ها از https://t.me/s/ConfigsHUB برای فایل JSON
2026-08-25 21:32:27,361 - INFO - ✅ 10 کانفیگ از صفحه دریافت شد
2026-08-25 21:32:27,362 - INFO - 📊 از https://t.me/s/ConfigsHUB: 10 کانفیگ دریافت شد
2026-08-25 21:32:27,362 - INFO - 🔄 بعد از حذف تکراری: 10 کانفیگ برای JSON
2026-08-25 21:32:27,362 - WARNING - ⚠️ تعداد کانفیگ‌ها به 100 رسید (با None پر شد)
2026-08-25 21:32:27,362 - INFO - ✅ دقیقاً 100 کانفیگ در configs.json ذخیره شد
2026-08-25 21:32:27,362 - INFO - ✅ فایل configs.json با 10 کانفیگ واقعی به‌روز شد
2026-08-25 21:32:27,362 - INFO - 📝 نمونه کانفیگ اول: vless://7ec9f4c9-41d0-44ea-86d9-590d9486640e@104.1...
2026-08-25 21:32:27,363 - INFO - 📤 بخش ۲: دریافت کانفیگ‌های جدید برای ارسال به کانال...
2026-08-25 21:32:27,363 - INFO - 📡 دریافت پست‌ها از https://t.me/s/ConfigsHUB برای ارسال به کانال
2026-08-25 21:32:27,853 - INFO - ✅ 20 پست دریافت شد
2026-08-25 21:32:27,854 - INFO - 💾 وضعیت به‌روز شد: ConfigsHUB/2011587
2026-08-25 21:32:27,854 - INFO - 📊 از https://t.me/s/ConfigsHUB: 10 کانفیگ جدید پیدا شد
2026-08-25 21:32:27,854 - INFO - 📊 تعداد کل کانفیگ‌های جدید: 10
2026-08-25 21:32:27,854 - INFO - 📤 ارسال 10 کانفیگ به کانال
2026-08-25 21:32:28,466 - INFO - HTTP Request: POST https://api.telegram.org/bot8316746677:AAF1IzRzODBtCvVWrL6dWtw7F8U3qb4DwXM/sendMessage "HTTP/1.1 200 OK"
2026-08-25 21:32:28,467 - INFO - ✅ پیام 1 از 1 ارسال شد
2026-08-25 21:32:29,468 - INFO - ==================================================
2026-08-25 21:32:29,468 - INFO - 🏁 اجرای ربات با موفقیت به پایان رسید
2026-08-25 22:30:34,661 - INFO - ==================================================
2026-08-25 22:30:34,661 - INFO - 🚀 شروع اجرای ربات
2026-08-25 22:30:34,661 - INFO - 📥 بخش ۱: دریافت ۱۰۰ کانفیگ آخر برای فایل JSON...
2026-08-25 22:30:34,661 - INFO - 📡 دریافت کانفیگ‌ها از https://t.me/s/ConfigsHUB برای فایل JSON
2026-08-25 22:30:35,298 - INFO - ✅ 20 کانفیگ از صفحه دریافت شد
2026-08-25 22:30:35,299 - INFO - 📊 از https://t.me/s/ConfigsHUB: 20 کانفیگ دریافت شد
2026-08-25 22:30:35,299 - INFO - 🔄 بعد از حذف تکراری: 20 کانفیگ برای JSON
2026-08-25 22:30:35,300 - WARNING - ⚠️ تعداد کانفیگ‌ها به 100 رسید (با None پر شد)
2026-08-25 22:30:35,300 - INFO - ✅ دقیقاً 100 کانفیگ در configs.json ذخیره شد
2026-08-25 22:30:35,300 - INFO - ✅ فایل configs.json با 20 کانفیگ واقعی به‌روز شد
2026-08-25 22:30:35,300 - INFO - 📝 نمونه کانفیگ اول: vless://1d2cf8dc-0812-4d10-98cd-ceeb6056cc75@65.10...
2026-08-25 22:30:35,300 - INFO - 📤 بخش ۲: دریافت کانفیگ‌های جدید برای ارسال به کانال...
2026-08-25 22:30:35,300 - INFO - 📡 دریافت پست‌ها از https://t.me/s/ConfigsHUB برای ارسال به کانال
2026-08-25 22:30:35,908 - INFO - ✅ 20 پست دریافت شد
2026-08-25 22:30:35,910 - INFO - 💾 وضعیت به‌روز شد: ConfigsHUB/2011687
2026-08-25 22:30:35,910 - INFO - 📊 از https://t.me/s/ConfigsHUB: 20 کانفیگ جدید پیدا شد
2026-08-25 22:30:35,910 - INFO - 📊 تعداد کل کانفیگ‌های جدید: 20
2026-08-25 22:30:35,910 - INFO - 📤 ارسال 10 کانفیگ به کانال
2026-08-25 22:30:36,543 - INFO - HTTP Request: POST https://api.telegram.org/bot8316746677:AAF1IzRzODBtCvVWrL6dWtw7F8U3qb4DwXM/sendMessage "HTTP/1.1 200 OK"
2026-08-25 22:30:36,544 - INFO - ✅ پیام 1 از 1 ارسال شد
2026-08-25 22:30:37,546 - INFO - ==================================================
2026-08-25 22:30:37,546 - INFO - 🏁 اجرای ربات با موفقیت به پایان رسید
2026-08-25 22:31:32,639 - INFO - ==================================================
2026-08-25 22:31:32,639 - INFO - 🚀 شروع اجرای ربات
2026-08-25 22:31:32,639 - INFO - 📥 بخش ۱: دریافت ۱۰۰ کانفیگ آخر برای فایل JSON...
2026-08-25 22:31:32,639 - INFO - 📡 دریافت کانفیگ‌ها از https://t.me/s/ConfigsHUB برای فایل JSON
2026-08-25 22:31:33,335 - INFO - ✅ 10 کانفیگ از صفحه دریافت شد
2026-08-25 22:31:33,336 - INFO - 📊 از https://t.me/s/ConfigsHUB: 10 کانفیگ دریافت شد
2026-08-25 22:31:33,336 - INFO - 🔄 بعد از حذف تکراری: 10 کانفیگ برای JSON
2026-08-25 22:31:33,336 - WARNING - ⚠️ تعداد کانفیگ‌ها به 100 رسید (با None پر شد)
2026-08-25 22:31:33,337 - INFO - ✅ دقیقاً 100 کانفیگ در configs.json ذخیره شد
2026-08-25 22:31:33,337 - INFO - ✅ فایل configs.json با 10 کانفیگ واقعی به‌روز شد
2026-08-25 22:31:33,337 - INFO - 📝 نمونه کانفیگ اول: vless://d67af820-f54c-48ab-862c-19086357f276@62.13...
2026-08-25 22:31:33,337 - INFO - 📤 بخش ۲: دریافت کانفیگ‌های جدید برای ارسال به کانال...
2026-08-25 22:31:33,337 - INFO - 📡 دریافت پست‌ها از https://t.me/s/ConfigsHUB برای ارسال به کانال
2026-08-25 22:31:33,967 - INFO - ✅ 20 پست دریافت شد
2026-08-25 22:31:33,969 - INFO - 💾 وضعیت به‌روز شد: ConfigsHUB/2011719
2026-08-25 22:31:33,969 - INFO - 📊 از https://t.me/s/ConfigsHUB: 10 کانفیگ جدید پیدا شد
2026-08-25 22:31:33,969 - INFO - 📊 تعداد کل کانفیگ‌های جدید: 10
2026-08-25 22:31:33,969 - INFO - 📤 ارسال 10 کانفیگ به کانال
2026-08-25 22:31:34,589 - INFO - HTTP Request: POST https://api.telegram.org/bot8316746677:AAF1IzRzODBtCvVWrL6dWtw7F8U3qb4DwXM/sendMessage "HTTP/1.1 200 OK"
2026-08-25 22:31:34,589 - INFO - ✅ پیام 1 از 1 ارسال شد
2026-08-25 22:31:35,591 - INFO - ==================================================
2026-08-25 22:31:35,591 - INFO - 🏁 اجرای ربات با موفقیت به پایان رسید
2026-08-25 23:27:51,846 - INFO - ==================================================
2026-08-25 23:27:51,846 - INFO - 🚀 شروع اجرای ربات
2026-08-25 23:27:51,846 - INFO - 📥 بخش ۱: دریافت ۱۰۰ کانفیگ آخر برای فایل JSON...
2026-08-25 23:27:51,846 - INFO - 📡 دریافت کانفیگ‌ها از https://t.me/s/ConfigsHUB برای فایل JSON
2026-08-25 23:27:52,422 - INFO - ✅ 19 کانفیگ از صفحه دریافت شد
2026-08-25 23:27:52,423 - INFO - 📊 از https://t.me/s/ConfigsHUB: 19 کانفیگ دریافت شد
2026-08-25 23:27:52,423 - INFO - 🔄 بعد از حذف تکراری: 18 کانفیگ برای JSON
2026-08-25 23:27:52,423 - WARNING - ⚠️ تعداد کانفیگ‌ها به 100 رسید (با None پر شد)
2026-08-25 23:27:52,424 - INFO - ✅ دقیقاً 100 کانفیگ در configs.json ذخیره شد
2026-08-25 23:27:52,424 - INFO - ✅ فایل configs.json با 18 کانفیگ واقعی به‌روز شد
2026-08-25 23:27:52,424 - INFO - 📝 نمونه کانفیگ اول: vless://01640ed0-9b23-493d-ac18-3947750e25c2@bot.r...
2026-08-25 23:27:52,424 - INFO - 📤 بخش ۲: دریافت کانفیگ‌های جدید برای ارسال به کانال...
2026-08-25 23:27:52,424 - INFO - 📡 دریافت پست‌ها از https://t.me/s/ConfigsHUB برای ارسال به کانال
2026-08-25 23:27:52,956 - INFO - ✅ 20 پست دریافت شد
2026-08-25 23:27:52,957 - INFO - 💾 وضعیت به‌روز شد: ConfigsHUB/2011799
2026-08-25 23:27:52,957 - INFO - 📊 از https://t.me/s/ConfigsHUB: 19 کانفیگ جدید پیدا شد
2026-08-25 23:27:52,957 - INFO - 📊 تعداد کل کانفیگ‌های جدید: 19
2026-08-25 23:27:52,957 - INFO - 📤 ارسال 10 کانفیگ به کانال
2026-08-25 23:27:53,460 - INFO - HTTP Request: POST https://api.telegram.org/bot8316746677:AAF1IzRzODBtCvVWrL6dWtw7F8U3qb4DwXM/sendMessage "HTTP/1.1 200 OK"
2026-08-25 23:27:53,460 - INFO - ✅ پیام 1 از 1 ارسال شد
2026-08-25 23:27:54,462 - INFO - ==================================================
2026-08-25 23:27:54,462 - INFO - 🏁 اجرای ربات با موفقیت به پایان رسید
2026-08-25 23:30:31,092 - INFO - ==================================================
2026-08-25 23:30:31,092 - INFO - 🚀 شروع اجرای ربات
2026-08-25 23:30:31,092 - INFO - 📥 بخش ۱: دریافت ۱۰۰ کانفیگ آخر برای فایل JSON...
2026-08-25 23:30:31,092 - INFO - 📡 دریافت کانفیگ‌ها از https://t.me/s/ConfigsHUB برای فایل JSON
2026-08-25 23:30:31,685 - INFO - ✅ 19 کانفیگ از صفحه دریافت شد
2026-08-25 23:30:31,686 - INFO - 📊 از https://t.me/s/ConfigsHUB: 19 کانفیگ دریافت شد
2026-08-25 23:30:31,686 - INFO - 🔄 بعد از حذف تکراری: 18 کانفیگ برای JSON
2026-08-25 23:30:31,687 - WARNING - ⚠️ تعداد کانفیگ‌ها به 100 رسید (با None پر شد)
2026-08-25 23:30:31,687 - INFO - ✅ دقیقاً 100 کانفیگ در configs.json ذخیره شد
2026-08-25 23:30:31,687 - INFO - ✅ فایل configs.json با 18 کانفیگ واقعی به‌روز شد
2026-08-25 23:30:31,687 - INFO - 📝 نمونه کانفیگ اول: vless://01640ed0-9b23-493d-ac18-3947750e25c2@bot.r...
2026-08-25 23:30:31,687 - INFO - 📤 بخش ۲: دریافت کانفیگ‌های جدید برای ارسال به کانال...
2026-08-25 23:30:31,687 - INFO - 📡 دریافت پست‌ها از https://t.me/s/ConfigsHUB برای ارسال به کانال
2026-08-25 23:30:32,218 - INFO - ✅ 20 پست دریافت شد
2026-08-25 23:30:32,219 - INFO - ⏭️ رد کردن پست تکراری: ConfigsHUB/2011799
2026-08-25 23:30:32,219 - INFO - 💾 وضعیت به‌روز شد: ConfigsHUB/2011799
2026-08-25 23:30:32,219 - INFO - 📊 از https://t.me/s/ConfigsHUB: 0 کانفیگ جدید پیدا شد
2026-08-25 23:30:32,219 - INFO - 📊 تعداد کل کانفیگ‌های جدید: 0
2026-08-25 23:30:32,219 - INFO - ℹ️ کانفیگ جدیدی برای ارسال وجود ندارد
2026-08-25 23:30:32,219 - INFO - ==================================================
2026-08-25 23:30:32,220 - INFO - 🏁 اجرای ربات با موفقیت به پایان رسید
2026-08-26 00:30:33,315 - INFO - ==================================================
2026-08-26 00:30:33,315 - INFO - 🚀 شروع اجرای ربات
2026-08-26 00:30:33,316 - INFO - 📥 بخش ۱: دریافت ۱۰۰ کانفیگ آخر برای فایل JSON...
2026-08-26 00:30:33,316 - INFO - 📡 دریافت کانفیگ‌ها از https://t.me/s/ConfigsHUB برای فایل JSON
2026-08-26 00:30:33,862 - INFO - ✅ 14 کانفیگ از صفحه دریافت شد
2026-08-26 00:30:33,864 - INFO - 📊 از https://t.me/s/ConfigsHUB: 14 کانفیگ دریافت شد
2026-08-26 00:30:33,864 - INFO - 🔄 بعد از حذف تکراری: 13 کانفیگ برای JSON
2026-08-26 00:30:33,864 - WARNING - ⚠️ تعداد کانفیگ‌ها به 100 رسید (با None پر شد)
2026-08-26 00:30:33,864 - INFO - ✅ دقیقاً 100 کانفیگ در configs.json ذخیره شد
2026-08-26 00:30:33,864 - INFO - ✅ فایل configs.json با 13 کانفیگ واقعی به‌روز شد
2026-08-26 00:30:33,864 - INFO - 📝 نمونه کانفیگ اول: vless://435bda4c-fe5e-42c9-a3ad-15334943b38a@104.1...
2026-08-26 00:30:33,864 - INFO - 📤 بخش ۲: دریافت کانفیگ‌های جدید برای ارسال به کانال...
2026-08-26 00:30:33,865 - INFO - 📡 دریافت پست‌ها از https://t.me/s/ConfigsHUB برای ارسال به کانال
2026-08-26 00:30:34,328 - INFO - ✅ 20 پست دریافت شد
2026-08-26 00:30:34,330 - INFO - 💾 وضعیت به‌روز شد: ConfigsHUB/2011861
2026-08-26 00:30:34,330 - INFO - 📊 از https://t.me/s/ConfigsHUB: 14 کانفیگ جدید پیدا شد
2026-08-26 00:30:34,330 - INFO - 📊 تعداد کل کانفیگ‌های جدید: 14
2026-08-26 00:30:34,330 - INFO - 📤 ارسال 10 کانفیگ به کانال
2026-08-26 00:30:34,891 - INFO - HTTP Request: POST https://api.telegram.org/bot8316746677:AAF1IzRzODBtCvVWrL6dWtw7F8U3qb4DwXM/sendMessage "HTTP/1.1 200 OK"
2026-08-26 00:30:34,892 - INFO - ✅ پیام 1 از 1 ارسال شد
2026-08-26 00:30:35,893 - INFO - ==================================================
2026-08-26 00:30:35,893 - INFO - 🏁 اجرای ربات با موفقیت به پایان رسید
2026-08-26 01:30:29,707 - INFO - ==================================================
2026-08-26 01:30:29,707 - INFO - 🚀 شروع اجرای ربات
2026-08-26 01:30:29,707 - INFO - 📥 بخش ۱: دریافت ۱۰۰ کانفیگ آخر برای فایل JSON...
2026-08-26 01:30:29,707 - INFO - 📡 دریافت کانفیگ‌ها از https://t.me/s/ConfigsHUB برای فایل JSON
2026-08-26 01:30:30,197 - INFO - ✅ 9 کانفیگ از صفحه دریافت شد
2026-08-26 01:30:30,198 - INFO - 📊 از https://t.me/s/ConfigsHUB: 9 کانفیگ دریافت شد
2026-08-26 01:30:30,198 - INFO - 🔄 بعد از حذف تکراری: 9 کانفیگ برای JSON
2026-08-26 01:30:30,198 - WARNING - ⚠️ تعداد کانفیگ‌ها به 100 رسید (با None پر شد)
2026-08-26 01:30:30,198 - INFO - ✅ دقیقاً 100 کانفیگ در configs.json ذخیره شد
2026-08-26 01:30:30,198 - INFO - ✅ فایل configs.json با 9 کانفیگ واقعی به‌روز شد
2026-08-26 01:30:30,198 - INFO - 📝 نمونه کانفیگ اول: vless://d0471048-b677-48a4-94d1-50c0a4fb7191@212.6...
2026-08-26 01:30:30,199 - INFO - 📤 بخش ۲: دریافت کانفیگ‌های جدید برای ارسال به کانال...
2026-08-26 01:30:30,199 - INFO - 📡 دریافت پست‌ها از https://t.me/s/ConfigsHUB برای ارسال به کانال
2026-08-26 01:30:30,650 - INFO - ✅ 20 پست دریافت شد
2026-08-26 01:30:30,651 - INFO - 💾 وضعیت به‌روز شد: ConfigsHUB/2011939
2026-08-26 01:30:30,651 - INFO - 📊 از https://t.me/s/ConfigsHUB: 9 کانفیگ جدید پیدا شد
2026-08-26 01:30:30,651 - INFO - 📊 تعداد کل کانفیگ‌های جدید: 9
2026-08-26 01:30:30,651 - INFO - 📤 ارسال 9 کانفیگ به کانال
2026-08-26 01:30:31,178 - INFO - HTTP Request: POST https://api.telegram.org/bot8316746677:AAF1IzRzODBtCvVWrL6dWtw7F8U3qb4DwXM/sendMessage "HTTP/1.1 200 OK"
2026-08-26 01:30:31,179 - INFO - ✅ پیام 1 از 1 ارسال شد
2026-08-26 01:30:32,180 - INFO - ==================================================
2026-08-26 01:30:32,181 - INFO - 🏁 اجرای ربات با موفقیت به پایان رسید
2026-08-26 01:38:04,831 - INFO - ==================================================
2026-08-26 01:38:04,831 - INFO - 🚀 شروع اجرای ربات
2026-08-26 01:38:04,832 - INFO - 📥 بخش ۱: دریافت ۱۰۰ کانفیگ آخر برای فایل JSON...
2026-08-26 01:38:04,832 - INFO - 📡 دریافت کانفیگ‌ها از https://t.me/s/ConfigsHUB برای فایل JSON
2026-08-26 01:38:05,425 - INFO - ✅ 0 کانفیگ از صفحه دریافت شد
2026-08-26 01:38:05,426 - INFO - 📊 از https://t.me/s/ConfigsHUB: 0 کانفیگ دریافت شد
2026-08-26 01:38:05,426 - INFO - 🔄 بعد از حذف تکراری: 0 کانفیگ برای JSON
2026-08-26 01:38:05,426 - WARNING - ⚠️ تعداد کانفیگ‌ها به 100 رسید (با None پر شد)
2026-08-26 01:38:05,427 - INFO - ✅ دقیقاً 100 کانفیگ در configs.json ذخیره شد
2026-08-26 01:38:05,427 - INFO - ✅ فایل configs.json با 0 کانفیگ واقعی به‌روز شد
2026-08-26 01:38:05,427 - INFO - 📤 بخش ۲: دریافت کانفیگ‌های جدید برای ارسال به کانال...
2026-08-26 01:38:05,427 - INFO - 📡 دریافت پست‌ها از https://t.me/s/ConfigsHUB برای ارسال به کانال
2026-08-26 01:38:05,983 - INFO - ✅ 20 پست دریافت شد
2026-08-26 01:38:05,984 - INFO - 💾 وضعیت به‌روز شد: ConfigsHUB/2011965
2026-08-26 01:38:05,984 - INFO - 📊 از https://t.me/s/ConfigsHUB: 0 کانفیگ جدید پیدا شد
2026-08-26 01:38:05,984 - INFO - 📊 تعداد کل کانفیگ‌های جدید: 0
2026-08-26 01:38:05,984 - INFO - ℹ️ کانفیگ جدیدی برای ارسال وجود ندارد
2026-08-26 01:38:05,984 - INFO - ==================================================
2026-08-26 01:38:05,984 - INFO - 🏁 اجرای ربات با موفقیت به پایان رسید
2026-08-26 02:30:30,874 - INFO - ==================================================
2026-08-26 02:30:30,874 - INFO - 🚀 شروع اجرای ربات
2026-08-26 02:30:30,874 - INFO - 📥 بخش ۱: دریافت ۱۰۰ کانفیگ آخر برای فایل JSON...
2026-08-26 02:30:30,874 - INFO - 📡 دریافت کانفیگ‌ها از https://t.me/s/ConfigsHUB برای فایل JSON
2026-08-26 02:30:31,357 - INFO - ✅ 13 کانفیگ از صفحه دریافت شد
2026-08-26 02:30:31,358 - INFO - 📊 از https://t.me/s/ConfigsHUB: 13 کانفیگ دریافت شد
2026-08-26 02:30:31,358 - INFO - 🔄 بعد از حذف تکراری: 13 کانفیگ برای JSON
2026-08-26 02:30:31,358 - WARNING - ⚠️ تعداد کانفیگ‌ها به 100 رسید (با None پر شد)
2026-08-26 02:30:31,359 - INFO - ✅ دقیقاً 100 کانفیگ در configs.json ذخیره شد
2026-08-26 02:30:31,359 - INFO - ✅ فایل configs.json با 13 کانفیگ واقعی به‌روز شد
2026-08-26 02:30:31,359 - INFO - 📝 نمونه کانفیگ اول: vless://435bda4c-fe5e-42c9-a3ad-15334943b38a@104.1...
2026-08-26 02:30:31,359 - INFO - 📤 بخش ۲: دریافت کانفیگ‌های جدید برای ارسال به کانال...
2026-08-26 02:30:31,359 - INFO - 📡 دریافت پست‌ها از https://t.me/s/ConfigsHUB برای ارسال به کانال
2026-08-26 02:30:31,780 - INFO - ✅ 20 پست دریافت شد
2026-08-26 02:30:31,782 - INFO - 💾 وضعیت به‌روز شد: ConfigsHUB/2011993
2026-08-26 02:30:31,782 - INFO - 📊 از https://t.me/s/ConfigsHUB: 13 کانفیگ جدید پیدا شد
2026-08-26 02:30:31,782 - INFO - 📊 تعداد کل کانفیگ‌های جدید: 13
2026-08-26 02:30:31,782 - INFO - 📤 ارسال 10 کانفیگ به کانال
2026-08-26 02:30:32,344 - INFO - HTTP Request: POST https://api.telegram.org/bot8316746677:AAF1IzRzODBtCvVWrL6dWtw7F8U3qb4DwXM/sendMessage "HTTP/1.1 200 OK"
2026-08-26 02:30:32,345 - INFO - ✅ پیام 1 از 1 ارسال شد
2026-08-26 02:30:33,347 - INFO - ==================================================
2026-08-26 02:30:33,347 - INFO - 🏁 اجرای ربات با موفقیت به پایان رسید
2026-08-26 03:09:31,337 - INFO - ==================================================
2026-08-26 03:09:31,337 - INFO - 🚀 شروع اجرای ربات
2026-08-26 03:09:31,337 - INFO - 📥 بخش ۱: دریافت ۱۰۰ کانفیگ آخر برای فایل JSON...
2026-08-26 03:09:31,337 - INFO - 📡 دریافت کانفیگ‌ها از https://t.me/s/ConfigsHUB برای فایل JSON
2026-08-26 03:09:31,991 - INFO - ✅ 19 کانفیگ از صفحه دریافت شد
2026-08-26 03:09:31,992 - INFO - 📊 از https://t.me/s/ConfigsHUB: 19 کانفیگ دریافت شد
2026-08-26 03:09:31,992 - INFO - 🔄 بعد از حذف تکراری: 13 کانفیگ برای JSON
2026-08-26 03:09:31,992 - WARNING - ⚠️ تعداد کانفیگ‌ها به 100 رسید (با None پر شد)
2026-08-26 03:09:31,993 - INFO - ✅ دقیقاً 100 کانفیگ در configs.json ذخیره شد
2026-08-26 03:09:31,993 - INFO - ✅ فایل configs.json با 13 کانفیگ واقعی به‌روز شد
2026-08-26 03:09:31,993 - INFO - 📝 نمونه کانفیگ اول: vless://2cd6ed0f-636e-4e6c-9449-5a263d7a0fa5@47.75...
2026-08-26 03:09:31,993 - INFO - 📤 بخش ۲: دریافت کانفیگ‌های جدید برای ارسال به کانال...
2026-08-26 03:09:31,993 - INFO - 📡 دریافت پست‌ها از https://t.me/s/ConfigsHUB برای ارسال به کانال
2026-08-26 03:09:32,447 - INFO - ✅ 20 پست دریافت شد
2026-08-26 03:09:32,448 - INFO - 💾 وضعیت به‌روز شد: ConfigsHUB/2012047
2026-08-26 03:09:32,448 - INFO - 📊 از https://t.me/s/ConfigsHUB: 19 کانفیگ جدید پیدا شد
2026-08-26 03:09:32,448 - INFO - 📊 تعداد کل کانفیگ‌های جدید: 19
2026-08-26 03:09:32,448 - INFO - 📤 ارسال 10 کانفیگ به کانال
2026-08-26 03:09:32,976 - INFO - HTTP Request: POST https://api.telegram.org/bot8316746677:AAF1IzRzODBtCvVWrL6dWtw7F8U3qb4DwXM/sendMessage "HTTP/1.1 200 OK"
2026-08-26 03:09:32,976 - INFO - ✅ پیام 1 از 1 ارسال شد
2026-08-26 03:09:33,978 - INFO - ==================================================
2026-08-26 03:09:33,978 - INFO - 🏁 اجرای ربات با موفقیت به پایان رسید
2026-08-26 03:30:31,398 - INFO - ==================================================
2026-08-26 03:30:31,399 - INFO - 🚀 شروع اجرای ربات
2026-08-26 03:30:31,399 - INFO - 📥 بخش ۱: دریافت ۱۰۰ کانفیگ آخر برای فایل JSON...
2026-08-26 03:30:31,399 - INFO - 📡 دریافت کانفیگ‌ها از https://t.me/s/ConfigsHUB برای فایل JSON
2026-08-26 03:30:32,056 - INFO - ✅ 19 کانفیگ از صفحه دریافت شد
2026-08-26 03:30:32,057 - INFO - 📊 از https://t.me/s/ConfigsHUB: 19 کانفیگ دریافت شد
2026-08-26 03:30:32,057 - INFO - 🔄 بعد از حذف تکراری: 14 کانفیگ برای JSON
2026-08-26 03:30:32,058 - WARNING - ⚠️ تعداد کانفیگ‌ها به 100 رسید (با None پر شد)
2026-08-26 03:30:32,058 - INFO - ✅ دقیقاً 100 کانفیگ در configs.json ذخیره شد
2026-08-26 03:30:32,058 - INFO - ✅ فایل configs.json با 14 کانفیگ واقعی به‌روز شد
2026-08-26 03:30:32,058 - INFO - 📝 نمونه کانفیگ اول: vless://b5913f3b-52e2-425d-8780-476e7a260d45@104.2...
2026-08-26 03:30:32,058 - INFO - 📤 بخش ۲: دریافت کانفیگ‌های جدید برای ارسال به کانال...
2026-08-26 03:30:32,058 - INFO - 📡 دریافت پست‌ها از https://t.me/s/ConfigsHUB برای ارسال به کانال
2026-08-26 03:30:32,446 - INFO - ✅ 20 پست دریافت شد
2026-08-26 03:30:32,447 - INFO - 💾 وضعیت به‌روز شد: ConfigsHUB/2012049
2026-08-26 03:30:32,447 - INFO - 📊 از https://t.me/s/ConfigsHUB: 19 کانفیگ جدید پیدا شد
2026-08-26 03:30:32,447 - INFO - 📊 تعداد کل کانفیگ‌های جدید: 19
2026-08-26 03:30:32,447 - INFO - 📤 ارسال 10 کانفیگ به کانال
2026-08-26 03:30:32,989 - INFO - HTTP Request: POST https://api.telegram.org/bot8316746677:AAF1IzRzODBtCvVWrL6dWtw7F8U3qb4DwXM/sendMessage "HTTP/1.1 200 OK"
2026-08-26 03:30:32,990 - INFO - ✅ پیام 1 از 1 ارسال شد
2026-08-26 03:30:33,991 - INFO - ==================================================
2026-08-26 03:30:33,992 - INFO - 🏁 اجرای ربات با موفقیت به پایان رسید
2026-08-26 04:30:29,282 - INFO - ==================================================
2026-08-26 04:30:29,282 - INFO - 🚀 شروع اجرای ربات
2026-08-26 04:30:29,282 - INFO - 📥 بخش ۱: دریافت ۱۰۰ کانفیگ آخر برای فایل JSON...
2026-08-26 04:30:29,282 - INFO - 📡 دریافت کانفیگ‌ها از https://t.me/s/ConfigsHUB برای فایل JSON
2026-08-26 04:30:29,932 - INFO - ✅ 15 کانفیگ از صفحه دریافت شد
2026-08-26 04:30:29,932 - INFO - 📊 از https://t.me/s/ConfigsHUB: 15 کانفیگ دریافت شد
2026-08-26 04:30:29,933 - INFO - 🔄 بعد از حذف تکراری: 15 کانفیگ برای JSON
2026-08-26 04:30:29,933 - WARNING - ⚠️ تعداد کانفیگ‌ها به 100 رسید (با None پر شد)
2026-08-26 04:30:29,933 - INFO - ✅ دقیقاً 100 کانفیگ در configs.json ذخیره شد
2026-08-26 04:30:29,933 - INFO - ✅ فایل configs.json با 15 کانفیگ واقعی به‌روز شد
2026-08-26 04:30:29,933 - INFO - 📝 نمونه کانفیگ اول: vless://435bda4c-fe5e-42c9-a3ad-15334943b38a@104.1...
2026-08-26 04:30:29,933 - INFO - 📤 بخش ۲: دریافت کانفیگ‌های جدید برای ارسال به کانال...
2026-08-26 04:30:29,933 - INFO - 📡 دریافت پست‌ها از https://t.me/s/ConfigsHUB برای ارسال به کانال
2026-08-26 04:30:30,485 - INFO - ✅ 20 پست دریافت شد
2026-08-26 04:30:30,486 - INFO - 💾 وضعیت به‌روز شد: ConfigsHUB/2012114
2026-08-26 04:30:30,486 - INFO - 📊 از https://t.me/s/ConfigsHUB: 15 کانفیگ جدید پیدا شد
2026-08-26 04:30:30,486 - INFO - 📊 تعداد کل کانفیگ‌های جدید: 15
2026-08-26 04:30:30,486 - INFO - 📤 ارسال 10 کانفیگ به کانال
2026-08-26 04:30:31,203 - INFO - HTTP Request: POST https://api.telegram.org/bot8316746677:AAF1IzRzODBtCvVWrL6dWtw7F8U3qb4DwXM/sendMessage "HTTP/1.1 200 OK"
2026-08-26 04:30:31,204 - INFO - ✅ پیام 1 از 1 ارسال شد
2026-08-26 04:30:32,206 - INFO - ==================================================
2026-08-26 04:30:32,206 - INFO - 🏁 اجرای ربات با موفقیت به پایان رسید
2026-08-26 04:43:34,830 - INFO - ==================================================
2026-08-26 04:43:34,830 - INFO - 🚀 شروع اجرای ربات
2026-08-26 04:43:34,830 - INFO - 📥 بخش ۱: دریافت ۱۰۰ کانفیگ آخر برای فایل JSON...
2026-08-26 04:43:34,830 - INFO - 📡 دریافت کانفیگ‌ها از https://t.me/s/ConfigsHUB برای فایل JSON
2026-08-26 04:43:35,208 - INFO - ✅ 0 کانفیگ از صفحه دریافت شد
2026-08-26 04:43:35,209 - INFO - 📊 از https://t.me/s/ConfigsHUB: 0 کانفیگ دریافت شد
2026-08-26 04:43:35,209 - INFO - 🔄 بعد از حذف تکراری: 0 کانفیگ برای JSON
2026-08-26 04:43:35,209 - WARNING - ⚠️ تعداد کانفیگ‌ها به 100 رسید (با None پر شد)
2026-08-26 04:43:35,209 - INFO - ✅ دقیقاً 100 کانفیگ در configs.json ذخیره شد
2026-08-26 04:43:35,209 - INFO - ✅ فایل configs.json با 0 کانفیگ واقعی به‌روز شد
2026-08-26 04:43:35,209 - INFO - 📤 بخش ۲: دریافت کانفیگ‌های جدید برای ارسال به کانال...
2026-08-26 04:43:35,210 - INFO - 📡 دریافت پست‌ها از https://t.me/s/ConfigsHUB برای ارسال به کانال
2026-08-26 04:43:35,571 - INFO - ✅ 20 پست دریافت شد
2026-08-26 04:43:35,572 - INFO - 💾 وضعیت به‌روز شد: ConfigsHUB/2012143
2026-08-26 04:43:35,572 - INFO - 📊 از https://t.me/s/ConfigsHUB: 0 کانفیگ جدید پیدا شد
2026-08-26 04:43:35,572 - INFO - 📊 تعداد کل کانفیگ‌های جدید: 0
2026-08-26 04:43:35,572 - INFO - ℹ️ کانفیگ جدیدی برای ارسال وجود ندارد
2026-08-26 04:43:35,572 - INFO - ==================================================
2026-08-26 04:43:35,572 - INFO - 🏁 اجرای ربات با موفقیت به پایان رسید
2026-08-26 05:30:32,656 - INFO - ==================================================
2026-08-26 05:30:32,657 - INFO - 🚀 شروع اجرای ربات
2026-08-26 05:30:32,657 - INFO - 📥 بخش ۱: دریافت ۱۰۰ کانفیگ آخر برای فایل JSON...
2026-08-26 05:30:32,657 - INFO - 📡 دریافت کانفیگ‌ها از https://t.me/s/ConfigsHUB برای فایل JSON
2026-08-26 05:30:33,302 - INFO - ✅ 15 کانفیگ از صفحه دریافت شد
2026-08-26 05:30:33,303 - INFO - 📊 از https://t.me/s/ConfigsHUB: 15 کانفیگ دریافت شد
2026-08-26 05:30:33,304 - INFO - 🔄 بعد از حذف تکراری: 8 کانفیگ برای JSON
2026-08-26 05:30:33,304 - WARNING - ⚠️ تعداد کانفیگ‌ها به 100 رسید (با None پر شد)
2026-08-26 05:30:33,304 - INFO - ✅ دقیقاً 100 کانفیگ در configs.json ذخیره شد
2026-08-26 05:30:33,304 - INFO - ✅ فایل configs.json با 8 کانفیگ واقعی به‌روز شد
2026-08-26 05:30:33,304 - INFO - 📝 نمونه کانفیگ اول: ss://YWVzLTEyOC1nY206YWRiYzFlOGMtMTg0ZS00ZDAyLWIwZ...
2026-08-26 05:30:33,304 - INFO - 📤 بخش ۲: دریافت کانفیگ‌های جدید برای ارسال به کانال...
2026-08-26 05:30:33,305 - INFO - 📡 دریافت پست‌ها از https://t.me/s/ConfigsHUB برای ارسال به کانال
2026-08-26 05:30:33,879 - INFO - ✅ 20 پست دریافت شد
2026-08-26 05:30:33,880 - INFO - 💾 وضعیت به‌روز شد: ConfigsHUB/2012231
2026-08-26 05:30:33,880 - INFO - 📊 از https://t.me/s/ConfigsHUB: 15 کانفیگ جدید پیدا شد
2026-08-26 05:30:33,880 - INFO - 📊 تعداد کل کانفیگ‌های جدید: 15
2026-08-26 05:30:33,880 - INFO - 📤 ارسال 8 کانفیگ به کانال
2026-08-26 05:30:34,504 - INFO - HTTP Request: POST https://api.telegram.org/bot8316746677:AAF1IzRzODBtCvVWrL6dWtw7F8U3qb4DwXM/sendMessage "HTTP/1.1 200 OK"
2026-08-26 05:30:34,505 - INFO - ✅ پیام 1 از 1 ارسال شد
2026-08-26 05:30:35,507 - INFO - ==================================================
2026-08-26 05:30:35,507 - INFO - 🏁 اجرای ربات با موفقیت به پایان رسید
2026-08-26 05:37:43,915 - INFO - ==================================================
2026-08-26 05:37:43,915 - INFO - 🚀 شروع اجرای ربات
2026-08-26 05:37:43,915 - INFO - 📥 بخش ۱: دریافت ۱۰۰ کانفیگ آخر برای فایل JSON...
2026-08-26 05:37:43,915 - INFO - 📡 دریافت کانفیگ‌ها از https://t.me/s/ConfigsHUB برای فایل JSON
2026-08-26 05:37:44,758 - INFO - ✅ 20 کانفیگ از صفحه دریافت شد
2026-08-26 05:37:44,758 - INFO - 📊 از https://t.me/s/ConfigsHUB: 20 کانفیگ دریافت شد
2026-08-26 05:37:44,759 - INFO - 🔄 بعد از حذف تکراری: 18 کانفیگ برای JSON
2026-08-26 05:37:44,759 - WARNING - ⚠️ تعداد کانفیگ‌ها به 100 رسید (با None پر شد)
2026-08-26 05:37:44,759 - INFO - ✅ دقیقاً 100 کانفیگ در configs.json ذخیره شد
2026-08-26 05:37:44,759 - INFO - ✅ فایل configs.json با 18 کانفیگ واقعی به‌روز شد
2026-08-26 05:37:44,759 - INFO - 📝 نمونه کانفیگ اول: vless://32349ee8-8551-45fa-a265-8704cec72936@193.2...
2026-08-26 05:37:44,759 - INFO - 📤 بخش ۲: دریافت کانفیگ‌های جدید برای ارسال به کانال...
2026-08-26 05:37:44,759 - INFO - 📡 دریافت پست‌ها از https://t.me/s/ConfigsHUB برای ارسال به کانال
2026-08-26 05:37:45,298 - INFO - ✅ 20 پست دریافت شد
2026-08-26 05:37:45,299 - INFO - 💾 وضعیت به‌روز شد: ConfigsHUB/2012304
2026-08-26 05:37:45,299 - INFO - 📊 از https://t.me/s/ConfigsHUB: 20 کانفیگ جدید پیدا شد
2026-08-26 05:37:45,299 - INFO - 📊 تعداد کل کانفیگ‌های جدید: 20
2026-08-26 05:37:45,299 - INFO - 📤 ارسال 10 کانفیگ به کانال
2026-08-26 05:37:45,914 - INFO - HTTP Request: POST https://api.telegram.org/bot8316746677:AAF1IzRzODBtCvVWrL6dWtw7F8U3qb4DwXM/sendMessage "HTTP/1.1 200 OK"
2026-08-26 05:37:45,915 - INFO - ✅ پیام 1 از 1 ارسال شد
2026-08-26 05:37:46,917 - INFO - ==================================================
2026-08-26 05:37:46,917 - INFO - 🏁 اجرای ربات با موفقیت به پایان رسید
2026-08-26 06:30:33,988 - INFO - ==================================================
2026-08-26 06:30:33,988 - INFO - 🚀 شروع اجرای ربات
2026-08-26 06:30:33,988 - INFO - 📥 بخش ۱: دریافت ۱۰۰ کانفیگ آخر برای فایل JSON...
2026-08-26 06:30:33,989 - INFO - 📡 دریافت کانفیگ‌ها از https://t.me/s/ConfigsHUB برای فایل JSON
2026-08-26 06:30:34,612 - INFO - ✅ 17 کانفیگ از صفحه دریافت شد
2026-08-26 06:30:34,613 - INFO - 📊 از https://t.me/s/ConfigsHUB: 17 کانفیگ دریافت شد
2026-08-26 06:30:34,613 - INFO - 🔄 بعد از حذف تکراری: 17 کانفیگ برای JSON
2026-08-26 06:30:34,613 - WARNING - ⚠️ تعداد کانفیگ‌ها به 100 رسید (با None پر شد)
2026-08-26 06:30:34,613 - INFO - ✅ دقیقاً 100 کانفیگ در configs.json ذخیره شد
2026-08-26 06:30:34,613 - INFO - ✅ فایل configs.json با 17 کانفیگ واقعی به‌روز شد
2026-08-26 06:30:34,613 - INFO - 📝 نمونه کانفیگ اول: vless://76f6b7fe-5de8-4637-87a0-6ddd33d67b3e@103.1...
2026-08-26 06:30:34,614 - INFO - 📤 بخش ۲: دریافت کانفیگ‌های جدید برای ارسال به کانال...
2026-08-26 06:30:34,614 - INFO - 📡 دریافت پست‌ها از https://t.me/s/ConfigsHUB برای ارسال به کانال
2026-08-26 06:30:35,144 - INFO - ✅ 20 پست دریافت شد
2026-08-26 06:30:35,145 - INFO - 💾 وضعیت به‌روز شد: ConfigsHUB/2012446
2026-08-26 06:30:35,146 - INFO - 📊 از https://t.me/s/ConfigsHUB: 17 کانفیگ جدید پیدا شد
2026-08-26 06:30:35,146 - INFO - 📊 تعداد کل کانفیگ‌های جدید: 17
2026-08-26 06:30:35,146 - INFO - 📤 ارسال 10 کانفیگ به کانال
2026-08-26 06:30:35,691 - INFO - HTTP Request: POST https://api.telegram.org/bot8316746677:AAF1IzRzODBtCvVWrL6dWtw7F8U3qb4DwXM/sendMessage "HTTP/1.1 200 OK"
2026-08-26 06:30:35,692 - INFO - ✅ پیام 1 از 1 ارسال شد
2026-08-26 06:30:36,694 - INFO - ==================================================
2026-08-26 06:30:36,694 - INFO - 🏁 اجرای ربات با موفقیت به پایان رسید
2026-08-26 06:55:46,414 - INFO - ==================================================
2026-08-26 06:55:46,414 - INFO - 🚀 شروع اجرای ربات
2026-08-26 06:55:46,415 - INFO - 📥 بخش ۱: دریافت ۱۰۰ کانفیگ آخر برای فایل JSON...
2026-08-26 06:55:46,415 - INFO - 📡 دریافت کانفیگ‌ها از https://t.me/s/ConfigsHUB برای فایل JSON
2026-08-26 06:55:47,025 - INFO - ✅ 12 کانفیگ از صفحه دریافت شد
2026-08-26 06:55:47,026 - INFO - 📊 از https://t.me/s/ConfigsHUB: 12 کانفیگ دریافت شد
2026-08-26 06:55:47,026 - INFO - 🔄 بعد از حذف تکراری: 12 کانفیگ برای JSON
2026-08-26 06:55:47,026 - WARNING - ⚠️ تعداد کانفیگ‌ها به 100 رسید (با None پر شد)
2026-08-26 06:55:47,027 - INFO - ✅ دقیقاً 100 کانفیگ در configs.json ذخیره شد
2026-08-26 06:55:47,027 - INFO - ✅ فایل configs.json با 12 کانفیگ واقعی به‌روز شد
2026-08-26 06:55:47,027 - INFO - 📝 نمونه کانفیگ اول: vless://e4514801-0d5a-42ba-869f-39bd605aef9e@63.18...
2026-08-26 06:55:47,027 - INFO - 📤 بخش ۲: دریافت کانفیگ‌های جدید برای ارسال به کانال...
2026-08-26 06:55:47,027 - INFO - 📡 دریافت پست‌ها از https://t.me/s/ConfigsHUB برای ارسال به کانال
2026-08-26 06:55:47,534 - INFO - ✅ 20 پست دریافت شد
2026-08-26 06:55:47,535 - INFO - 💾 وضعیت به‌روز شد: ConfigsHUB/2012535
2026-08-26 06:55:47,535 - INFO - 📊 از https://t.me/s/ConfigsHUB: 12 کانفیگ جدید پیدا شد
2026-08-26 06:55:47,535 - INFO - 📊 تعداد کل کانفیگ‌های جدید: 12
2026-08-26 06:55:47,535 - INFO - 📤 ارسال 10 کانفیگ به کانال
2026-08-26 06:55:48,098 - INFO - HTTP Request: POST https://api.telegram.org/bot8316746677:AAF1IzRzODBtCvVWrL6dWtw7F8U3qb4DwXM/sendMessage "HTTP/1.1 200 OK"
2026-08-26 06:55:48,099 - INFO - ✅ پیام 1 از 1 ارسال شد
2026-08-26 06:55:49,101 - INFO - ==================================================
2026-08-26 06:55:49,101 - INFO - 🏁 اجرای ربات با موفقیت به پایان رسید
2026-08-26 07:30:29,533 - INFO - ==================================================
2026-08-26 07:30:29,533 - INFO - 🚀 شروع اجرای ربات
2026-08-26 07:30:29,533 - INFO - 📥 بخش ۱: دریافت ۱۰۰ کانفیگ آخر برای فایل JSON...
2026-08-26 07:30:29,533 - INFO - 📡 دریافت کانفیگ‌ها از https://t.me/s/ConfigsHUB برای فایل JSON
2026-08-26 07:30:30,030 - INFO - ✅ 13 کانفیگ از صفحه دریافت شد
2026-08-26 07:30:30,030 - INFO - 📊 از https://t.me/s/ConfigsHUB: 13 کانفیگ دریافت شد
2026-08-26 07:30:30,031 - INFO - 🔄 بعد از حذف تکراری: 12 کانفیگ برای JSON
2026-08-26 07:30:30,031 - WARNING - ⚠️ تعداد کانفیگ‌ها به 100 رسید (با None پر شد)
2026-08-26 07:30:30,031 - INFO - ✅ دقیقاً 100 کانفیگ در configs.json ذخیره شد
2026-08-26 07:30:30,031 - INFO - ✅ فایل configs.json با 12 کانفیگ واقعی به‌روز شد
2026-08-26 07:30:30,031 - INFO - 📝 نمونه کانفیگ اول: vless://001f1e58-b309-432a-9d2c-7cdf2be70c6c@188.1...
2026-08-26 07:30:30,031 - INFO - 📤 بخش ۲: دریافت کانفیگ‌های جدید برای ارسال به کانال...
2026-08-26 07:30:30,031 - INFO - 📡 دریافت پست‌ها از https://t.me/s/ConfigsHUB برای ارسال به کانال
2026-08-26 07:30:30,527 - INFO - ✅ 20 پست دریافت شد
2026-08-26 07:30:30,529 - INFO - 💾 وضعیت به‌روز شد: ConfigsHUB/2012587
2026-08-26 07:30:30,529 - INFO - 📊 از https://t.me/s/ConfigsHUB: 13 کانفیگ جدید پیدا شد
2026-08-26 07:30:30,529 - INFO - 📊 تعداد کل کانفیگ‌های جدید: 13
2026-08-26 07:30:30,529 - INFO - 📤 ارسال 10 کانفیگ به کانال
2026-08-26 07:30:31,050 - INFO - HTTP Request: POST https://api.telegram.org/bot8316746677:AAF1IzRzODBtCvVWrL6dWtw7F8U3qb4DwXM/sendMessage "HTTP/1.1 200 OK"
2026-08-26 07:30:31,051 - INFO - ✅ پیام 1 از 1 ارسال شد
2026-08-26 07:30:32,053 - INFO - ==================================================
2026-08-26 07:30:32,053 - INFO - 🏁 اجرای ربات با موفقیت به پایان رسید
2026-08-26 07:51:17,850 - INFO - ==================================================
2026-08-26 07:51:17,850 - INFO - 🚀 شروع اجرای ربات
2026-08-26 07:51:17,850 - INFO - 📥 بخش ۱: دریافت ۱۰۰ کانفیگ آخر برای فایل JSON...
2026-08-26 07:51:17,850 - INFO - 📡 دریافت کانفیگ‌ها از https://t.me/s/ConfigsHUB برای فایل JSON
2026-08-26 07:51:18,294 - INFO - ✅ 20 کانفیگ از صفحه دریافت شد
2026-08-26 07:51:18,295 - INFO - 📊 از https://t.me/s/ConfigsHUB: 20 کانفیگ دریافت شد
2026-08-26 07:51:18,295 - INFO - 🔄 بعد از حذف تکراری: 20 کانفیگ برای JSON
2026-08-26 07:51:18,295 - WARNING - ⚠️ تعداد کانفیگ‌ها به 100 رسید (با None پر شد)
2026-08-26 07:51:18,341 - INFO - ✅ دقیقاً 100 کانفیگ در configs.json ذخیره شد
2026-08-26 07:51:18,341 - INFO - ✅ فایل configs.json با 20 کانفیگ واقعی به‌روز شد
2026-08-26 07:51:18,341 - INFO - 📝 نمونه کانفیگ اول: vless://8820e16b-fbc2-49d3-90e4-eeeb8301c83c@151.1...
2026-08-26 07:51:18,341 - INFO - 📤 بخش ۲: دریافت کانفیگ‌های جدید برای ارسال به کانال...
2026-08-26 07:51:18,341 - INFO - 📡 دریافت پست‌ها از https://t.me/s/ConfigsHUB برای ارسال به کانال
2026-08-26 07:51:18,722 - INFO - ✅ 20 پست دریافت شد
2026-08-26 07:51:18,723 - INFO - 💾 وضعیت به‌روز شد: ConfigsHUB/2012665
2026-08-26 07:51:18,723 - INFO - 📊 از https://t.me/s/ConfigsHUB: 20 کانفیگ جدید پیدا شد
2026-08-26 07:51:18,724 - INFO - 📊 تعداد کل کانفیگ‌های جدید: 20
2026-08-26 07:51:18,724 - INFO - 📤 ارسال 10 کانفیگ به کانال
2026-08-26 07:51:19,220 - INFO - HTTP Request: POST https://api.telegram.org/bot8316746677:AAF1IzRzODBtCvVWrL6dWtw7F8U3qb4DwXM/sendMessage "HTTP/1.1 200 OK"
2026-08-26 07:51:19,221 - INFO - ✅ پیام 1 از 1 ارسال شد
2026-08-26 07:51:20,261 - INFO - ==================================================
2026-08-26 07:51:20,261 - INFO - 🏁 اجرای ربات با موفقیت به پایان رسید
2026-08-26 08:30:29,970 - INFO - ==================================================
2026-08-26 08:30:29,970 - INFO - 🚀 شروع اجرای ربات
2026-08-26 08:30:29,970 - INFO - 📥 بخش ۱: دریافت ۱۰۰ کانفیگ آخر برای فایل JSON...
2026-08-26 08:30:29,970 - INFO - 📡 دریافت کانفیگ‌ها از https://t.me/s/ConfigsHUB برای فایل JSON
2026-08-26 08:30:30,505 - INFO - ✅ 10 کانفیگ از صفحه دریافت شد
2026-08-26 08:30:30,506 - INFO - 📊 از https://t.me/s/ConfigsHUB: 10 کانفیگ دریافت شد
2026-08-26 08:30:30,506 - INFO - 🔄 بعد از حذف تکراری: 9 کانفیگ برای JSON
2026-08-26 08:30:30,506 - WARNING - ⚠️ تعداد کانفیگ‌ها به 100 رسید (با None پر شد)
2026-08-26 08:30:30,507 - INFO - ✅ دقیقاً 100 کانفیگ در configs.json ذخیره شد
2026-08-26 08:30:30,507 - INFO - ✅ فایل configs.json با 9 کانفیگ واقعی به‌روز شد
2026-08-26 08:30:30,507 - INFO - 📝 نمونه کانفیگ اول: trojan://humanity@188.114.97.7:443?path=%2Fassignm...
2026-08-26 08:30:30,507 - INFO - 📤 بخش ۲: دریافت کانفیگ‌های جدید برای ارسال به کانال...
2026-08-26 08:30:30,507 - INFO - 📡 دریافت پست‌ها از https://t.me/s/ConfigsHUB برای ارسال به کانال
2026-08-26 08:30:30,964 - INFO - ✅ 20 پست دریافت شد
2026-08-26 08:30:30,965 - INFO - 💾 وضعیت به‌روز شد: ConfigsHUB/2012758
2026-08-26 08:30:30,965 - INFO - 📊 از https://t.me/s/ConfigsHUB: 10 کانفیگ جدید پیدا شد
2026-08-26 08:30:30,965 - INFO - 📊 تعداد کل کانفیگ‌های جدید: 10
2026-08-26 08:30:30,965 - INFO - 📤 ارسال 9 کانفیگ به کانال
2026-08-26 08:30:31,487 - INFO - HTTP Request: POST https://api.telegram.org/bot8316746677:AAF1IzRzODBtCvVWrL6dWtw7F8U3qb4DwXM/sendMessage "HTTP/1.1 200 OK"
2026-08-26 08:30:31,488 - INFO - ✅ پیام 1 از 1 ارسال شد
2026-08-26 08:30:32,489 - INFO - ==================================================
2026-08-26 08:30:32,490 - INFO - 🏁 اجرای ربات با موفقیت به پایان رسید
2026-08-26 08:49:40,407 - INFO - ==================================================
2026-08-26 08:49:40,407 - INFO - 🚀 شروع اجرای ربات
2026-08-26 08:49:40,408 - INFO - 📥 بخش ۱: دریافت ۱۰۰ کانفیگ آخر برای فایل JSON...
2026-08-26 08:49:40,408 - INFO - 📡 دریافت کانفیگ‌ها از https://t.me/s/ConfigsHUB برای فایل JSON
2026-08-26 08:49:40,928 - INFO - ✅ 20 کانفیگ از صفحه دریافت شد
2026-08-26 08:49:40,929 - INFO - 📊 از https://t.me/s/ConfigsHUB: 20 کانفیگ دریافت شد
2026-08-26 08:49:40,929 - INFO - 🔄 بعد از حذف تکراری: 19 کانفیگ برای JSON
2026-08-26 08:49:40,930 - WARNING - ⚠️ تعداد کانفیگ‌ها به 100 رسید (با None پر شد)
2026-08-26 08:49:40,930 - INFO - ✅ دقیقاً 100 کانفیگ در configs.json ذخیره شد
2026-08-26 08:49:40,930 - INFO - ✅ فایل configs.json با 19 کانفیگ واقعی به‌روز شد
2026-08-26 08:49:40,930 - INFO - 📝 نمونه کانفیگ اول: vless://263bae3e-f51c-4946-9c1f-2585347a3dd1@150.2...
2026-08-26 08:49:40,930 - INFO - 📤 بخش ۲: دریافت کانفیگ‌های جدید برای ارسال به کانال...
2026-08-26 08:49:40,930 - INFO - 📡 دریافت پست‌ها از https://t.me/s/ConfigsHUB برای ارسال به کانال
2026-08-26 08:49:41,321 - INFO - ✅ 20 پست دریافت شد
2026-08-26 08:49:41,322 - INFO - 💾 وضعیت به‌روز شد: ConfigsHUB/2012893
2026-08-26 08:49:41,322 - INFO - 📊 از https://t.me/s/ConfigsHUB: 20 کانفیگ جدید پیدا شد
2026-08-26 08:49:41,322 - INFO - 📊 تعداد کل کانفیگ‌های جدید: 20
2026-08-26 08:49:41,322 - INFO - 📤 ارسال 10 کانفیگ به کانال
2026-08-26 08:49:41,879 - INFO - HTTP Request: POST https://api.telegram.org/bot8316746677:AAF1IzRzODBtCvVWrL6dWtw7F8U3qb4DwXM/sendMessage "HTTP/1.1 200 OK"
2026-08-26 08:49:41,880 - INFO - ✅ پیام 1 از 1 ارسال شد
2026-08-26 08:49:42,882 - INFO - ==================================================
2026-08-26 08:49:42,882 - INFO - 🏁 اجرای ربات با موفقیت به پایان رسید
2026-08-26 09:30:31,041 - INFO - ==================================================
2026-08-26 09:30:31,041 - INFO - 🚀 شروع اجرای ربات
2026-08-26 09:30:31,041 - INFO - 📥 بخش ۱: دریافت ۱۰۰ کانفیگ آخر برای فایل JSON...
2026-08-26 09:30:31,041 - INFO - 📡 دریافت کانفیگ‌ها از https://t.me/s/ConfigsHUB برای فایل JSON
2026-08-26 09:30:31,503 - INFO - ✅ 20 کانفیگ از صفحه دریافت شد
2026-08-26 09:30:31,504 - INFO - 📊 از https://t.me/s/ConfigsHUB: 20 کانفیگ دریافت شد
2026-08-26 09:30:31,504 - INFO - 🔄 بعد از حذف تکراری: 20 کانفیگ برای JSON
2026-08-26 09:30:31,504 - WARNING - ⚠️ تعداد کانفیگ‌ها به 100 رسید (با None پر شد)
2026-08-26 09:30:31,505 - INFO - ✅ دقیقاً 100 کانفیگ در configs.json ذخیره شد
2026-08-26 09:30:31,505 - INFO - ✅ فایل configs.json با 20 کانفیگ واقعی به‌روز شد
2026-08-26 09:30:31,505 - INFO - 📝 نمونه کانفیگ اول: vless://00506574-3b10-4f7d-9b2f-8afdc5919b93@31.76...
2026-08-26 09:30:31,505 - INFO - 📤 بخش ۲: دریافت کانفیگ‌های جدید برای ارسال به کانال...
2026-08-26 09:30:31,505 - INFO - 📡 دریافت پست‌ها از https://t.me/s/ConfigsHUB برای ارسال به کانال
2026-08-26 09:30:31,903 - INFO - ✅ 20 پست دریافت شد
2026-08-26 09:30:31,905 - INFO - 💾 وضعیت به‌روز شد: ConfigsHUB/2012993
2026-08-26 09:30:31,905 - INFO - 📊 از https://t.me/s/ConfigsHUB: 20 کانفیگ جدید پیدا شد
2026-08-26 09:30:31,905 - INFO - 📊 تعداد کل کانفیگ‌های جدید: 20
2026-08-26 09:30:31,905 - INFO - 📤 ارسال 10 کانفیگ به کانال
2026-08-26 09:30:32,389 - INFO - HTTP Request: POST https://api.telegram.org/bot8316746677:AAF1IzRzODBtCvVWrL6dWtw7F8U3qb4DwXM/sendMessage "HTTP/1.1 200 OK"
2026-08-26 09:30:32,390 - INFO - ✅ پیام 1 از 1 ارسال شد
2026-08-26 09:30:33,392 - INFO - ==================================================
2026-08-26 09:30:33,392 - INFO - 🏁 اجرای ربات با موفقیت به پایان رسید
2026-08-26 09:47:18,950 - INFO - ==================================================
2026-08-26 09:47:18,950 - INFO - 🚀 شروع اجرای ربات
2026-08-26 09:47:18,950 - INFO - 📥 بخش ۱: دریافت ۱۰۰ کانفیگ آخر برای فایل JSON...
2026-08-26 09:47:18,950 - INFO - 📡 دریافت کانفیگ‌ها از https://t.me/s/ConfigsHUB برای فایل JSON
2026-08-26 09:47:19,556 - INFO - ✅ 18 کانفیگ از صفحه دریافت شد
2026-08-26 09:47:19,557 - INFO - 📊 از https://t.me/s/ConfigsHUB: 18 کانفیگ دریافت شد
2026-08-26 09:47:19,557 - INFO - 🔄 بعد از حذف تکراری: 18 کانفیگ برای JSON
2026-08-26 09:47:19,557 - WARNING - ⚠️ تعداد کانفیگ‌ها به 100 رسید (با None پر شد)
2026-08-26 09:47:19,558 - INFO - ✅ دقیقاً 100 کانفیگ در configs.json ذخیره شد
2026-08-26 09:47:19,558 - INFO - ✅ فایل configs.json با 18 کانفیگ واقعی به‌روز شد
2026-08-26 09:47:19,558 - INFO - 📝 نمونه کانفیگ اول: ss://Y2hhY2hhMjAtaWV0Zi1wb2x5MTMwNTpmakt6Z29UZkI3W...
2026-08-26 09:47:19,558 - INFO - 📤 بخش ۲: دریافت کانفیگ‌های جدید برای ارسال به کانال...
2026-08-26 09:47:19,558 - INFO - 📡 دریافت پست‌ها از https://t.me/s/ConfigsHUB برای ارسال به کانال
2026-08-26 09:47:20,068 - INFO - ✅ 20 پست دریافت شد
2026-08-26 09:47:20,069 - INFO - 💾 وضعیت به‌روز شد: ConfigsHUB/2013078
2026-08-26 09:47:20,069 - INFO - 📊 از https://t.me/s/ConfigsHUB: 18 کانفیگ جدید پیدا شد
2026-08-26 09:47:20,069 - INFO - 📊 تعداد کل کانفیگ‌های جدید: 18
2026-08-26 09:47:20,069 - INFO - 📤 ارسال 10 کانفیگ به کانال
2026-08-26 09:47:20,741 - INFO - HTTP Request: POST https://api.telegram.org/bot8316746677:AAF1IzRzODBtCvVWrL6dWtw7F8U3qb4DwXM/sendMessage "HTTP/1.1 200 OK"
2026-08-26 09:47:20,741 - INFO - ✅ پیام 1 از 1 ارسال شد
2026-08-26 09:47:21,743 - INFO - ==================================================
2026-08-26 09:47:21,743 - INFO - 🏁 اجرای ربات با موفقیت به پایان رسید
2026-08-26 10:30:31,206 - INFO - ==================================================
2026-08-26 10:30:31,206 - INFO - 🚀 شروع اجرای ربات
2026-08-26 10:30:31,206 - INFO - 📥 بخش ۱: دریافت ۱۰۰ کانفیگ آخر برای فایل JSON...
2026-08-26 10:30:31,206 - INFO - 📡 دریافت کانفیگ‌ها از https://t.me/s/ConfigsHUB برای فایل JSON
2026-08-26 10:30:31,711 - INFO - ✅ 15 کانفیگ از صفحه دریافت شد
2026-08-26 10:30:31,713 - INFO - 📊 از https://t.me/s/ConfigsHUB: 15 کانفیگ دریافت شد
2026-08-26 10:30:31,713 - INFO - 🔄 بعد از حذف تکراری: 13 کانفیگ برای JSON
2026-08-26 10:30:31,713 - WARNING - ⚠️ تعداد کانفیگ‌ها به 100 رسید (با None پر شد)
2026-08-26 10:30:31,713 - INFO - ✅ دقیقاً 100 کانفیگ در configs.json ذخیره شد
2026-08-26 10:30:31,713 - INFO - ✅ فایل configs.json با 13 کانفیگ واقعی به‌روز شد
2026-08-26 10:30:31,713 - INFO - 📝 نمونه کانفیگ اول: vless://cd74983f-12f5-4836-aae5-17fbc136f888@153.5...
2026-08-26 10:30:31,713 - INFO - 📤 بخش ۲: دریافت کانفیگ‌های جدید برای ارسال به کانال...
2026-08-26 10:30:31,713 - INFO - 📡 دریافت پست‌ها از https://t.me/s/ConfigsHUB برای ارسال به کانال
2026-08-26 10:30:32,201 - INFO - ✅ 20 پست دریافت شد
2026-08-26 10:30:32,202 - INFO - 💾 وضعیت به‌روز شد: ConfigsHUB/2013136
2026-08-26 10:30:32,203 - INFO - 📊 از https://t.me/s/ConfigsHUB: 15 کانفیگ جدید پیدا شد
2026-08-26 10:30:32,203 - INFO - 📊 تعداد کل کانفیگ‌های جدید: 15
2026-08-26 10:30:32,203 - INFO - 📤 ارسال 10 کانفیگ به کانال
2026-08-26 10:30:32,681 - INFO - HTTP Request: POST https://api.telegram.org/bot8316746677:AAF1IzRzODBtCvVWrL6dWtw7F8U3qb4DwXM/sendMessage "HTTP/1.1 200 OK"
2026-08-26 10:30:32,682 - INFO - ✅ پیام 1 از 1 ارسال شد
2026-08-26 10:30:33,684 - INFO - ==================================================
2026-08-26 10:30:33,684 - INFO - 🏁 اجرای ربات با موفقیت به پایان رسید
2026-08-26 10:38:41,285 - INFO - ==================================================
2026-08-26 10:38:41,285 - INFO - 🚀 شروع اجرای ربات
2026-08-26 10:38:41,285 - INFO - 📥 بخش ۱: دریافت ۱۰۰ کانفیگ آخر برای فایل JSON...
2026-08-26 10:38:41,285 - INFO - 📡 دریافت کانفیگ‌ها از https://t.me/s/ConfigsHUB برای فایل JSON
2026-08-26 10:38:41,929 - INFO - ✅ 18 کانفیگ از صفحه دریافت شد
2026-08-26 10:38:41,931 - INFO - 📊 از https://t.me/s/ConfigsHUB: 18 کانفیگ دریافت شد
2026-08-26 10:38:41,931 - INFO - 🔄 بعد از حذف تکراری: 10 کانفیگ برای JSON
2026-08-26 10:38:41,931 - WARNING - ⚠️ تعداد کانفیگ‌ها به 100 رسید (با None پر شد)
2026-08-26 10:38:41,931 - INFO - ✅ دقیقاً 100 کانفیگ در configs.json ذخیره شد
2026-08-26 10:38:41,931 - INFO - ✅ فایل configs.json با 10 کانفیگ واقعی به‌روز شد
2026-08-26 10:38:41,931 - INFO - 📝 نمونه کانفیگ اول: vless://4f8efa61-96db-1391-b134-9ce844e31228@sw.vo...
2026-08-26 10:38:41,931 - INFO - 📤 بخش ۲: دریافت کانفیگ‌های جدید برای ارسال به کانال...
2026-08-26 10:38:41,932 - INFO - 📡 دریافت پست‌ها از https://t.me/s/ConfigsHUB برای ارسال به کانال
2026-08-26 10:38:42,513 - INFO - ✅ 20 پست دریافت شد
2026-08-26 10:38:42,515 - INFO - 💾 وضعیت به‌روز شد: ConfigsHUB/2013196
2026-08-26 10:38:42,515 - INFO - 📊 از https://t.me/s/ConfigsHUB: 18 کانفیگ جدید پیدا شد
2026-08-26 10:38:42,515 - INFO - 📊 تعداد کل کانفیگ‌های جدید: 18
2026-08-26 10:38:42,515 - INFO - 📤 ارسال 10 کانفیگ به کانال
2026-08-26 10:38:43,105 - INFO - HTTP Request: POST https://api.telegram.org/bot8316746677:AAF1IzRzODBtCvVWrL6dWtw7F8U3qb4DwXM/sendMessage "HTTP/1.1 200 OK"
2026-08-26 10:38:43,106 - INFO - ✅ پیام 1 از 1 ارسال شد
2026-08-26 10:38:44,108 - INFO - ==================================================
2026-08-26 10:38:44,108 - INFO - 🏁 اجرای ربات با موفقیت به پایان رسید
2026-08-26 11:30:31,368 - INFO - ==================================================
2026-08-26 11:30:31,368 - INFO - 🚀 شروع اجرای ربات
2026-08-26 11:30:31,368 - INFO - 📥 بخش ۱: دریافت ۱۰۰ کانفیگ آخر برای فایل JSON...
2026-08-26 11:30:31,368 - INFO - 📡 دریافت کانفیگ‌ها از https://t.me/s/ConfigsHUB برای فایل JSON
2026-08-26 11:30:32,056 - INFO - ✅ 20 کانفیگ از صفحه دریافت شد
2026-08-26 11:30:32,057 - INFO - 📊 از https://t.me/s/ConfigsHUB: 20 کانفیگ دریافت شد
2026-08-26 11:30:32,057 - INFO - 🔄 بعد از حذف تکراری: 18 کانفیگ برای JSON
2026-08-26 11:30:32,057 - WARNING - ⚠️ تعداد کانفیگ‌ها به 100 رسید (با None پر شد)
2026-08-26 11:30:32,058 - INFO - ✅ دقیقاً 100 کانفیگ در configs.json ذخیره شد
2026-08-26 11:30:32,058 - INFO - ✅ فایل configs.json با 18 کانفیگ واقعی به‌روز شد
2026-08-26 11:30:32,058 - INFO - 📝 نمونه کانفیگ اول: vless://14b48651-3738-4926-bc09-4c04e87ff80b@5.175...
2026-08-26 11:30:32,058 - INFO - 📤 بخش ۲: دریافت کانفیگ‌های جدید برای ارسال به کانال...
2026-08-26 11:30:32,058 - INFO - 📡 دریافت پست‌ها از https://t.me/s/ConfigsHUB برای ارسال به کانال
2026-08-26 11:30:32,705 - INFO - ✅ 20 پست دریافت شد
2026-08-26 11:30:32,706 - INFO - 💾 وضعیت به‌روز شد: ConfigsHUB/2013346
2026-08-26 11:30:32,707 - INFO - 📊 از https://t.me/s/ConfigsHUB: 20 کانفیگ جدید پیدا شد
2026-08-26 11:30:32,707 - INFO - 📊 تعداد کل کانفیگ‌های جدید: 20
2026-08-26 11:30:32,707 - INFO - 📤 ارسال 10 کانفیگ به کانال
2026-08-26 11:30:33,450 - INFO - HTTP Request: POST https://api.telegram.org/bot8316746677:AAF1IzRzODBtCvVWrL6dWtw7F8U3qb4DwXM/sendMessage "HTTP/1.1 200 OK"
2026-08-26 11:30:33,451 - INFO - ✅ پیام 1 از 1 ارسال شد
2026-08-26 11:30:34,452 - INFO - ==================================================
2026-08-26 11:30:34,453 - INFO - 🏁 اجرای ربات با موفقیت به پایان رسید
2026-08-26 11:33:17,014 - INFO - ==================================================
2026-08-26 11:33:17,014 - INFO - 🚀 شروع اجرای ربات
2026-08-26 11:33:17,014 - INFO - 📥 بخش ۱: دریافت ۱۰۰ کانفیگ آخر برای فایل JSON...
2026-08-26 11:33:17,014 - INFO - 📡 دریافت کانفیگ‌ها از https://t.me/s/ConfigsHUB برای فایل JSON
2026-08-26 11:33:17,480 - INFO - ✅ 8 کانفیگ از صفحه دریافت شد
2026-08-26 11:33:17,481 - INFO - 📊 از https://t.me/s/ConfigsHUB: 8 کانفیگ دریافت شد
2026-08-26 11:33:17,481 - INFO - 🔄 بعد از حذف تکراری: 8 کانفیگ برای JSON
2026-08-26 11:33:17,481 - WARNING - ⚠️ تعداد کانفیگ‌ها به 100 رسید (با None پر شد)
2026-08-26 11:33:17,482 - INFO - ✅ دقیقاً 100 کانفیگ در configs.json ذخیره شد
2026-08-26 11:33:17,482 - INFO - ✅ فایل configs.json با 8 کانفیگ واقعی به‌روز شد
2026-08-26 11:33:17,482 - INFO - 📝 نمونه کانفیگ اول: vless://7e29f586-1ec1-40c1-abc2-3e11547b712b@209.2...
2026-08-26 11:33:17,482 - INFO - 📤 بخش ۲: دریافت کانفیگ‌های جدید برای ارسال به کانال...
2026-08-26 11:33:17,482 - INFO - 📡 دریافت پست‌ها از https://t.me/s/ConfigsHUB برای ارسال به کانال
2026-08-26 11:33:17,945 - INFO - ✅ 20 پست دریافت شد
2026-08-26 11:33:17,946 - INFO - 💾 وضعیت به‌روز شد: ConfigsHUB/2013397
2026-08-26 11:33:17,946 - INFO - 📊 از https://t.me/s/ConfigsHUB: 8 کانفیگ جدید پیدا شد
2026-08-26 11:33:17,946 - INFO - 📊 تعداد کل کانفیگ‌های جدید: 8
2026-08-26 11:33:17,946 - INFO - 📤 ارسال 8 کانفیگ به کانال
2026-08-26 11:33:18,400 - INFO - HTTP Request: POST https://api.telegram.org/bot8316746677:AAF1IzRzODBtCvVWrL6dWtw7F8U3qb4DwXM/sendMessage "HTTP/1.1 200 OK"
2026-08-26 11:33:18,401 - INFO - ✅ پیام 1 از 1 ارسال شد
2026-08-26 11:33:19,403 - INFO - ==================================================
2026-08-26 11:33:19,403 - INFO - 🏁 اجرای ربات با موفقیت به پایان رسید
2026-08-26 12:30:34,272 - INFO - ==================================================
2026-08-26 12:30:34,272 - INFO - 🚀 شروع اجرای ربات
2026-08-26 12:30:34,272 - INFO - 📥 بخش ۱: دریافت ۱۰۰ کانفیگ آخر برای فایل JSON...
2026-08-26 12:30:34,272 - INFO - 📡 دریافت کانفیگ‌ها از https://t.me/s/ConfigsHUB برای فایل JSON
2026-08-26 12:30:34,995 - INFO - ✅ 20 کانفیگ از صفحه دریافت شد
2026-08-26 12:30:34,996 - INFO - 📊 از https://t.me/s/ConfigsHUB: 20 کانفیگ دریافت شد
2026-08-26 12:30:34,996 - INFO - 🔄 بعد از حذف تکراری: 20 کانفیگ برای JSON
2026-08-26 12:30:34,997 - WARNING - ⚠️ تعداد کانفیگ‌ها به 100 رسید (با None پر شد)
2026-08-26 12:30:34,997 - INFO - ✅ دقیقاً 100 کانفیگ در configs.json ذخیره شد
2026-08-26 12:30:34,997 - INFO - ✅ فایل configs.json با 20 کانفیگ واقعی به‌روز شد
2026-08-26 12:30:34,997 - INFO - 📝 نمونه کانفیگ اول: vless://53ffd172-de4c-002f-aa77-1a6830a36cf8@93.18...
2026-08-26 12:30:34,997 - INFO - 📤 بخش ۲: دریافت کانفیگ‌های جدید برای ارسال به کانال...
2026-08-26 12:30:34,997 - INFO - 📡 دریافت پست‌ها از https://t.me/s/ConfigsHUB برای ارسال به کانال
2026-08-26 12:30:35,562 - INFO - ✅ 20 پست دریافت شد
2026-08-26 12:30:35,564 - INFO - 💾 وضعیت به‌روز شد: ConfigsHUB/2013586
2026-08-26 12:30:35,564 - INFO - 📊 از https://t.me/s/ConfigsHUB: 20 کانفیگ جدید پیدا شد
2026-08-26 12:30:35,564 - INFO - 📊 تعداد کل کانفیگ‌های جدید: 20
2026-08-26 12:30:35,564 - INFO - 📤 ارسال 10 کانفیگ به کانال
2026-08-26 12:30:36,364 - INFO - HTTP Request: POST https://api.telegram.org/bot8316746677:AAF1IzRzODBtCvVWrL6dWtw7F8U3qb4DwXM/sendMessage "HTTP/1.1 200 OK"
2026-08-26 12:30:36,365 - INFO - ✅ پیام 1 از 1 ارسال شد
2026-08-26 12:30:37,367 - INFO - ==================================================
2026-08-26 12:30:37,367 - INFO - 🏁 اجرای ربات با موفقیت به پایان رسید
2026-08-26 12:59:58,148 - INFO - ==================================================
2026-08-26 12:59:58,148 - INFO - 🚀 شروع اجرای ربات
2026-08-26 12:59:58,149 - INFO - 📥 بخش ۱: دریافت ۱۰۰ کانفیگ آخر برای فایل JSON...
2026-08-26 12:59:58,149 - INFO - 📡 دریافت کانفیگ‌ها از https://t.me/s/ConfigsHUB برای فایل JSON
2026-08-26 12:59:58,717 - INFO - ✅ 17 کانفیگ از صفحه دریافت شد
2026-08-26 12:59:58,718 - INFO - 📊 از https://t.me/s/ConfigsHUB: 17 کانفیگ دریافت شد
2026-08-26 12:59:58,718 - INFO - 🔄 بعد از حذف تکراری: 17 کانفیگ برای JSON
2026-08-26 12:59:58,718 - WARNING - ⚠️ تعداد کانفیگ‌ها به 100 رسید (با None پر شد)
2026-08-26 12:59:58,718 - INFO - ✅ دقیقاً 100 کانفیگ در configs.json ذخیره شد
2026-08-26 12:59:58,718 - INFO - ✅ فایل configs.json با 17 کانفیگ واقعی به‌روز شد
2026-08-26 12:59:58,718 - INFO - 📝 نمونه کانفیگ اول: vless://c35050ce-01ab-45a9-91b8-54cec637d0a8@ellio...
2026-08-26 12:59:58,718 - INFO - 📤 بخش ۲: دریافت کانفیگ‌های جدید برای ارسال به کانال...
2026-08-26 12:59:58,719 - INFO - 📡 دریافت پست‌ها از https://t.me/s/ConfigsHUB برای ارسال به کانال
2026-08-26 12:59:59,226 - INFO - ✅ 20 پست دریافت شد
2026-08-26 12:59:59,227 - INFO - 💾 وضعیت به‌روز شد: ConfigsHUB/2013697
2026-08-26 12:59:59,227 - INFO - 📊 از https://t.me/s/ConfigsHUB: 17 کانفیگ جدید پیدا شد
2026-08-26 12:59:59,227 - INFO - 📊 تعداد کل کانفیگ‌های جدید: 17
2026-08-26 12:59:59,228 - INFO - 📤 ارسال 10 کانفیگ به کانال
2026-08-26 12:59:59,858 - INFO - HTTP Request: POST https://api.telegram.org/bot8316746677:AAF1IzRzODBtCvVWrL6dWtw7F8U3qb4DwXM/sendMessage "HTTP/1.1 200 OK"
2026-08-26 12:59:59,859 - INFO - ✅ پیام 1 از 1 ارسال شد
2026-08-26 13:00:00,860 - INFO - ==================================================
2026-08-26 13:00:00,860 - INFO - 🏁 اجرای ربات با موفقیت به پایان رسید
2026-08-26 13:30:33,205 - INFO - ==================================================
2026-08-26 13:30:33,205 - INFO - 🚀 شروع اجرای ربات
2026-08-26 13:30:33,205 - INFO - 📥 بخش ۱: دریافت ۱۰۰ کانفیگ آخر برای فایل JSON...
2026-08-26 13:30:33,205 - INFO - 📡 دریافت کانفیگ‌ها از https://t.me/s/ConfigsHUB برای فایل JSON
2026-08-26 13:30:33,773 - INFO - ✅ 13 کانفیگ از صفحه دریافت شد
2026-08-26 13:30:33,774 - INFO - 📊 از https://t.me/s/ConfigsHUB: 13 کانفیگ دریافت شد
2026-08-26 13:30:33,774 - INFO - 🔄 بعد از حذف تکراری: 13 کانفیگ برای JSON
2026-08-26 13:30:33,774 - WARNING - ⚠️ تعداد کانفیگ‌ها به 100 رسید (با None پر شد)
2026-08-26 13:30:33,774 - INFO - ✅ دقیقاً 100 کانفیگ در configs.json ذخیره شد
2026-08-26 13:30:33,775 - INFO - ✅ فایل configs.json با 13 کانفیگ واقعی به‌روز شد
2026-08-26 13:30:33,775 - INFO - 📝 نمونه کانفیگ اول: vless://2d96d4d6-a276-4ab5-9f20-8dc5cbf6e902@72.35...
2026-08-26 13:30:33,775 - INFO - 📤 بخش ۲: دریافت کانفیگ‌های جدید برای ارسال به کانال...
2026-08-26 13:30:33,775 - INFO - 📡 دریافت پست‌ها از https://t.me/s/ConfigsHUB برای ارسال به کانال
2026-08-26 13:30:34,314 - INFO - ✅ 20 پست دریافت شد
2026-08-26 13:30:34,315 - INFO - 💾 وضعیت به‌روز شد: ConfigsHUB/2013853
2026-08-26 13:30:34,315 - INFO - 📊 از https://t.me/s/ConfigsHUB: 13 کانفیگ جدید پیدا شد
2026-08-26 13:30:34,316 - INFO - 📊 تعداد کل کانفیگ‌های جدید: 13
2026-08-26 13:30:34,316 - INFO - 📤 ارسال 10 کانفیگ به کانال
2026-08-26 13:30:34,922 - INFO - HTTP Request: POST https://api.telegram.org/bot8316746677:AAF1IzRzODBtCvVWrL6dWtw7F8U3qb4DwXM/sendMessage "HTTP/1.1 200 OK"
2026-08-26 13:30:34,923 - INFO - ✅ پیام 1 از 1 ارسال شد
2026-08-26 13:30:35,924 - INFO - ==================================================
2026-08-26 13:30:35,924 - INFO - 🏁 اجرای ربات با موفقیت به پایان رسید
2026-08-26 13:59:39,000 - INFO - ==================================================
2026-08-26 13:59:39,000 - INFO - 🚀 شروع اجرای ربات
2026-08-26 13:59:39,000 - INFO - 📥 بخش ۱: دریافت ۱۰۰ کانفیگ آخر برای فایل JSON...
2026-08-26 13:59:39,000 - INFO - 📡 دریافت کانفیگ‌ها از https://t.me/s/ConfigsHUB برای فایل JSON
2026-08-26 13:59:39,543 - INFO - ✅ 19 کانفیگ از صفحه دریافت شد
2026-08-26 13:59:39,544 - INFO - 📊 از https://t.me/s/ConfigsHUB: 19 کانفیگ دریافت شد
2026-08-26 13:59:39,544 - INFO - 🔄 بعد از حذف تکراری: 16 کانفیگ برای JSON
2026-08-26 13:59:39,544 - WARNING - ⚠️ تعداد کانفیگ‌ها به 100 رسید (با None پر شد)
2026-08-26 13:59:39,544 - INFO - ✅ دقیقاً 100 کانفیگ در configs.json ذخیره شد
2026-08-26 13:59:39,544 - INFO - ✅ فایل configs.json با 16 کانفیگ واقعی به‌روز شد
2026-08-26 13:59:39,544 - INFO - 📝 نمونه کانفیگ اول: vless://9ce4c9e2-1dcc-abe8-9abf-9bf8bc1269f6@159.1...
2026-08-26 13:59:39,545 - INFO - 📤 بخش ۲: دریافت کانفیگ‌های جدید برای ارسال به کانال...
2026-08-26 13:59:39,545 - INFO - 📡 دریافت پست‌ها از https://t.me/s/ConfigsHUB برای ارسال به کانال
2026-08-26 13:59:40,016 - INFO - ✅ 20 پست دریافت شد
2026-08-26 13:59:40,017 - INFO - 💾 وضعیت به‌روز شد: ConfigsHUB/2013920
2026-08-26 13:59:40,018 - INFO - 📊 از https://t.me/s/ConfigsHUB: 19 کانفیگ جدید پیدا شد
2026-08-26 13:59:40,018 - INFO - 📊 تعداد کل کانفیگ‌های جدید: 19
2026-08-26 13:59:40,018 - INFO - 📤 ارسال 10 کانفیگ به کانال
2026-08-26 13:59:40,576 - INFO - HTTP Request: POST https://api.telegram.org/bot8316746677:AAF1IzRzODBtCvVWrL6dWtw7F8U3qb4DwXM/sendMessage "HTTP/1.1 200 OK"
2026-08-26 13:59:40,577 - INFO - ✅ پیام 1 از 1 ارسال شد
2026-08-26 13:59:41,578 - INFO - ==================================================
2026-08-26 13:59:41,578 - INFO - 🏁 اجرای ربات با موفقیت به پایان رسید
2026-08-26 14:30:33,653 - INFO - ==================================================
2026-08-26 14:30:33,653 - INFO - 🚀 شروع اجرای ربات
2026-08-26 14:30:33,653 - INFO - 📥 بخش ۱: دریافت ۱۰۰ کانفیگ آخر برای فایل JSON...
2026-08-26 14:30:33,653 - INFO - 📡 دریافت کانفیگ‌ها از https://t.me/s/ConfigsHUB برای فایل JSON
2026-08-26 14:30:34,317 - INFO - ✅ 18 کانفیگ از صفحه دریافت شد
2026-08-26 14:30:34,317 - INFO - 📊 از https://t.me/s/ConfigsHUB: 18 کانفیگ دریافت شد
2026-08-26 14:30:34,318 - INFO - 🔄 بعد از حذف تکراری: 18 کانفیگ برای JSON
2026-08-26 14:30:34,318 - WARNING - ⚠️ تعداد کانفیگ‌ها به 100 رسید (با None پر شد)
2026-08-26 14:30:34,318 - INFO - ✅ دقیقاً 100 کانفیگ در configs.json ذخیره شد
2026-08-26 14:30:34,318 - INFO - ✅ فایل configs.json با 18 کانفیگ واقعی به‌روز شد
2026-08-26 14:30:34,318 - INFO - 📝 نمونه کانفیگ اول: vless://a8e3155b-ceb1-4fcb-bc0c-2e77ec005401@api.n...
2026-08-26 14:30:34,318 - INFO - 📤 بخش ۲: دریافت کانفیگ‌های جدید برای ارسال به کانال...
2026-08-26 14:30:34,319 - INFO - 📡 دریافت پست‌ها از https://t.me/s/ConfigsHUB برای ارسال به کانال
2026-08-26 14:30:34,969 - INFO - ✅ 20 پست دریافت شد
2026-08-26 14:30:34,971 - INFO - 💾 وضعیت به‌روز شد: ConfigsHUB/2014035
2026-08-26 14:30:34,971 - INFO - 📊 از https://t.me/s/ConfigsHUB: 18 کانفیگ جدید پیدا شد
2026-08-26 14:30:34,971 - INFO - 📊 تعداد کل کانفیگ‌های جدید: 18
2026-08-26 14:30:34,971 - INFO - 📤 ارسال 10 کانفیگ به کانال
2026-08-26 14:30:36,698 - INFO - HTTP Request: POST https://api.telegram.org/bot8316746677:AAF1IzRzODBtCvVWrL6dWtw7F8U3qb4DwXM/sendMessage "HTTP/1.1 200 OK"
2026-08-26 14:30:36,699 - INFO - ✅ پیام 1 از 1 ارسال شد
2026-08-26 14:30:37,701 - INFO - ==================================================
2026-08-26 14:30:37,701 - INFO - 🏁 اجرای ربات با موفقیت به پایان رسید
2026-08-26 14:55:40,914 - INFO - ==================================================
2026-08-26 14:55:40,914 - INFO - 🚀 شروع اجرای ربات
2026-08-26 14:55:40,914 - INFO - 📥 بخش ۱: دریافت ۱۰۰ کانفیگ آخر برای فایل JSON...
2026-08-26 14:55:40,914 - INFO - 📡 دریافت کانفیگ‌ها از https://t.me/s/ConfigsHUB برای فایل JSON
2026-08-26 14:55:41,412 - INFO - ✅ 20 کانفیگ از صفحه دریافت شد
2026-08-26 14:55:41,413 - INFO - 📊 از https://t.me/s/ConfigsHUB: 20 کانفیگ دریافت شد
2026-08-26 14:55:41,414 - INFO - 🔄 بعد از حذف تکراری: 20 کانفیگ برای JSON
2026-08-26 14:55:41,414 - WARNING - ⚠️ تعداد کانفیگ‌ها به 100 رسید (با None پر شد)
2026-08-26 14:55:41,414 - INFO - ✅ دقیقاً 100 کانفیگ در configs.json ذخیره شد
2026-08-26 14:55:41,414 - INFO - ✅ فایل configs.json با 20 کانفیگ واقعی به‌روز شد
2026-08-26 14:55:41,414 - INFO - 📝 نمونه کانفیگ اول: vless://219762a7-b918-4e2b-8a3d-d309ef98bb61@45.19...
2026-08-26 14:55:41,414 - INFO - 📤 بخش ۲: دریافت کانفیگ‌های جدید برای ارسال به کانال...
2026-08-26 14:55:41,414 - INFO - 📡 دریافت پست‌ها از https://t.me/s/ConfigsHUB برای ارسال به کانال
2026-08-26 14:55:41,865 - INFO - ✅ 20 پست دریافت شد
2026-08-26 14:55:41,867 - INFO - 💾 وضعیت به‌روز شد: ConfigsHUB/2014130
2026-08-26 14:55:41,867 - INFO - 📊 از https://t.me/s/ConfigsHUB: 20 کانفیگ جدید پیدا شد
2026-08-26 14:55:41,867 - INFO - 📊 تعداد کل کانفیگ‌های جدید: 20
2026-08-26 14:55:41,867 - INFO - 📤 ارسال 10 کانفیگ به کانال
2026-08-26 14:55:42,448 - INFO - HTTP Request: POST https://api.telegram.org/bot8316746677:AAF1IzRzODBtCvVWrL6dWtw7F8U3qb4DwXM/sendMessage "HTTP/1.1 200 OK"
2026-08-26 14:55:42,449 - INFO - ✅ پیام 1 از 1 ارسال شد
2026-08-26 14:55:43,450 - INFO - ==================================================
2026-08-26 14:55:43,450 - INFO - 🏁 اجرای ربات با موفقیت به پایان رسید
2026-08-26 16:22:10,529 - INFO - ==================================================
2026-08-26 16:22:10,529 - INFO - 🚀 شروع اجرای ربات
2026-08-26 16:22:10,529 - INFO - 📥 بخش ۱: دریافت ۱۰۰ کانفیگ آخر برای فایل JSON...
2026-08-26 16:22:10,529 - INFO - 📡 دریافت کانفیگ‌ها از https://t.me/s/ConfigsHUB برای فایل JSON
2026-08-26 16:22:11,130 - INFO - ✅ 18 کانفیگ از صفحه دریافت شد
2026-08-26 16:22:11,131 - INFO - 📊 از https://t.me/s/ConfigsHUB: 18 کانفیگ دریافت شد
2026-08-26 16:22:11,131 - INFO - 🔄 بعد از حذف تکراری: 18 کانفیگ برای JSON
2026-08-26 16:22:11,131 - WARNING - ⚠️ تعداد کانفیگ‌ها به 100 رسید (با None پر شد)
2026-08-26 16:22:11,132 - INFO - ✅ دقیقاً 100 کانفیگ در configs.json ذخیره شد
2026-08-26 16:22:11,132 - INFO - ✅ فایل configs.json با 18 کانفیگ واقعی به‌روز شد
2026-08-26 16:22:11,132 - INFO - 📝 نمونه کانفیگ اول: vless://a8e3155b-ceb1-4fcb-bc0c-2e77ec005401@88.21...
2026-08-26 16:22:11,132 - INFO - 📤 بخش ۲: دریافت کانفیگ‌های جدید برای ارسال به کانال...
2026-08-26 16:22:11,132 - INFO - 📡 دریافت پست‌ها از https://t.me/s/ConfigsHUB برای ارسال به کانال
2026-08-26 16:22:11,625 - INFO - ✅ 20 پست دریافت شد
2026-08-26 16:22:11,626 - INFO - 💾 وضعیت به‌روز شد: ConfigsHUB/2014451
2026-08-26 16:22:11,626 - INFO - 📊 از https://t.me/s/ConfigsHUB: 18 کانفیگ جدید پیدا شد
2026-08-26 16:22:11,626 - INFO - 📊 تعداد کل کانفیگ‌های جدید: 18
2026-08-26 16:22:11,626 - INFO - 📤 ارسال 10 کانفیگ به کانال
2026-08-26 16:22:12,202 - INFO - HTTP Request: POST https://api.telegram.org/bot8316746677:AAF1IzRzODBtCvVWrL6dWtw7F8U3qb4DwXM/sendMessage "HTTP/1.1 200 OK"
2026-08-26 16:22:12,203 - INFO - ✅ پیام 1 از 1 ارسال شد
2026-08-26 16:22:13,205 - INFO - ==================================================
2026-08-26 16:22:13,205 - INFO - 🏁 اجرای ربات با موفقیت به پایان رسید
2026-08-26 16:30:32,883 - INFO - ==================================================
2026-08-26 16:30:32,883 - INFO - 🚀 شروع اجرای ربات
2026-08-26 16:30:32,883 - INFO - 📥 بخش ۱: دریافت ۱۰۰ کانفیگ آخر برای فایل JSON...
2026-08-26 16:30:32,883 - INFO - 📡 دریافت کانفیگ‌ها از https://t.me/s/ConfigsHUB برای فایل JSON
2026-08-26 16:30:33,397 - INFO - ✅ 11 کانفیگ از صفحه دریافت شد
2026-08-26 16:30:33,398 - INFO - 📊 از https://t.me/s/ConfigsHUB: 11 کانفیگ دریافت شد
2026-08-26 16:30:33,398 - INFO - 🔄 بعد از حذف تکراری: 7 کانفیگ برای JSON
2026-08-26 16:30:33,399 - WARNING - ⚠️ تعداد کانفیگ‌ها به 100 رسید (با None پر شد)
2026-08-26 16:30:33,399 - INFO - ✅ دقیقاً 100 کانفیگ در configs.json ذخیره شد
2026-08-26 16:30:33,399 - INFO - ✅ فایل configs.json با 7 کانفیگ واقعی به‌روز شد
2026-08-26 16:30:33,399 - INFO - 📝 نمونه کانفیگ اول: vless://687ba30b-840f-4578-8f51-be41787c9f6a@104.2...
2026-08-26 16:30:33,399 - INFO - 📤 بخش ۲: دریافت کانفیگ‌های جدید برای ارسال به کانال...
2026-08-26 16:30:33,399 - INFO - 📡 دریافت پست‌ها از https://t.me/s/ConfigsHUB برای ارسال به کانال
2026-08-26 16:30:33,794 - INFO - ✅ 20 پست دریافت شد
2026-08-26 16:30:33,796 - INFO - 💾 وضعیت به‌روز شد: ConfigsHUB/2014468
2026-08-26 16:30:33,796 - INFO - 📊 از https://t.me/s/ConfigsHUB: 11 کانفیگ جدید پیدا شد
2026-08-26 16:30:33,796 - INFO - 📊 تعداد کل کانفیگ‌های جدید: 11
2026-08-26 16:30:33,796 - INFO - 📤 ارسال 7 کانفیگ به کانال
2026-08-26 16:30:34,293 - INFO - HTTP Request: POST https://api.telegram.org/bot8316746677:AAF1IzRzODBtCvVWrL6dWtw7F8U3qb4DwXM/sendMessage "HTTP/1.1 200 OK"
2026-08-26 16:30:34,294 - INFO - ✅ پیام 1 از 1 ارسال شد
2026-08-26 16:30:35,296 - INFO - ==================================================
2026-08-26 16:30:35,296 - INFO - 🏁 اجرای ربات با موفقیت به پایان رسید
2026-08-26 17:30:36,441 - INFO - ==================================================
2026-08-26 17:30:36,441 - INFO - 🚀 شروع اجرای ربات
2026-08-26 17:30:36,441 - INFO - 📥 بخش ۱: دریافت ۱۰۰ کانفیگ آخر برای فایل JSON...
2026-08-26 17:30:36,441 - INFO - 📡 دریافت کانفیگ‌ها از https://t.me/s/ConfigsHUB برای فایل JSON
2026-08-26 17:30:37,011 - INFO - ✅ 11 کانفیگ از صفحه دریافت شد
2026-08-26 17:30:37,012 - INFO - 📊 از https://t.me/s/ConfigsHUB: 11 کانفیگ دریافت شد
2026-08-26 17:30:37,012 - INFO - 🔄 بعد از حذف تکراری: 11 کانفیگ برای JSON
2026-08-26 17:30:37,012 - WARNING - ⚠️ تعداد کانفیگ‌ها به 100 رسید (با None پر شد)
2026-08-26 17:30:37,013 - INFO - ✅ دقیقاً 100 کانفیگ در configs.json ذخیره شد
2026-08-26 17:30:37,013 - INFO - ✅ فایل configs.json با 11 کانفیگ واقعی به‌روز شد
2026-08-26 17:30:37,013 - INFO - 📝 نمونه کانفیگ اول: vless://83afd88f-200f-4d89-bfc7-66eff160c1d8@104.1...
2026-08-26 17:30:37,013 - INFO - 📤 بخش ۲: دریافت کانفیگ‌های جدید برای ارسال به کانال...
2026-08-26 17:30:37,013 - INFO - 📡 دریافت پست‌ها از https://t.me/s/ConfigsHUB برای ارسال به کانال
2026-08-26 17:30:37,481 - INFO - ✅ 20 پست دریافت شد
2026-08-26 17:30:37,482 - INFO - 💾 وضعیت به‌روز شد: ConfigsHUB/2014672
2026-08-26 17:30:37,482 - INFO - 📊 از https://t.me/s/ConfigsHUB: 11 کانفیگ جدید پیدا شد
2026-08-26 17:30:37,482 - INFO - 📊 تعداد کل کانفیگ‌های جدید: 11
2026-08-26 17:30:37,482 - INFO - 📤 ارسال 10 کانفیگ به کانال
2026-08-26 17:30:38,345 - INFO - HTTP Request: POST https://api.telegram.org/bot8316746677:AAF1IzRzODBtCvVWrL6dWtw7F8U3qb4DwXM/sendMessage "HTTP/1.1 200 OK"
2026-08-26 17:30:38,346 - INFO - ✅ پیام 1 از 1 ارسال شد
2026-08-26 17:30:39,347 - INFO - ==================================================
2026-08-26 17:30:39,347 - INFO - 🏁 اجرای ربات با موفقیت به پایان رسید
2026-08-26 18:30:30,597 - INFO - ==================================================
2026-08-26 18:30:30,597 - INFO - 🚀 شروع اجرای ربات
2026-08-26 18:30:30,597 - INFO - 📥 بخش ۱: دریافت ۱۰۰ کانفیگ آخر برای فایل JSON...
2026-08-26 18:30:30,597 - INFO - 📡 دریافت کانفیگ‌ها از https://t.me/s/ConfigsHUB برای فایل JSON
2026-08-26 18:30:31,300 - INFO - ✅ 18 کانفیگ از صفحه دریافت شد
2026-08-26 18:30:31,301 - INFO - 📊 از https://t.me/s/ConfigsHUB: 18 کانفیگ دریافت شد
2026-08-26 18:30:31,301 - INFO - 🔄 بعد از حذف تکراری: 16 کانفیگ برای JSON
2026-08-26 18:30:31,302 - WARNING - ⚠️ تعداد کانفیگ‌ها به 100 رسید (با None پر شد)
2026-08-26 18:30:31,302 - INFO - ✅ دقیقاً 100 کانفیگ در configs.json ذخیره شد
2026-08-26 18:30:31,302 - INFO - ✅ فایل configs.json با 16 کانفیگ واقعی به‌روز شد
2026-08-26 18:30:31,302 - INFO - 📝 نمونه کانفیگ اول: vless://3f20e648-9e98-40e0-723c-51a9596459c6@69.46...
2026-08-26 18:30:31,302 - INFO - 📤 بخش ۲: دریافت کانفیگ‌های جدید برای ارسال به کانال...
2026-08-26 18:30:31,302 - INFO - 📡 دریافت پست‌ها از https://t.me/s/ConfigsHUB برای ارسال به کانال
2026-08-26 18:30:31,935 - INFO - ✅ 20 پست دریافت شد
2026-08-26 18:30:31,937 - INFO - 💾 وضعیت به‌روز شد: ConfigsHUB/2014853
2026-08-26 18:30:31,937 - INFO - 📊 از https://t.me/s/ConfigsHUB: 18 کانفیگ جدید پیدا شد
2026-08-26 18:30:31,937 - INFO - 📊 تعداد کل کانفیگ‌های جدید: 18
2026-08-26 18:30:31,937 - INFO - 📤 ارسال 10 کانفیگ به کانال
2026-08-26 18:30:32,552 - INFO - HTTP Request: POST https://api.telegram.org/bot8316746677:AAF1IzRzODBtCvVWrL6dWtw7F8U3qb4DwXM/sendMessage "HTTP/1.1 200 OK"
2026-08-26 18:30:32,553 - INFO - ✅ پیام 1 از 1 ارسال شد
2026-08-26 18:30:33,555 - INFO - ==================================================
2026-08-26 18:30:33,555 - INFO - 🏁 اجرای ربات با موفقیت به پایان رسید
2026-08-26 19:06:16,527 - INFO - ==================================================
2026-08-26 19:06:16,528 - INFO - 🚀 شروع اجرای ربات
2026-08-26 19:06:16,528 - INFO - 📥 بخش ۱: دریافت ۱۰۰ کانفیگ آخر برای فایل JSON...
2026-08-26 19:06:16,528 - INFO - 📡 دریافت کانفیگ‌ها از https://t.me/s/ConfigsHUB برای فایل JSON
2026-08-26 19:06:16,985 - INFO - ✅ 19 کانفیگ از صفحه دریافت شد
2026-08-26 19:06:16,987 - INFO - 📊 از https://t.me/s/ConfigsHUB: 19 کانفیگ دریافت شد
2026-08-26 19:06:16,987 - INFO - 🔄 بعد از حذف تکراری: 12 کانفیگ برای JSON
2026-08-26 19:06:16,987 - WARNING - ⚠️ تعداد کانفیگ‌ها به 100 رسید (با None پر شد)
2026-08-26 19:06:16,988 - INFO - ✅ دقیقاً 100 کانفیگ در configs.json ذخیره شد
2026-08-26 19:06:16,988 - INFO - ✅ فایل configs.json با 12 کانفیگ واقعی به‌روز شد
2026-08-26 19:06:16,988 - INFO - 📝 نمونه کانفیگ اول: vless://53ffd172-de4c-002f-aa77-1a6830a36cf8@84.38...
2026-08-26 19:06:16,988 - INFO - 📤 بخش ۲: دریافت کانفیگ‌های جدید برای ارسال به کانال...
2026-08-26 19:06:16,988 - INFO - 📡 دریافت پست‌ها از https://t.me/s/ConfigsHUB برای ارسال به کانال
2026-08-26 19:06:17,422 - INFO - ✅ 20 پست دریافت شد
2026-08-26 19:06:17,423 - INFO - 💾 وضعیت به‌روز شد: ConfigsHUB/2015058
2026-08-26 19:06:17,423 - INFO - 📊 از https://t.me/s/ConfigsHUB: 19 کانفیگ جدید پیدا شد
2026-08-26 19:06:17,424 - INFO - 📊 تعداد کل کانفیگ‌های جدید: 19
2026-08-26 19:06:17,424 - INFO - 📤 ارسال 10 کانفیگ به کانال
2026-08-26 19:06:18,016 - INFO - HTTP Request: POST https://api.telegram.org/bot8316746677:AAF1IzRzODBtCvVWrL6dWtw7F8U3qb4DwXM/sendMessage "HTTP/1.1 200 OK"
2026-08-26 19:06:18,017 - INFO - ✅ پیام 1 از 1 ارسال شد
2026-08-26 19:06:19,018 - INFO - ==================================================
2026-08-26 19:06:19,018 - INFO - 🏁 اجرای ربات با موفقیت به پایان رسید
2026-08-26 19:30:33,009 - INFO - ==================================================
2026-08-26 19:30:33,009 - INFO - 🚀 شروع اجرای ربات
2026-08-26 19:30:33,009 - INFO - 📥 بخش ۱: دریافت ۱۰۰ کانفیگ آخر برای فایل JSON...
2026-08-26 19:30:33,009 - INFO - 📡 دریافت کانفیگ‌ها از https://t.me/s/ConfigsHUB برای فایل JSON
2026-08-26 19:30:33,513 - INFO - ✅ 18 کانفیگ از صفحه دریافت شد
2026-08-26 19:30:33,514 - INFO - 📊 از https://t.me/s/ConfigsHUB: 18 کانفیگ دریافت شد
2026-08-26 19:30:33,514 - INFO - 🔄 بعد از حذف تکراری: 17 کانفیگ برای JSON
2026-08-26 19:30:33,514 - WARNING - ⚠️ تعداد کانفیگ‌ها به 100 رسید (با None پر شد)
2026-08-26 19:30:33,514 - INFO - ✅ دقیقاً 100 کانفیگ در configs.json ذخیره شد
2026-08-26 19:30:33,515 - INFO - ✅ فایل configs.json با 17 کانفیگ واقعی به‌روز شد
2026-08-26 19:30:33,515 - INFO - 📝 نمونه کانفیگ اول: vless://bc384878-f259-4558-97eb-ca3d0d365474@fr.ir...
2026-08-26 19:30:33,515 - INFO - 📤 بخش ۲: دریافت کانفیگ‌های جدید برای ارسال به کانال...
2026-08-26 19:30:33,515 - INFO - 📡 دریافت پست‌ها از https://t.me/s/ConfigsHUB برای ارسال به کانال
2026-08-26 19:30:34,066 - INFO - ✅ 20 پست دریافت شد
2026-08-26 19:30:34,068 - INFO - 💾 وضعیت به‌روز شد: ConfigsHUB/2015120
2026-08-26 19:30:34,068 - INFO - 📊 از https://t.me/s/ConfigsHUB: 18 کانفیگ جدید پیدا شد
2026-08-26 19:30:34,068 - INFO - 📊 تعداد کل کانفیگ‌های جدید: 18
2026-08-26 19:30:34,068 - INFO - 📤 ارسال 10 کانفیگ به کانال
2026-08-26 19:30:34,606 - INFO - HTTP Request: POST https://api.telegram.org/bot8316746677:AAF1IzRzODBtCvVWrL6dWtw7F8U3qb4DwXM/sendMessage "HTTP/1.1 200 OK"
2026-08-26 19:30:34,607 - INFO - ✅ پیام 1 از 1 ارسال شد
2026-08-26 19:30:35,608 - INFO - ==================================================
2026-08-26 19:30:35,608 - INFO - 🏁 اجرای ربات با موفقیت به پایان رسید
2026-08-26 20:30:33,656 - INFO - ==================================================
2026-08-26 20:30:33,656 - INFO - 🚀 شروع اجرای ربات
2026-08-26 20:30:33,656 - INFO - 📥 بخش ۱: دریافت ۱۰۰ کانفیگ آخر برای فایل JSON...
2026-08-26 20:30:33,656 - INFO - 📡 دریافت کانفیگ‌ها از https://t.me/s/ConfigsHUB برای فایل JSON
2026-08-26 20:30:34,324 - INFO - ✅ 15 کانفیگ از صفحه دریافت شد
2026-08-26 20:30:34,325 - INFO - 📊 از https://t.me/s/ConfigsHUB: 15 کانفیگ دریافت شد
2026-08-26 20:30:34,326 - INFO - 🔄 بعد از حذف تکراری: 15 کانفیگ برای JSON
2026-08-26 20:30:34,326 - WARNING - ⚠️ تعداد کانفیگ‌ها به 100 رسید (با None پر شد)
2026-08-26 20:30:34,326 - INFO - ✅ دقیقاً 100 کانفیگ در configs.json ذخیره شد
2026-08-26 20:30:34,326 - INFO - ✅ فایل configs.json با 15 کانفیگ واقعی به‌روز شد
2026-08-26 20:30:34,326 - INFO - 📝 نمونه کانفیگ اول: vless://53ffd172-de4c-0037-aa77-1a6830a36cf8@95.14...
2026-08-26 20:30:34,326 - INFO - 📤 بخش ۲: دریافت کانفیگ‌های جدید برای ارسال به کانال...
2026-08-26 20:30:34,326 - INFO - 📡 دریافت پست‌ها از https://t.me/s/ConfigsHUB برای ارسال به کانال
2026-08-26 20:30:34,857 - INFO - ✅ 20 پست دریافت شد
2026-08-26 20:30:34,858 - INFO - 💾 وضعیت به‌روز شد: ConfigsHUB/2015403
2026-08-26 20:30:34,858 - INFO - 📊 از https://t.me/s/ConfigsHUB: 15 کانفیگ جدید پیدا شد
2026-08-26 20:30:34,858 - INFO - 📊 تعداد کل کانفیگ‌های جدید: 15
2026-08-26 20:30:34,858 - INFO - 📤 ارسال 10 کانفیگ به کانال
2026-08-26 20:30:35,664 - INFO - HTTP Request: POST https://api.telegram.org/bot8316746677:AAF1IzRzODBtCvVWrL6dWtw7F8U3qb4DwXM/sendMessage "HTTP/1.1 200 OK"
2026-08-26 20:30:35,664 - INFO - ✅ پیام 1 از 1 ارسال شد
2026-08-26 20:30:36,666 - INFO - ==================================================
2026-08-26 20:30:36,666 - INFO - 🏁 اجرای ربات با موفقیت به پایان رسید
2026-08-26 21:30:30,970 - INFO - ==================================================
2026-08-26 21:30:30,970 - INFO - 🚀 شروع اجرای ربات
2026-08-26 21:30:30,971 - INFO - 📥 بخش ۱: دریافت ۱۰۰ کانفیگ آخر برای فایل JSON...
2026-08-26 21:30:30,971 - INFO - 📡 دریافت کانفیگ‌ها از https://t.me/s/ConfigsHUB برای فایل JSON
2026-08-26 21:30:31,493 - INFO - ✅ 12 کانفیگ از صفحه دریافت شد
2026-08-26 21:30:31,494 - INFO - 📊 از https://t.me/s/ConfigsHUB: 12 کانفیگ دریافت شد
2026-08-26 21:30:31,494 - INFO - 🔄 بعد از حذف تکراری: 12 کانفیگ برای JSON
2026-08-26 21:30:31,494 - WARNING - ⚠️ تعداد کانفیگ‌ها به 100 رسید (با None پر شد)
2026-08-26 21:30:31,495 - INFO - ✅ دقیقاً 100 کانفیگ در configs.json ذخیره شد
2026-08-26 21:30:31,495 - INFO - ✅ فایل configs.json با 12 کانفیگ واقعی به‌روز شد
2026-08-26 21:30:31,495 - INFO - 📝 نمونه کانفیگ اول: vless://aebf0af6-7890-45ec-adf9-e6f502f2303e@178.1...
2026-08-26 21:30:31,495 - INFO - 📤 بخش ۲: دریافت کانفیگ‌های جدید برای ارسال به کانال...
2026-08-26 21:30:31,495 - INFO - 📡 دریافت پست‌ها از https://t.me/s/ConfigsHUB برای ارسال به کانال
2026-08-26 21:30:31,972 - INFO - ✅ 20 پست دریافت شد
2026-08-26 21:30:31,973 - INFO - 💾 وضعیت به‌روز شد: ConfigsHUB/2015592
2026-08-26 21:30:31,973 - INFO - 📊 از https://t.me/s/ConfigsHUB: 12 کانفیگ جدید پیدا شد
2026-08-26 21:30:31,973 - INFO - 📊 تعداد کل کانفیگ‌های جدید: 12
2026-08-26 21:30:31,973 - INFO - 📤 ارسال 10 کانفیگ به کانال
2026-08-26 21:30:32,523 - INFO - HTTP Request: POST https://api.telegram.org/bot8316746677:AAF1IzRzODBtCvVWrL6dWtw7F8U3qb4DwXM/sendMessage "HTTP/1.1 200 OK"
2026-08-26 21:30:32,524 - INFO - ✅ پیام 1 از 1 ارسال شد
2026-08-26 21:30:33,525 - INFO - ==================================================
2026-08-26 21:30:33,526 - INFO - 🏁 اجرای ربات با موفقیت به پایان رسید
2026-08-26 22:30:30,920 - INFO - ==================================================
2026-08-26 22:30:30,920 - INFO - 🚀 شروع اجرای ربات
2026-08-26 22:30:30,921 - INFO - 📥 بخش ۱: دریافت ۱۰۰ کانفیگ آخر برای فایل JSON...
2026-08-26 22:30:30,921 - INFO - 📡 دریافت کانفیگ‌ها از https://t.me/s/ConfigsHUB برای فایل JSON
2026-08-26 22:30:31,650 - INFO - ✅ 10 کانفیگ از صفحه دریافت شد
2026-08-26 22:30:31,652 - INFO - 📊 از https://t.me/s/ConfigsHUB: 10 کانفیگ دریافت شد
2026-08-26 22:30:31,652 - INFO - 🔄 بعد از حذف تکراری: 9 کانفیگ برای JSON
2026-08-26 22:30:31,652 - WARNING - ⚠️ تعداد کانفیگ‌ها به 100 رسید (با None پر شد)
2026-08-26 22:30:31,653 - INFO - ✅ دقیقاً 100 کانفیگ در configs.json ذخیره شد
2026-08-26 22:30:31,653 - INFO - ✅ فایل configs.json با 9 کانفیگ واقعی به‌روز شد
2026-08-26 22:30:31,653 - INFO - 📝 نمونه کانفیگ اول: vless://11af1c47-865a-47c6-92ff-118013655d78@91.10...
2026-08-26 22:30:31,653 - INFO - 📤 بخش ۲: دریافت کانفیگ‌های جدید برای ارسال به کانال...
2026-08-26 22:30:31,653 - INFO - 📡 دریافت پست‌ها از https://t.me/s/ConfigsHUB برای ارسال به کانال
2026-08-26 22:30:32,298 - INFO - ✅ 20 پست دریافت شد
2026-08-26 22:30:32,300 - INFO - 💾 وضعیت به‌روز شد: ConfigsHUB/2015717
2026-08-26 22:30:32,300 - INFO - 📊 از https://t.me/s/ConfigsHUB: 10 کانفیگ جدید پیدا شد
2026-08-26 22:30:32,300 - INFO - 📊 تعداد کل کانفیگ‌های جدید: 10
2026-08-26 22:30:32,300 - INFO - 📤 ارسال 9 کانفیگ به کانال
2026-08-26 22:30:33,015 - INFO - HTTP Request: POST https://api.telegram.org/bot8316746677:AAF1IzRzODBtCvVWrL6dWtw7F8U3qb4DwXM/sendMessage "HTTP/1.1 200 OK"
2026-08-26 22:30:33,016 - INFO - ✅ پیام 1 از 1 ارسال شد
2026-08-26 22:30:34,018 - INFO - ==================================================
2026-08-26 22:30:34,018 - INFO - 🏁 اجرای ربات با موفقیت به پایان رسید
2026-08-26 22:56:01,608 - INFO - ==================================================
2026-08-26 22:56:01,609 - INFO - 🚀 شروع اجرای ربات
2026-08-26 22:56:01,609 - INFO - 📥 بخش ۱: دریافت ۱۰۰ کانفیگ آخر برای فایل JSON...
2026-08-26 22:56:01,609 - INFO - 📡 دریافت کانفیگ‌ها از https://t.me/s/ConfigsHUB برای فایل JSON
2026-08-26 22:56:02,283 - INFO - ✅ 11 کانفیگ از صفحه دریافت شد
2026-08-26 22:56:02,284 - INFO - 📊 از https://t.me/s/ConfigsHUB: 11 کانفیگ دریافت شد
2026-08-26 22:56:02,284 - INFO - 🔄 بعد از حذف تکراری: 9 کانفیگ برای JSON
2026-08-26 22:56:02,284 - WARNING - ⚠️ تعداد کانفیگ‌ها به 100 رسید (با None پر شد)
2026-08-26 22:56:02,285 - INFO - ✅ دقیقاً 100 کانفیگ در configs.json ذخیره شد
2026-08-26 22:56:02,285 - INFO - ✅ فایل configs.json با 9 کانفیگ واقعی به‌روز شد
2026-08-26 22:56:02,285 - INFO - 📝 نمونه کانفیگ اول: vless://055a1ce8-2a16-4a0d-a2c2-22826c9b2413@47.25...
2026-08-26 22:56:02,285 - INFO - 📤 بخش ۲: دریافت کانفیگ‌های جدید برای ارسال به کانال...
2026-08-26 22:56:02,285 - INFO - 📡 دریافت پست‌ها از https://t.me/s/ConfigsHUB برای ارسال به کانال
2026-08-26 22:56:02,854 - INFO - ✅ 20 پست دریافت شد
2026-08-26 22:56:02,856 - INFO - 💾 وضعیت به‌روز شد: ConfigsHUB/2015779
2026-08-26 22:56:02,856 - INFO - 📊 از https://t.me/s/ConfigsHUB: 11 کانفیگ جدید پیدا شد
2026-08-26 22:56:02,856 - INFO - 📊 تعداد کل کانفیگ‌های جدید: 11
2026-08-26 22:56:02,856 - INFO - 📤 ارسال 9 کانفیگ به کانال
2026-08-26 22:56:03,629 - INFO - HTTP Request: POST https://api.telegram.org/bot8316746677:AAF1IzRzODBtCvVWrL6dWtw7F8U3qb4DwXM/sendMessage "HTTP/1.1 200 OK"
2026-08-26 22:56:03,630 - INFO - ✅ پیام 1 از 1 ارسال شد
2026-08-26 22:56:04,632 - INFO - ==================================================
2026-08-26 22:56:04,632 - INFO - 🏁 اجرای ربات با موفقیت به پایان رسید
2026-08-26 23:30:31,538 - INFO - ==================================================
2026-08-26 23:30:31,538 - INFO - 🚀 شروع اجرای ربات
2026-08-26 23:30:31,538 - INFO - 📥 بخش ۱: دریافت ۱۰۰ کانفیگ آخر برای فایل JSON...
2026-08-26 23:30:31,538 - INFO - 📡 دریافت کانفیگ‌ها از https://t.me/s/ConfigsHUB برای فایل JSON
2026-08-26 23:30:32,090 - INFO - ✅ 20 کانفیگ از صفحه دریافت شد
2026-08-26 23:30:32,091 - INFO - 📊 از https://t.me/s/ConfigsHUB: 20 کانفیگ دریافت شد
2026-08-26 23:30:32,091 - INFO - 🔄 بعد از حذف تکراری: 13 کانفیگ برای JSON
2026-08-26 23:30:32,091 - WARNING - ⚠️ تعداد کانفیگ‌ها به 100 رسید (با None پر شد)
2026-08-26 23:30:32,092 - INFO - ✅ دقیقاً 100 کانفیگ در configs.json ذخیره شد
2026-08-26 23:30:32,092 - INFO - ✅ فایل configs.json با 13 کانفیگ واقعی به‌روز شد
2026-08-26 23:30:32,092 - INFO - 📝 نمونه کانفیگ اول: vless://6017b67c-5a4b-4299-84c6-909462508790@147.9...
2026-08-26 23:30:32,092 - INFO - 📤 بخش ۲: دریافت کانفیگ‌های جدید برای ارسال به کانال...
2026-08-26 23:30:32,092 - INFO - 📡 دریافت پست‌ها از https://t.me/s/ConfigsHUB برای ارسال به کانال
2026-08-26 23:30:32,588 - INFO - ✅ 20 پست دریافت شد
2026-08-26 23:30:32,589 - INFO - 💾 وضعیت به‌روز شد: ConfigsHUB/2015856
2026-08-26 23:30:32,589 - INFO - 📊 از https://t.me/s/ConfigsHUB: 20 کانفیگ جدید پیدا شد
2026-08-26 23:30:32,589 - INFO - 📊 تعداد کل کانفیگ‌های جدید: 20
2026-08-26 23:30:32,589 - INFO - 📤 ارسال 10 کانفیگ به کانال
2026-08-26 23:30:33,179 - INFO - HTTP Request: POST https://api.telegram.org/bot8316746677:AAF1IzRzODBtCvVWrL6dWtw7F8U3qb4DwXM/sendMessage "HTTP/1.1 200 OK"
2026-08-26 23:30:33,180 - INFO - ✅ پیام 1 از 1 ارسال شد
2026-08-26 23:30:34,181 - INFO - ==================================================
2026-08-26 23:30:34,181 - INFO - 🏁 اجرای ربات با موفقیت به پایان رسید
2026-08-27 00:30:29,581 - INFO - ==================================================
2026-08-27 00:30:29,582 - INFO - 🚀 شروع اجرای ربات
2026-08-27 00:30:29,582 - INFO - 📥 بخش ۱: دریافت ۱۰۰ کانفیگ آخر برای فایل JSON...
2026-08-27 00:30:29,582 - INFO - 📡 دریافت کانفیگ‌ها از https://t.me/s/ConfigsHUB برای فایل JSON
2026-08-27 00:30:30,233 - INFO - ✅ 14 کانفیگ از صفحه دریافت شد
2026-08-27 00:30:30,234 - INFO - 📊 از https://t.me/s/ConfigsHUB: 14 کانفیگ دریافت شد
2026-08-27 00:30:30,234 - INFO - 🔄 بعد از حذف تکراری: 11 کانفیگ برای JSON
2026-08-27 00:30:30,234 - WARNING - ⚠️ تعداد کانفیگ‌ها به 100 رسید (با None پر شد)
2026-08-27 00:30:30,234 - INFO - ✅ دقیقاً 100 کانفیگ در configs.json ذخیره شد
2026-08-27 00:30:30,234 - INFO - ✅ فایل configs.json با 11 کانفیگ واقعی به‌روز شد
2026-08-27 00:30:30,235 - INFO - 📝 نمونه کانفیگ اول: vless://6017b67c-5a4b-4299-84c6-909462508790@147.9...
2026-08-27 00:30:30,235 - INFO - 📤 بخش ۲: دریافت کانفیگ‌های جدید برای ارسال به کانال...
2026-08-27 00:30:30,235 - INFO - 📡 دریافت پست‌ها از https://t.me/s/ConfigsHUB برای ارسال به کانال
2026-08-27 00:30:30,798 - INFO - ✅ 20 پست دریافت شد
2026-08-27 00:30:30,799 - INFO - 💾 وضعیت به‌روز شد: ConfigsHUB/2015969
2026-08-27 00:30:30,799 - INFO - 📊 از https://t.me/s/ConfigsHUB: 14 کانفیگ جدید پیدا شد
2026-08-27 00:30:30,799 - INFO - 📊 تعداد کل کانفیگ‌های جدید: 14
2026-08-27 00:30:30,799 - INFO - 📤 ارسال 10 کانفیگ به کانال
2026-08-27 00:30:31,454 - INFO - HTTP Request: POST https://api.telegram.org/bot8316746677:AAF1IzRzODBtCvVWrL6dWtw7F8U3qb4DwXM/sendMessage "HTTP/1.1 200 OK"
2026-08-27 00:30:31,455 - INFO - ✅ پیام 1 از 1 ارسال شد
2026-08-27 00:30:32,456 - INFO - ==================================================
2026-08-27 00:30:32,456 - INFO - 🏁 اجرای ربات با موفقیت به پایان رسید
2026-08-27 01:30:33,349 - INFO - ==================================================
2026-08-27 01:30:33,349 - INFO - 🚀 شروع اجرای ربات
2026-08-27 01:30:33,349 - INFO - 📥 بخش ۱: دریافت ۱۰۰ کانفیگ آخر برای فایل JSON...
2026-08-27 01:30:33,349 - INFO - 📡 دریافت کانفیگ‌ها از https://t.me/s/ConfigsHUB برای فایل JSON
2026-08-27 01:30:33,875 - INFO - ✅ 11 کانفیگ از صفحه دریافت شد
2026-08-27 01:30:33,876 - INFO - 📊 از https://t.me/s/ConfigsHUB: 11 کانفیگ دریافت شد
2026-08-27 01:30:33,877 - INFO - 🔄 بعد از حذف تکراری: 11 کانفیگ برای JSON
2026-08-27 01:30:33,877 - WARNING - ⚠️ تعداد کانفیگ‌ها به 100 رسید (با None پر شد)
2026-08-27 01:30:33,877 - INFO - ✅ دقیقاً 100 کانفیگ در configs.json ذخیره شد
2026-08-27 01:30:33,877 - INFO - ✅ فایل configs.json با 11 کانفیگ واقعی به‌روز شد
2026-08-27 01:30:33,877 - INFO - 📝 نمونه کانفیگ اول: vless://255386a8-aec5-4425-bfe7-ca49b7448deb@5.255...
2026-08-27 01:30:33,877 - INFO - 📤 بخش ۲: دریافت کانفیگ‌های جدید برای ارسال به کانال...
2026-08-27 01:30:33,877 - INFO - 📡 دریافت پست‌ها از https://t.me/s/ConfigsHUB برای ارسال به کانال
2026-08-27 01:30:34,318 - INFO - ✅ 20 پست دریافت شد
2026-08-27 01:30:34,319 - INFO - 💾 وضعیت به‌روز شد: ConfigsHUB/2016066
2026-08-27 01:30:34,320 - INFO - 📊 از https://t.me/s/ConfigsHUB: 11 کانفیگ جدید پیدا شد
2026-08-27 01:30:34,320 - INFO - 📊 تعداد کل کانفیگ‌های جدید: 11
2026-08-27 01:30:34,320 - INFO - 📤 ارسال 10 کانفیگ به کانال
2026-08-27 01:30:34,852 - INFO - HTTP Request: POST https://api.telegram.org/bot8316746677:AAF1IzRzODBtCvVWrL6dWtw7F8U3qb4DwXM/sendMessage "HTTP/1.1 200 OK"
2026-08-27 01:30:34,853 - INFO - ✅ پیام 1 از 1 ارسال شد
2026-08-27 01:30:35,854 - INFO - ==================================================
2026-08-27 01:30:35,855 - INFO - 🏁 اجرای ربات با موفقیت به پایان رسید
2026-08-27 02:30:28,850 - INFO - ==================================================
2026-08-27 02:30:28,850 - INFO - 🚀 شروع اجرای ربات
2026-08-27 02:30:28,850 - INFO - 📥 بخش ۱: دریافت ۱۰۰ کانفیگ آخر برای فایل JSON...
2026-08-27 02:30:28,850 - INFO - 📡 دریافت کانفیگ‌ها از https://t.me/s/ConfigsHUB برای فایل JSON
2026-08-27 02:30:29,321 - INFO - ✅ 12 کانفیگ از صفحه دریافت شد
2026-08-27 02:30:29,322 - INFO - 📊 از https://t.me/s/ConfigsHUB: 12 کانفیگ دریافت شد
2026-08-27 02:30:29,323 - INFO - 🔄 بعد از حذف تکراری: 12 کانفیگ برای JSON
2026-08-27 02:30:29,323 - WARNING - ⚠️ تعداد کانفیگ‌ها به 100 رسید (با None پر شد)
2026-08-27 02:30:29,323 - INFO - ✅ دقیقاً 100 کانفیگ در configs.json ذخیره شد
2026-08-27 02:30:29,323 - INFO - ✅ فایل configs.json با 12 کانفیگ واقعی به‌روز شد
2026-08-27 02:30:29,323 - INFO - 📝 نمونه کانفیگ اول: vless://2f35965a-9a9b-45fd-ba32-987296dfb6be@rs1.u...
2026-08-27 02:30:29,323 - INFO - 📤 بخش ۲: دریافت کانفیگ‌های جدید برای ارسال به کانال...
2026-08-27 02:30:29,323 - INFO - 📡 دریافت پست‌ها از https://t.me/s/ConfigsHUB برای ارسال به کانال
2026-08-27 02:30:29,714 - INFO - ✅ 20 پست دریافت شد
2026-08-27 02:30:29,715 - INFO - 💾 وضعیت به‌روز شد: ConfigsHUB/2016124
2026-08-27 02:30:29,715 - INFO - 📊 از https://t.me/s/ConfigsHUB: 12 کانفیگ جدید پیدا شد
2026-08-27 02:30:29,715 - INFO - 📊 تعداد کل کانفیگ‌های جدید: 12
2026-08-27 02:30:29,715 - INFO - 📤 ارسال 10 کانفیگ به کانال
2026-08-27 02:30:30,175 - INFO - HTTP Request: POST https://api.telegram.org/bot8316746677:AAF1IzRzODBtCvVWrL6dWtw7F8U3qb4DwXM/sendMessage "HTTP/1.1 200 OK"
2026-08-27 02:30:30,176 - INFO - ✅ پیام 1 از 1 ارسال شد
2026-08-27 02:30:31,177 - INFO - ==================================================
2026-08-27 02:30:31,178 - INFO - 🏁 اجرای ربات با موفقیت به پایان رسید
2026-08-27 03:30:29,648 - INFO - ==================================================
2026-08-27 03:30:29,648 - INFO - 🚀 شروع اجرای ربات
2026-08-27 03:30:29,648 - INFO - 📥 بخش ۱: دریافت ۱۰۰ کانفیگ آخر برای فایل JSON...
2026-08-27 03:30:29,648 - INFO - 📡 دریافت کانفیگ‌ها از https://t.me/s/ConfigsHUB برای فایل JSON
2026-08-27 03:30:30,237 - INFO - ✅ 13 کانفیگ از صفحه دریافت شد
2026-08-27 03:30:30,238 - INFO - 📊 از https://t.me/s/ConfigsHUB: 13 کانفیگ دریافت شد
2026-08-27 03:30:30,238 - INFO - 🔄 بعد از حذف تکراری: 13 کانفیگ برای JSON
2026-08-27 03:30:30,238 - WARNING - ⚠️ تعداد کانفیگ‌ها به 100 رسید (با None پر شد)
2026-08-27 03:30:30,238 - INFO - ✅ دقیقاً 100 کانفیگ در configs.json ذخیره شد
2026-08-27 03:30:30,238 - INFO - ✅ فایل configs.json با 13 کانفیگ واقعی به‌روز شد
2026-08-27 03:30:30,238 - INFO - 📝 نمونه کانفیگ اول: vless://14b59caf-a196-4ec2-8c70-c7b388062f5b@91.19...
2026-08-27 03:30:30,238 - INFO - 📤 بخش ۲: دریافت کانفیگ‌های جدید برای ارسال به کانال...
2026-08-27 03:30:30,238 - INFO - 📡 دریافت پست‌ها از https://t.me/s/ConfigsHUB برای ارسال به کانال
2026-08-27 03:30:30,693 - INFO - ✅ 20 پست دریافت شد
2026-08-27 03:30:30,694 - INFO - 💾 وضعیت به‌روز شد: ConfigsHUB/2016202
2026-08-27 03:30:30,694 - INFO - 📊 از https://t.me/s/ConfigsHUB: 13 کانفیگ جدید پیدا شد
2026-08-27 03:30:30,694 - INFO - 📊 تعداد کل کانفیگ‌های جدید: 13
2026-08-27 03:30:30,694 - INFO - 📤 ارسال 10 کانفیگ به کانال
2026-08-27 03:30:31,204 - INFO - HTTP Request: POST https://api.telegram.org/bot8316746677:AAF1IzRzODBtCvVWrL6dWtw7F8U3qb4DwXM/sendMessage "HTTP/1.1 200 OK"
2026-08-27 03:30:31,204 - INFO - ✅ پیام 1 از 1 ارسال شد
2026-08-27 03:30:32,206 - INFO - ==================================================
2026-08-27 03:30:32,206 - INFO - 🏁 اجرای ربات با موفقیت به پایان رسید
2026-08-27 04:27:26,717 - INFO - ==================================================
2026-08-27 04:27:26,718 - INFO - 🚀 شروع اجرای ربات
2026-08-27 04:27:26,718 - INFO - 📥 بخش ۱: دریافت ۱۰۰ کانفیگ آخر برای فایل JSON...
2026-08-27 04:27:26,718 - INFO - 📡 دریافت کانفیگ‌ها از https://t.me/s/ConfigsHUB برای فایل JSON
2026-08-27 04:27:27,225 - INFO - ✅ 14 کانفیگ از صفحه دریافت شد
2026-08-27 04:27:27,226 - INFO - 📊 از https://t.me/s/ConfigsHUB: 14 کانفیگ دریافت شد
2026-08-27 04:27:27,227 - INFO - 🔄 بعد از حذف تکراری: 13 کانفیگ برای JSON
2026-08-27 04:27:27,227 - WARNING - ⚠️ تعداد کانفیگ‌ها به 100 رسید (با None پر شد)
2026-08-27 04:27:27,227 - INFO - ✅ دقیقاً 100 کانفیگ در configs.json ذخیره شد
2026-08-27 04:27:27,227 - INFO - ✅ فایل configs.json با 13 کانفیگ واقعی به‌روز شد
2026-08-27 04:27:27,227 - INFO - 📝 نمونه کانفیگ اول: vless://eb0c4e16-8eab-44c0-b81e-403fb63d2942@162.1...
2026-08-27 04:27:27,227 - INFO - 📤 بخش ۲: دریافت کانفیگ‌های جدید برای ارسال به کانال...
2026-08-27 04:27:27,228 - INFO - 📡 دریافت پست‌ها از https://t.me/s/ConfigsHUB برای ارسال به کانال
2026-08-27 04:27:27,652 - INFO - ✅ 20 پست دریافت شد
2026-08-27 04:27:27,653 - INFO - 💾 وضعیت به‌روز شد: ConfigsHUB/2016273
2026-08-27 04:27:27,653 - INFO - 📊 از https://t.me/s/ConfigsHUB: 14 کانفیگ جدید پیدا شد
2026-08-27 04:27:27,653 - INFO - 📊 تعداد کل کانفیگ‌های جدید: 14
2026-08-27 04:27:27,653 - INFO - 📤 ارسال 10 کانفیگ به کانال
2026-08-27 04:27:28,176 - INFO - HTTP Request: POST https://api.telegram.org/bot8316746677:AAF1IzRzODBtCvVWrL6dWtw7F8U3qb4DwXM/sendMessage "HTTP/1.1 200 OK"
2026-08-27 04:27:28,177 - INFO - ✅ پیام 1 از 1 ارسال شد
2026-08-27 04:27:29,179 - INFO - ==================================================
2026-08-27 04:27:29,179 - INFO - 🏁 اجرای ربات با موفقیت به پایان رسید
2026-08-27 04:30:30,130 - INFO - ==================================================
2026-08-27 04:30:30,131 - INFO - 🚀 شروع اجرای ربات
2026-08-27 04:30:30,131 - INFO - 📥 بخش ۱: دریافت ۱۰۰ کانفیگ آخر برای فایل JSON...
2026-08-27 04:30:30,131 - INFO - 📡 دریافت کانفیگ‌ها از https://t.me/s/ConfigsHUB برای فایل JSON
2026-08-27 04:30:30,629 - INFO - ✅ 14 کانفیگ از صفحه دریافت شد
2026-08-27 04:30:30,630 - INFO - 📊 از https://t.me/s/ConfigsHUB: 14 کانفیگ دریافت شد
2026-08-27 04:30:30,630 - INFO - 🔄 بعد از حذف تکراری: 13 کانفیگ برای JSON
2026-08-27 04:30:30,630 - WARNING - ⚠️ تعداد کانفیگ‌ها به 100 رسید (با None پر شد)
2026-08-27 04:30:30,631 - INFO - ✅ دقیقاً 100 کانفیگ در configs.json ذخیره شد
2026-08-27 04:30:30,631 - INFO - ✅ فایل configs.json با 13 کانفیگ واقعی به‌روز شد
2026-08-27 04:30:30,631 - INFO - 📝 نمونه کانفیگ اول: vless://eb0c4e16-8eab-44c0-b81e-403fb63d2942@162.1...
2026-08-27 04:30:30,631 - INFO - 📤 بخش ۲: دریافت کانفیگ‌های جدید برای ارسال به کانال...
2026-08-27 04:30:30,631 - INFO - 📡 دریافت پست‌ها از https://t.me/s/ConfigsHUB برای ارسال به کانال
2026-08-27 04:30:31,024 - INFO - ✅ 20 پست دریافت شد
2026-08-27 04:30:31,025 - INFO - ⏭️ رد کردن پست تکراری: ConfigsHUB/2016273
2026-08-27 04:30:31,025 - INFO - 💾 وضعیت به‌روز شد: ConfigsHUB/2016273
2026-08-27 04:30:31,025 - INFO - 📊 از https://t.me/s/ConfigsHUB: 0 کانفیگ جدید پیدا شد
2026-08-27 04:30:31,025 - INFO - 📊 تعداد کل کانفیگ‌های جدید: 0
2026-08-27 04:30:31,026 - INFO - ℹ️ کانفیگ جدیدی برای ارسال وجود ندارد
2026-08-27 04:30:31,026 - INFO - ==================================================
2026-08-27 04:30:31,026 - INFO - 🏁 اجرای ربات با موفقیت به پایان رسید
2026-08-27 05:30:28,073 - INFO - ==================================================
2026-08-27 05:30:28,073 - INFO - 🚀 شروع اجرای ربات
2026-08-27 05:30:28,073 - INFO - 📥 بخش ۱: دریافت ۱۰۰ کانفیگ آخر برای فایل JSON...
2026-08-27 05:30:28,073 - INFO - 📡 دریافت کانفیگ‌ها از https://t.me/s/ConfigsHUB برای فایل JSON
2026-08-27 05:30:28,568 - INFO - ✅ 14 کانفیگ از صفحه دریافت شد
2026-08-27 05:30:28,568 - INFO - 📊 از https://t.me/s/ConfigsHUB: 14 کانفیگ دریافت شد
2026-08-27 05:30:28,569 - INFO - 🔄 بعد از حذف تکراری: 8 کانفیگ برای JSON
2026-08-27 05:30:28,569 - WARNING - ⚠️ تعداد کانفیگ‌ها به 100 رسید (با None پر شد)
2026-08-27 05:30:28,569 - INFO - ✅ دقیقاً 100 کانفیگ در configs.json ذخیره شد
2026-08-27 05:30:28,569 - INFO - ✅ فایل configs.json با 8 کانفیگ واقعی به‌روز شد
2026-08-27 05:30:28,569 - INFO - 📝 نمونه کانفیگ اول: vless://8e6acce9-8b56-7190-d491-7d84f8189e26@5.181...
2026-08-27 05:30:28,569 - INFO - 📤 بخش ۲: دریافت کانفیگ‌های جدید برای ارسال به کانال...
2026-08-27 05:30:28,570 - INFO - 📡 دریافت پست‌ها از https://t.me/s/ConfigsHUB برای ارسال به کانال
2026-08-27 05:30:29,002 - INFO - ✅ 20 پست دریافت شد
2026-08-27 05:30:29,004 - INFO - 💾 وضعیت به‌روز شد: ConfigsHUB/2016459
2026-08-27 05:30:29,004 - INFO - 📊 از https://t.me/s/ConfigsHUB: 13 کانفیگ جدید پیدا شد
2026-08-27 05:30:29,004 - INFO - 📊 تعداد کل کانفیگ‌های جدید: 13
2026-08-27 05:30:29,004 - INFO - 📤 ارسال 7 کانفیگ به کانال
2026-08-27 05:30:29,520 - INFO - HTTP Request: POST https://api.telegram.org/bot8316746677:AAF1IzRzODBtCvVWrL6dWtw7F8U3qb4DwXM/sendMessage "HTTP/1.1 200 OK"
2026-08-27 05:30:29,521 - INFO - ✅ پیام 1 از 1 ارسال شد
2026-08-27 05:30:30,523 - INFO - ==================================================
2026-08-27 05:30:30,523 - INFO - 🏁 اجرای ربات با موفقیت به پایان رسید
2026-08-27 06:30:28,820 - INFO - ==================================================
2026-08-27 06:30:28,820 - INFO - 🚀 شروع اجرای ربات
2026-08-27 06:30:28,820 - INFO - 📥 بخش ۱: دریافت ۱۰۰ کانفیگ آخر برای فایل JSON...
2026-08-27 06:30:28,820 - INFO - 📡 دریافت کانفیگ‌ها از https://t.me/s/ConfigsHUB برای فایل JSON
2026-08-27 06:30:29,245 - INFO - ✅ 18 کانفیگ از صفحه دریافت شد
2026-08-27 06:30:29,246 - INFO - 📊 از https://t.me/s/ConfigsHUB: 18 کانفیگ دریافت شد
2026-08-27 06:30:29,246 - INFO - 🔄 بعد از حذف تکراری: 11 کانفیگ برای JSON
2026-08-27 06:30:29,247 - WARNING - ⚠️ تعداد کانفیگ‌ها به 100 رسید (با None پر شد)
2026-08-27 06:30:29,247 - INFO - ✅ دقیقاً 100 کانفیگ در configs.json ذخیره شد
2026-08-27 06:30:29,247 - INFO - ✅ فایل configs.json با 11 کانفیگ واقعی به‌روز شد
2026-08-27 06:30:29,247 - INFO - 📝 نمونه کانفیگ اول: trojan://humanity@188.114.97.7:443?path=%2Fassignm...
2026-08-27 06:30:29,247 - INFO - 📤 بخش ۲: دریافت کانفیگ‌های جدید برای ارسال به کانال...
2026-08-27 06:30:29,247 - INFO - 📡 دریافت پست‌ها از https://t.me/s/ConfigsHUB برای ارسال به کانال
2026-08-27 06:30:29,628 - INFO - ✅ 20 پست دریافت شد
2026-08-27 06:30:29,630 - INFO - 💾 وضعیت به‌روز شد: ConfigsHUB/2016697
2026-08-27 06:30:29,630 - INFO - 📊 از https://t.me/s/ConfigsHUB: 18 کانفیگ جدید پیدا شد
2026-08-27 06:30:29,630 - INFO - 📊 تعداد کل کانفیگ‌های جدید: 18
2026-08-27 06:30:29,630 - INFO - 📤 ارسال 10 کانفیگ به کانال
2026-08-27 06:30:30,122 - INFO - HTTP Request: POST https://api.telegram.org/bot8316746677:AAF1IzRzODBtCvVWrL6dWtw7F8U3qb4DwXM/sendMessage "HTTP/1.1 200 OK"
2026-08-27 06:30:30,123 - INFO - ✅ پیام 1 از 1 ارسال شد
2026-08-27 06:30:31,124 - INFO - ==================================================
2026-08-27 06:30:31,124 - INFO - 🏁 اجرای ربات با موفقیت به پایان رسید
2026-08-27 07:30:30,963 - INFO - ==================================================
2026-08-27 07:30:30,963 - INFO - 🚀 شروع اجرای ربات
2026-08-27 07:30:30,963 - INFO - 📥 بخش ۱: دریافت ۱۰۰ کانفیگ آخر برای فایل JSON...
2026-08-27 07:30:30,963 - INFO - 📡 دریافت کانفیگ‌ها از https://t.me/s/ConfigsHUB برای فایل JSON
2026-08-27 07:30:31,506 - INFO - ✅ 17 کانفیگ از صفحه دریافت شد
2026-08-27 07:30:31,507 - INFO - 📊 از https://t.me/s/ConfigsHUB: 17 کانفیگ دریافت شد
2026-08-27 07:30:31,507 - INFO - 🔄 بعد از حذف تکراری: 17 کانفیگ برای JSON
2026-08-27 07:30:31,507 - WARNING - ⚠️ تعداد کانفیگ‌ها به 100 رسید (با None پر شد)
2026-08-27 07:30:31,508 - INFO - ✅ دقیقاً 100 کانفیگ در configs.json ذخیره شد
2026-08-27 07:30:31,508 - INFO - ✅ فایل configs.json با 17 کانفیگ واقعی به‌روز شد
2026-08-27 07:30:31,508 - INFO - 📝 نمونه کانفیگ اول: vless://21b93e91-5bb1-4d6d-9093-1fd09ae06903@172.6...
2026-08-27 07:30:31,508 - INFO - 📤 بخش ۲: دریافت کانفیگ‌های جدید برای ارسال به کانال...
2026-08-27 07:30:31,508 - INFO - 📡 دریافت پست‌ها از https://t.me/s/ConfigsHUB برای ارسال به کانال
2026-08-27 07:30:31,996 - INFO - ✅ 20 پست دریافت شد
2026-08-27 07:30:31,997 - INFO - 💾 وضعیت به‌روز شد: ConfigsHUB/2016929
2026-08-27 07:30:31,998 - INFO - 📊 از https://t.me/s/ConfigsHUB: 17 کانفیگ جدید پیدا شد
2026-08-27 07:30:31,998 - INFO - 📊 تعداد کل کانفیگ‌های جدید: 17
2026-08-27 07:30:31,998 - INFO - 📤 ارسال 10 کانفیگ به کانال
2026-08-27 07:30:32,636 - INFO - HTTP Request: POST https://api.telegram.org/bot8316746677:AAF1IzRzODBtCvVWrL6dWtw7F8U3qb4DwXM/sendMessage "HTTP/1.1 200 OK"
2026-08-27 07:30:32,636 - INFO - ✅ پیام 1 از 1 ارسال شد
2026-08-27 07:30:33,638 - INFO - ==================================================
2026-08-27 07:30:33,638 - INFO - 🏁 اجرای ربات با موفقیت به پایان رسید
2026-08-27 08:30:35,451 - INFO - ==================================================
2026-08-27 08:30:35,451 - INFO - 🚀 شروع اجرای ربات
2026-08-27 08:30:35,451 - INFO - 📥 بخش ۱: دریافت ۱۰۰ کانفیگ آخر برای فایل JSON...
2026-08-27 08:30:35,451 - INFO - 📡 دریافت کانفیگ‌ها از https://t.me/s/ConfigsHUB برای فایل JSON
2026-08-27 08:30:36,131 - INFO - ✅ 15 کانفیگ از صفحه دریافت شد
2026-08-27 08:30:36,132 - INFO - 📊 از https://t.me/s/ConfigsHUB: 15 کانفیگ دریافت شد
2026-08-27 08:30:36,132 - INFO - 🔄 بعد از حذف تکراری: 15 کانفیگ برای JSON
2026-08-27 08:30:36,132 - WARNING - ⚠️ تعداد کانفیگ‌ها به 100 رسید (با None پر شد)
2026-08-27 08:30:36,133 - INFO - ✅ دقیقاً 100 کانفیگ در configs.json ذخیره شد
2026-08-27 08:30:36,133 - INFO - ✅ فایل configs.json با 15 کانفیگ واقعی به‌روز شد
2026-08-27 08:30:36,133 - INFO - 📝 نمونه کانفیگ اول: vless://a704443d-655e-4d9f-8ce6-12eeb17a9a08@tr.al...
2026-08-27 08:30:36,133 - INFO - 📤 بخش ۲: دریافت کانفیگ‌های جدید برای ارسال به کانال...
2026-08-27 08:30:36,133 - INFO - 📡 دریافت پست‌ها از https://t.me/s/ConfigsHUB برای ارسال به کانال
2026-08-27 08:30:36,693 - INFO - ✅ 20 پست دریافت شد
2026-08-27 08:30:36,694 - INFO - 💾 وضعیت به‌روز شد: ConfigsHUB/2017207
2026-08-27 08:30:36,694 - INFO - 📊 از https://t.me/s/ConfigsHUB: 15 کانفیگ جدید پیدا شد
2026-08-27 08:30:36,694 - INFO - 📊 تعداد کل کانفیگ‌های جدید: 15
2026-08-27 08:30:36,694 - INFO - 📤 ارسال 10 کانفیگ به کانال
2026-08-27 08:30:37,343 - INFO - HTTP Request: POST https://api.telegram.org/bot8316746677:AAF1IzRzODBtCvVWrL6dWtw7F8U3qb4DwXM/sendMessage "HTTP/1.1 200 OK"
2026-08-27 08:30:37,344 - INFO - ✅ پیام 1 از 1 ارسال شد
2026-08-27 08:30:38,346 - INFO - ==================================================
2026-08-27 08:30:38,346 - INFO - 🏁 اجرای ربات با موفقیت به پایان رسید
2026-08-27 09:30:29,300 - INFO - ==================================================
2026-08-27 09:30:29,300 - INFO - 🚀 شروع اجرای ربات
2026-08-27 09:30:29,300 - INFO - 📥 بخش ۱: دریافت ۱۰۰ کانفیگ آخر برای فایل JSON...
2026-08-27 09:30:29,300 - INFO - 📡 دریافت کانفیگ‌ها از https://t.me/s/ConfigsHUB برای فایل JSON
2026-08-27 09:30:29,765 - INFO - ✅ 20 کانفیگ از صفحه دریافت شد
2026-08-27 09:30:29,766 - INFO - 📊 از https://t.me/s/ConfigsHUB: 20 کانفیگ دریافت شد
2026-08-27 09:30:29,766 - INFO - 🔄 بعد از حذف تکراری: 20 کانفیگ برای JSON
2026-08-27 09:30:29,766 - WARNING - ⚠️ تعداد کانفیگ‌ها به 100 رسید (با None پر شد)
2026-08-27 09:30:29,766 - INFO - ✅ دقیقاً 100 کانفیگ در configs.json ذخیره شد
2026-08-27 09:30:29,766 - INFO - ✅ فایل configs.json با 20 کانفیگ واقعی به‌روز شد
2026-08-27 09:30:29,767 - INFO - 📝 نمونه کانفیگ اول: vless://d67af820-f54c-48ab-862c-19086357f276@node5...
2026-08-27 09:30:29,767 - INFO - 📤 بخش ۲: دریافت کانفیگ‌های جدید برای ارسال به کانال...
2026-08-27 09:30:29,767 - INFO - 📡 دریافت پست‌ها از https://t.me/s/ConfigsHUB برای ارسال به کانال
2026-08-27 09:30:30,193 - INFO - ✅ 20 پست دریافت شد
2026-08-27 09:30:30,195 - INFO - 💾 وضعیت به‌روز شد: ConfigsHUB/2017446
2026-08-27 09:30:30,195 - INFO - 📊 از https://t.me/s/ConfigsHUB: 20 کانفیگ جدید پیدا شد
2026-08-27 09:30:30,195 - INFO - 📊 تعداد کل کانفیگ‌های جدید: 20
2026-08-27 09:30:30,195 - INFO - 📤 ارسال 10 کانفیگ به کانال
2026-08-27 09:30:30,699 - INFO - HTTP Request: POST https://api.telegram.org/bot8316746677:AAF1IzRzODBtCvVWrL6dWtw7F8U3qb4DwXM/sendMessage "HTTP/1.1 200 OK"
2026-08-27 09:30:30,700 - INFO - ✅ پیام 1 از 1 ارسال شد
2026-08-27 09:30:31,701 - INFO - ==================================================
2026-08-27 09:30:31,702 - INFO - 🏁 اجرای ربات با موفقیت به پایان رسید
2026-08-27 10:30:30,550 - INFO - ==================================================
2026-08-27 10:30:30,550 - INFO - 🚀 شروع اجرای ربات
2026-08-27 10:30:30,550 - INFO - 📥 بخش ۱: دریافت ۱۰۰ کانفیگ آخر برای فایل JSON...
2026-08-27 10:30:30,550 - INFO - 📡 دریافت کانفیگ‌ها از https://t.me/s/ConfigsHUB برای فایل JSON
2026-08-27 10:30:31,072 - INFO - ✅ 12 کانفیگ از صفحه دریافت شد
2026-08-27 10:30:31,072 - INFO - 📊 از https://t.me/s/ConfigsHUB: 12 کانفیگ دریافت شد
2026-08-27 10:30:31,073 - INFO - 🔄 بعد از حذف تکراری: 12 کانفیگ برای JSON
2026-08-27 10:30:31,073 - WARNING - ⚠️ تعداد کانفیگ‌ها به 100 رسید (با None پر شد)
2026-08-27 10:30:31,073 - INFO - ✅ دقیقاً 100 کانفیگ در configs.json ذخیره شد
2026-08-27 10:30:31,073 - INFO - ✅ فایل configs.json با 12 کانفیگ واقعی به‌روز شد
2026-08-27 10:30:31,073 - INFO - 📝 نمونه کانفیگ اول: vless://4e4f1f70-5e56-4a76-bb9d-db087f4690c4@162.1...
2026-08-27 10:30:31,073 - INFO - 📤 بخش ۲: دریافت کانفیگ‌های جدید برای ارسال به کانال...
2026-08-27 10:30:31,073 - INFO - 📡 دریافت پست‌ها از https://t.me/s/ConfigsHUB برای ارسال به کانال
2026-08-27 10:30:31,650 - INFO - ✅ 20 پست دریافت شد
2026-08-27 10:30:31,651 - INFO - 💾 وضعیت به‌روز شد: ConfigsHUB/2017659
2026-08-27 10:30:31,651 - INFO - 📊 از https://t.me/s/ConfigsHUB: 12 کانفیگ جدید پیدا شد
2026-08-27 10:30:31,651 - INFO - 📊 تعداد کل کانفیگ‌های جدید: 12
2026-08-27 10:30:31,651 - INFO - 📤 ارسال 10 کانفیگ به کانال
2026-08-27 10:30:32,229 - INFO - HTTP Request: POST https://api.telegram.org/bot8316746677:AAF1IzRzODBtCvVWrL6dWtw7F8U3qb4DwXM/sendMessage "HTTP/1.1 200 OK"
2026-08-27 10:30:32,230 - INFO - ✅ پیام 1 از 1 ارسال شد
2026-08-27 10:30:33,231 - INFO - ==================================================
2026-08-27 10:30:33,232 - INFO - 🏁 اجرای ربات با موفقیت به پایان رسید
2026-08-27 11:30:29,987 - INFO - ==================================================
2026-08-27 11:30:29,987 - INFO - 🚀 شروع اجرای ربات
2026-08-27 11:30:29,987 - INFO - 📥 بخش ۱: دریافت ۱۰۰ کانفیگ آخر برای فایل JSON...
2026-08-27 11:30:29,987 - INFO - 📡 دریافت کانفیگ‌ها از https://t.me/s/ConfigsHUB برای فایل JSON
2026-08-27 11:30:30,530 - INFO - ✅ 12 کانفیگ از صفحه دریافت شد
2026-08-27 11:30:30,531 - INFO - 📊 از https://t.me/s/ConfigsHUB: 12 کانفیگ دریافت شد
2026-08-27 11:30:30,531 - INFO - 🔄 بعد از حذف تکراری: 10 کانفیگ برای JSON
2026-08-27 11:30:30,531 - WARNING - ⚠️ تعداد کانفیگ‌ها به 100 رسید (با None پر شد)
2026-08-27 11:30:30,532 - INFO - ✅ دقیقاً 100 کانفیگ در configs.json ذخیره شد
2026-08-27 11:30:30,532 - INFO - ✅ فایل configs.json با 10 کانفیگ واقعی به‌روز شد
2026-08-27 11:30:30,532 - INFO - 📝 نمونه کانفیگ اول: vless://37a80f27-a184-4da7-a320-7d5ff19cdac1@halab...
2026-08-27 11:30:30,532 - INFO - 📤 بخش ۲: دریافت کانفیگ‌های جدید برای ارسال به کانال...
2026-08-27 11:30:30,532 - INFO - 📡 دریافت پست‌ها از https://t.me/s/ConfigsHUB برای ارسال به کانال
2026-08-27 11:30:30,944 - INFO - ✅ 20 پست دریافت شد
2026-08-27 11:30:30,945 - INFO - 💾 وضعیت به‌روز شد: ConfigsHUB/2017951
2026-08-27 11:30:30,945 - INFO - 📊 از https://t.me/s/ConfigsHUB: 12 کانفیگ جدید پیدا شد
2026-08-27 11:30:30,945 - INFO - 📊 تعداد کل کانفیگ‌های جدید: 12
2026-08-27 11:30:30,946 - INFO - 📤 ارسال 10 کانفیگ به کانال
2026-08-27 11:30:31,428 - INFO - HTTP Request: POST https://api.telegram.org/bot8316746677:AAF1IzRzODBtCvVWrL6dWtw7F8U3qb4DwXM/sendMessage "HTTP/1.1 200 OK"
2026-08-27 11:30:31,428 - INFO - ✅ پیام 1 از 1 ارسال شد
2026-08-27 11:30:32,430 - INFO - ==================================================
2026-08-27 11:30:32,430 - INFO - 🏁 اجرای ربات با موفقیت به پایان رسید
2026-08-27 12:30:33,642 - INFO - ==================================================
2026-08-27 12:30:33,643 - INFO - 🚀 شروع اجرای ربات
2026-08-27 12:30:33,643 - INFO - 📥 بخش ۱: دریافت ۱۰۰ کانفیگ آخر برای فایل JSON...
2026-08-27 12:30:33,643 - INFO - 📡 دریافت کانفیگ‌ها از https://t.me/s/ConfigsHUB برای فایل JSON
2026-08-27 12:30:34,379 - INFO - ✅ 16 کانفیگ از صفحه دریافت شد
2026-08-27 12:30:34,380 - INFO - 📊 از https://t.me/s/ConfigsHUB: 16 کانفیگ دریافت شد
2026-08-27 12:30:34,380 - INFO - 🔄 بعد از حذف تکراری: 11 کانفیگ برای JSON
2026-08-27 12:30:34,380 - WARNING - ⚠️ تعداد کانفیگ‌ها به 100 رسید (با None پر شد)
2026-08-27 12:30:34,380 - INFO - ✅ دقیقاً 100 کانفیگ در configs.json ذخیره شد
2026-08-27 12:30:34,380 - INFO - ✅ فایل configs.json با 11 کانفیگ واقعی به‌روز شد
2026-08-27 12:30:34,380 - INFO - 📝 نمونه کانفیگ اول: ss://Y2hhY2hhMjAtaWV0Zi1wb2x5MTMwNTpGRDNyQ3VPc3hPY...
2026-08-27 12:30:34,380 - INFO - 📤 بخش ۲: دریافت کانفیگ‌های جدید برای ارسال به کانال...
2026-08-27 12:30:34,381 - INFO - 📡 دریافت پست‌ها از https://t.me/s/ConfigsHUB برای ارسال به کانال
2026-08-27 12:30:34,902 - INFO - ✅ 20 پست دریافت شد
2026-08-27 12:30:34,903 - INFO - 💾 وضعیت به‌روز شد: ConfigsHUB/2018266
2026-08-27 12:30:34,903 - INFO - 📊 از https://t.me/s/ConfigsHUB: 16 کانفیگ جدید پیدا شد
2026-08-27 12:30:34,903 - INFO - 📊 تعداد کل کانفیگ‌های جدید: 16
2026-08-27 12:30:34,903 - INFO - 📤 ارسال 10 کانفیگ به کانال
2026-08-27 12:30:35,581 - INFO - HTTP Request: POST https://api.telegram.org/bot8316746677:AAF1IzRzODBtCvVWrL6dWtw7F8U3qb4DwXM/sendMessage "HTTP/1.1 200 OK"
2026-08-27 12:30:35,582 - INFO - ✅ پیام 1 از 1 ارسال شد
2026-08-27 12:30:36,583 - INFO - ==================================================
2026-08-27 12:30:36,583 - INFO - 🏁 اجرای ربات با موفقیت به پایان رسید
2026-08-27 13:30:36,867 - INFO - ==================================================
2026-08-27 13:30:36,867 - INFO - 🚀 شروع اجرای ربات
2026-08-27 13:30:36,868 - INFO - 📥 بخش ۱: دریافت ۱۰۰ کانفیگ آخر برای فایل JSON...
2026-08-27 13:30:36,868 - INFO - 📡 دریافت کانفیگ‌ها از https://t.me/s/ConfigsHUB برای فایل JSON
2026-08-27 13:30:37,534 - INFO - ✅ 18 کانفیگ از صفحه دریافت شد
2026-08-27 13:30:37,535 - INFO - 📊 از https://t.me/s/ConfigsHUB: 18 کانفیگ دریافت شد
2026-08-27 13:30:37,535 - INFO - 🔄 بعد از حذف تکراری: 18 کانفیگ برای JSON
2026-08-27 13:30:37,535 - WARNING - ⚠️ تعداد کانفیگ‌ها به 100 رسید (با None پر شد)
2026-08-27 13:30:37,535 - INFO - ✅ دقیقاً 100 کانفیگ در configs.json ذخیره شد
2026-08-27 13:30:37,535 - INFO - ✅ فایل configs.json با 18 کانفیگ واقعی به‌روز شد
2026-08-27 13:30:37,536 - INFO - 📝 نمونه کانفیگ اول: ss://YWVzLTI1Ni1nY206aXR6dnBuQDMyMQ@51.83.192.80:8...
2026-08-27 13:30:37,536 - INFO - 📤 بخش ۲: دریافت کانفیگ‌های جدید برای ارسال به کانال...
2026-08-27 13:30:37,536 - INFO - 📡 دریافت پست‌ها از https://t.me/s/ConfigsHUB برای ارسال به کانال
2026-08-27 13:30:38,133 - INFO - ✅ 20 پست دریافت شد
2026-08-27 13:30:38,134 - INFO - 💾 وضعیت به‌روز شد: ConfigsHUB/2018523
2026-08-27 13:30:38,134 - INFO - 📊 از https://t.me/s/ConfigsHUB: 18 کانفیگ جدید پیدا شد
2026-08-27 13:30:38,135 - INFO - 📊 تعداد کل کانفیگ‌های جدید: 18
2026-08-27 13:30:38,135 - INFO - 📤 ارسال 10 کانفیگ به کانال
2026-08-27 13:30:38,982 - INFO - HTTP Request: POST https://api.telegram.org/bot8316746677:AAF1IzRzODBtCvVWrL6dWtw7F8U3qb4DwXM/sendMessage "HTTP/1.1 200 OK"
2026-08-27 13:30:38,983 - INFO - ✅ پیام 1 از 1 ارسال شد
2026-08-27 13:30:39,985 - INFO - ==================================================
2026-08-27 13:30:39,985 - INFO - 🏁 اجرای ربات با موفقیت به پایان رسید
2026-08-27 14:30:32,120 - INFO - ==================================================
2026-08-27 14:30:32,120 - INFO - 🚀 شروع اجرای ربات
2026-08-27 14:30:32,120 - INFO - 📥 بخش ۱: دریافت ۱۰۰ کانفیگ آخر برای فایل JSON...
2026-08-27 14:30:32,120 - INFO - 📡 دریافت کانفیگ‌ها از https://t.me/s/ConfigsHUB برای فایل JSON
2026-08-27 14:30:32,720 - INFO - ✅ 20 کانفیگ از صفحه دریافت شد
2026-08-27 14:30:32,721 - INFO - 📊 از https://t.me/s/ConfigsHUB: 20 کانفیگ دریافت شد
2026-08-27 14:30:32,721 - INFO - 🔄 بعد از حذف تکراری: 18 کانفیگ برای JSON
2026-08-27 14:30:32,721 - WARNING - ⚠️ تعداد کانفیگ‌ها به 100 رسید (با None پر شد)
2026-08-27 14:30:32,721 - INFO - ✅ دقیقاً 100 کانفیگ در configs.json ذخیره شد
2026-08-27 14:30:32,721 - INFO - ✅ فایل configs.json با 18 کانفیگ واقعی به‌روز شد
2026-08-27 14:30:32,721 - INFO - 📝 نمونه کانفیگ اول: vless://a18f7c2d-9e45-4b8a-af3c-1d5e7f9c8b2a@83.16...
2026-08-27 14:30:32,721 - INFO - 📤 بخش ۲: دریافت کانفیگ‌های جدید برای ارسال به کانال...
2026-08-27 14:30:32,722 - INFO - 📡 دریافت پست‌ها از https://t.me/s/ConfigsHUB برای ارسال به کانال
2026-08-27 14:30:33,315 - INFO - ✅ 20 پست دریافت شد
2026-08-27 14:30:33,316 - INFO - 💾 وضعیت به‌روز شد: ConfigsHUB/2018783
2026-08-27 14:30:33,316 - INFO - 📊 از https://t.me/s/ConfigsHUB: 20 کانفیگ جدید پیدا شد
2026-08-27 14:30:33,316 - INFO - 📊 تعداد کل کانفیگ‌های جدید: 20
2026-08-27 14:30:33,316 - INFO - 📤 ارسال 10 کانفیگ به کانال
2026-08-27 14:30:33,966 - INFO - HTTP Request: POST https://api.telegram.org/bot8316746677:AAF1IzRzODBtCvVWrL6dWtw7F8U3qb4DwXM/sendMessage "HTTP/1.1 200 OK"
2026-08-27 14:30:33,967 - INFO - ✅ پیام 1 از 1 ارسال شد
2026-08-27 14:30:34,968 - INFO - ==================================================
2026-08-27 14:30:34,968 - INFO - 🏁 اجرای ربات با موفقیت به پایان رسید
2026-08-27 15:30:34,346 - INFO - ==================================================
2026-08-27 15:30:34,346 - INFO - 🚀 شروع اجرای ربات
2026-08-27 15:30:34,346 - INFO - 📥 بخش ۱: دریافت ۱۰۰ کانفیگ آخر برای فایل JSON...
2026-08-27 15:30:34,346 - INFO - 📡 دریافت کانفیگ‌ها از https://t.me/s/ConfigsHUB برای فایل JSON
2026-08-27 15:30:34,889 - INFO - ✅ 14 کانفیگ از صفحه دریافت شد
2026-08-27 15:30:34,890 - INFO - 📊 از https://t.me/s/ConfigsHUB: 14 کانفیگ دریافت شد
2026-08-27 15:30:34,890 - INFO - 🔄 بعد از حذف تکراری: 13 کانفیگ برای JSON
2026-08-27 15:30:34,890 - WARNING - ⚠️ تعداد کانفیگ‌ها به 100 رسید (با None پر شد)
2026-08-27 15:30:34,890 - INFO - ✅ دقیقاً 100 کانفیگ در configs.json ذخیره شد
2026-08-27 15:30:34,890 - INFO - ✅ فایل configs.json با 13 کانفیگ واقعی به‌روز شد
2026-08-27 15:30:34,890 - INFO - 📝 نمونه کانفیگ اول: vless://a18f7c2d-9e45-4b8a-af3c-1d5e7f9c8b2a@83.16...
2026-08-27 15:30:34,890 - INFO - 📤 بخش ۲: دریافت کانفیگ‌های جدید برای ارسال به کانال...
2026-08-27 15:30:34,891 - INFO - 📡 دریافت پست‌ها از https://t.me/s/ConfigsHUB برای ارسال به کانال
2026-08-27 15:30:35,309 - INFO - ✅ 20 پست دریافت شد
2026-08-27 15:30:35,311 - INFO - 💾 وضعیت به‌روز شد: ConfigsHUB/2019025
2026-08-27 15:30:35,311 - INFO - 📊 از https://t.me/s/ConfigsHUB: 14 کانفیگ جدید پیدا شد
2026-08-27 15:30:35,311 - INFO - 📊 تعداد کل کانفیگ‌های جدید: 14
2026-08-27 15:30:35,311 - INFO - 📤 ارسال 10 کانفیگ به کانال
2026-08-27 15:30:35,808 - INFO - HTTP Request: POST https://api.telegram.org/bot8316746677:AAF1IzRzODBtCvVWrL6dWtw7F8U3qb4DwXM/sendMessage "HTTP/1.1 200 OK"
2026-08-27 15:30:35,809 - INFO - ✅ پیام 1 از 1 ارسال شد
2026-08-27 15:30:36,811 - INFO - ==================================================
2026-08-27 15:30:36,811 - INFO - 🏁 اجرای ربات با موفقیت به پایان رسید
2026-08-27 16:17:17,601 - INFO - ==================================================
2026-08-27 16:17:17,601 - INFO - 🚀 شروع اجرای ربات
2026-08-27 16:17:17,601 - INFO - 📥 بخش ۱: دریافت ۱۰۰ کانفیگ آخر برای فایل JSON...
2026-08-27 16:17:17,601 - INFO - 📡 دریافت کانفیگ‌ها از https://t.me/s/ConfigsHUB برای فایل JSON
2026-08-27 16:17:18,082 - INFO - ✅ 5 کانفیگ از صفحه دریافت شد
2026-08-27 16:17:18,083 - INFO - 📊 از https://t.me/s/ConfigsHUB: 5 کانفیگ دریافت شد
2026-08-27 16:17:18,083 - INFO - 🔄 بعد از حذف تکراری: 5 کانفیگ برای JSON
2026-08-27 16:17:18,083 - WARNING - ⚠️ تعداد کانفیگ‌ها به 100 رسید (با None پر شد)
2026-08-27 16:17:18,084 - INFO - ✅ دقیقاً 100 کانفیگ در configs.json ذخیره شد
2026-08-27 16:17:18,084 - INFO - ✅ فایل configs.json با 5 کانفیگ واقعی به‌روز شد
2026-08-27 16:17:18,084 - INFO - 📝 نمونه کانفیگ اول: vless://dc8eccdb-ecfa-435f-9ac1-5dc4882e7b51@188.1...
2026-08-27 16:17:18,084 - INFO - 📤 بخش ۲: دریافت کانفیگ‌های جدید برای ارسال به کانال...
2026-08-27 16:17:18,084 - INFO - 📡 دریافت پست‌ها از https://t.me/s/ConfigsHUB برای ارسال به کانال
2026-08-27 16:17:18,512 - INFO - ✅ 20 پست دریافت شد
2026-08-27 16:17:18,513 - INFO - 💾 وضعیت به‌روز شد: ConfigsHUB/2019236
2026-08-27 16:17:18,513 - INFO - 📊 از https://t.me/s/ConfigsHUB: 5 کانفیگ جدید پیدا شد
2026-08-27 16:17:18,513 - INFO - 📊 تعداد کل کانفیگ‌های جدید: 5
2026-08-27 16:17:18,513 - INFO - 📤 ارسال 5 کانفیگ به کانال
2026-08-27 16:17:19,090 - INFO - HTTP Request: POST https://api.telegram.org/bot8316746677:AAF1IzRzODBtCvVWrL6dWtw7F8U3qb4DwXM/sendMessage "HTTP/1.1 200 OK"
2026-08-27 16:17:19,091 - INFO - ✅ پیام 1 از 1 ارسال شد
2026-08-27 16:17:20,093 - INFO - ==================================================
2026-08-27 16:17:20,093 - INFO - 🏁 اجرای ربات با موفقیت به پایان رسید
2026-08-27 16:30:32,260 - INFO - ==================================================
2026-08-27 16:30:32,261 - INFO - 🚀 شروع اجرای ربات
2026-08-27 16:30:32,261 - INFO - 📥 بخش ۱: دریافت ۱۰۰ کانفیگ آخر برای فایل JSON...
2026-08-27 16:30:32,261 - INFO - 📡 دریافت کانفیگ‌ها از https://t.me/s/ConfigsHUB برای فایل JSON
2026-08-27 16:30:33,004 - INFO - ✅ 18 کانفیگ از صفحه دریافت شد
2026-08-27 16:30:33,005 - INFO - 📊 از https://t.me/s/ConfigsHUB: 18 کانفیگ دریافت شد
2026-08-27 16:30:33,006 - INFO - 🔄 بعد از حذف تکراری: 18 کانفیگ برای JSON
2026-08-27 16:30:33,006 - WARNING - ⚠️ تعداد کانفیگ‌ها به 100 رسید (با None پر شد)
2026-08-27 16:30:33,006 - INFO - ✅ دقیقاً 100 کانفیگ در configs.json ذخیره شد
2026-08-27 16:30:33,006 - INFO - ✅ فایل configs.json با 18 کانفیگ واقعی به‌روز شد
2026-08-27 16:30:33,006 - INFO - 📝 نمونه کانفیگ اول: vless://3f309a98-6450-4018-93e3-fdc97d73f17f@212.1...
2026-08-27 16:30:33,006 - INFO - 📤 بخش ۲: دریافت کانفیگ‌های جدید برای ارسال به کانال...
2026-08-27 16:30:33,006 - INFO - 📡 دریافت پست‌ها از https://t.me/s/ConfigsHUB برای ارسال به کانال
2026-08-27 16:30:33,607 - INFO - ✅ 20 پست دریافت شد
2026-08-27 16:30:33,608 - INFO - 💾 وضعیت به‌روز شد: ConfigsHUB/2019259
2026-08-27 16:30:33,608 - INFO - 📊 از https://t.me/s/ConfigsHUB: 18 کانفیگ جدید پیدا شد
2026-08-27 16:30:33,608 - INFO - 📊 تعداد کل کانفیگ‌های جدید: 18
2026-08-27 16:30:33,608 - INFO - 📤 ارسال 10 کانفیگ به کانال
2026-08-27 16:30:34,395 - INFO - HTTP Request: POST https://api.telegram.org/bot8316746677:AAF1IzRzODBtCvVWrL6dWtw7F8U3qb4DwXM/sendMessage "HTTP/1.1 200 OK"
2026-08-27 16:30:34,396 - INFO - ✅ پیام 1 از 1 ارسال شد
2026-08-27 16:30:35,397 - INFO - ==================================================
2026-08-27 16:30:35,398 - INFO - 🏁 اجرای ربات با موفقیت به پایان رسید
2026-08-27 17:30:31,040 - INFO - ==================================================
2026-08-27 17:30:31,040 - INFO - 🚀 شروع اجرای ربات
2026-08-27 17:30:31,040 - INFO - 📥 بخش ۱: دریافت ۱۰۰ کانفیگ آخر برای فایل JSON...
2026-08-27 17:30:31,040 - INFO - 📡 دریافت کانفیگ‌ها از https://t.me/s/ConfigsHUB برای فایل JSON
2026-08-27 17:30:31,522 - INFO - ✅ 9 کانفیگ از صفحه دریافت شد
2026-08-27 17:30:31,523 - INFO - 📊 از https://t.me/s/ConfigsHUB: 9 کانفیگ دریافت شد
2026-08-27 17:30:31,523 - INFO - 🔄 بعد از حذف تکراری: 8 کانفیگ برای JSON
2026-08-27 17:30:31,523 - WARNING - ⚠️ تعداد کانفیگ‌ها به 100 رسید (با None پر شد)
2026-08-27 17:30:31,523 - INFO - ✅ دقیقاً 100 کانفیگ در configs.json ذخیره شد
2026-08-27 17:30:31,523 - INFO - ✅ فایل configs.json با 8 کانفیگ واقعی به‌روز شد
2026-08-27 17:30:31,523 - INFO - 📝 نمونه کانفیگ اول: vless://ba7efbae-da90-1cd2-aac8-b8f3e5610f90@69.46...
2026-08-27 17:30:31,523 - INFO - 📤 بخش ۲: دریافت کانفیگ‌های جدید برای ارسال به کانال...
2026-08-27 17:30:31,523 - INFO - 📡 دریافت پست‌ها از https://t.me/s/ConfigsHUB برای ارسال به کانال
2026-08-27 17:30:31,904 - INFO - ✅ 20 پست دریافت شد
2026-08-27 17:30:31,905 - INFO - 💾 وضعیت به‌روز شد: ConfigsHUB/2019475
2026-08-27 17:30:31,905 - INFO - 📊 از https://t.me/s/ConfigsHUB: 9 کانفیگ جدید پیدا شد
2026-08-27 17:30:31,905 - INFO - 📊 تعداد کل کانفیگ‌های جدید: 9
2026-08-27 17:30:31,905 - INFO - 📤 ارسال 8 کانفیگ به کانال
2026-08-27 17:30:32,367 - INFO - HTTP Request: POST https://api.telegram.org/bot8316746677:AAF1IzRzODBtCvVWrL6dWtw7F8U3qb4DwXM/sendMessage "HTTP/1.1 200 OK"
2026-08-27 17:30:32,368 - INFO - ✅ پیام 1 از 1 ارسال شد
2026-08-27 17:30:33,369 - INFO - ==================================================
2026-08-27 17:30:33,370 - INFO - 🏁 اجرای ربات با موفقیت به پایان رسید
2026-08-27 18:30:34,425 - INFO - ==================================================
2026-08-27 18:30:34,425 - INFO - 🚀 شروع اجرای ربات
2026-08-27 18:30:34,425 - INFO - 📥 بخش ۱: دریافت ۱۰۰ کانفیگ آخر برای فایل JSON...
2026-08-27 18:30:34,425 - INFO - 📡 دریافت کانفیگ‌ها از https://t.me/s/ConfigsHUB برای فایل JSON
2026-08-27 18:30:34,964 - INFO - ✅ 14 کانفیگ از صفحه دریافت شد
2026-08-27 18:30:34,966 - INFO - 📊 از https://t.me/s/ConfigsHUB: 14 کانفیگ دریافت شد
2026-08-27 18:30:34,966 - INFO - 🔄 بعد از حذف تکراری: 12 کانفیگ برای JSON
2026-08-27 18:30:34,966 - WARNING - ⚠️ تعداد کانفیگ‌ها به 100 رسید (با None پر شد)
2026-08-27 18:30:34,966 - INFO - ✅ دقیقاً 100 کانفیگ در configs.json ذخیره شد
2026-08-27 18:30:34,966 - INFO - ✅ فایل configs.json با 12 کانفیگ واقعی به‌روز شد
2026-08-27 18:30:34,966 - INFO - 📝 نمونه کانفیگ اول: vless://53ffd172-de4c-002f-aa77-1a6830a36cf8@84.38...
2026-08-27 18:30:34,967 - INFO - 📤 بخش ۲: دریافت کانفیگ‌های جدید برای ارسال به کانال...
2026-08-27 18:30:34,967 - INFO - 📡 دریافت پست‌ها از https://t.me/s/ConfigsHUB برای ارسال به کانال
2026-08-27 18:30:35,503 - INFO - ✅ 20 پست دریافت شد
2026-08-27 18:30:35,504 - INFO - 💾 وضعیت به‌روز شد: ConfigsHUB/2019691
2026-08-27 18:30:35,504 - INFO - 📊 از https://t.me/s/ConfigsHUB: 14 کانفیگ جدید پیدا شد
2026-08-27 18:30:35,504 - INFO - 📊 تعداد کل کانفیگ‌های جدید: 14
2026-08-27 18:30:35,504 - INFO - 📤 ارسال 10 کانفیگ به کانال
2026-08-27 18:30:36,188 - INFO - HTTP Request: POST https://api.telegram.org/bot8316746677:AAF1IzRzODBtCvVWrL6dWtw7F8U3qb4DwXM/sendMessage "HTTP/1.1 200 OK"
2026-08-27 18:30:36,189 - INFO - ✅ پیام 1 از 1 ارسال شد
2026-08-27 18:30:37,191 - INFO - ==================================================
2026-08-27 18:30:37,191 - INFO - 🏁 اجرای ربات با موفقیت به پایان رسید
2026-08-27 19:30:30,222 - INFO - ==================================================
2026-08-27 19:30:30,222 - INFO - 🚀 شروع اجرای ربات
2026-08-27 19:30:30,222 - INFO - 📥 بخش ۱: دریافت ۱۰۰ کانفیگ آخر برای فایل JSON...
2026-08-27 19:30:30,222 - INFO - 📡 دریافت کانفیگ‌ها از https://t.me/s/ConfigsHUB برای فایل JSON
2026-08-27 19:30:30,826 - INFO - ✅ 19 کانفیگ از صفحه دریافت شد
2026-08-27 19:30:30,827 - INFO - 📊 از https://t.me/s/ConfigsHUB: 19 کانفیگ دریافت شد
2026-08-27 19:30:30,827 - INFO - 🔄 بعد از حذف تکراری: 18 کانفیگ برای JSON
2026-08-27 19:30:30,828 - WARNING - ⚠️ تعداد کانفیگ‌ها به 100 رسید (با None پر شد)
2026-08-27 19:30:30,828 - INFO - ✅ دقیقاً 100 کانفیگ در configs.json ذخیره شد
2026-08-27 19:30:30,828 - INFO - ✅ فایل configs.json با 18 کانفیگ واقعی به‌روز شد
2026-08-27 19:30:30,828 - INFO - 📝 نمونه کانفیگ اول: vless://59906cb2-a61b-4cf3-b77b-5762ef61d2b0@46.10...
2026-08-27 19:30:30,828 - INFO - 📤 بخش ۲: دریافت کانفیگ‌های جدید برای ارسال به کانال...
2026-08-27 19:30:30,828 - INFO - 📡 دریافت پست‌ها از https://t.me/s/ConfigsHUB برای ارسال به کانال
2026-08-27 19:30:31,299 - INFO - ✅ 20 پست دریافت شد
2026-08-27 19:30:31,300 - INFO - 💾 وضعیت به‌روز شد: ConfigsHUB/2019909
2026-08-27 19:30:31,300 - INFO - 📊 از https://t.me/s/ConfigsHUB: 19 کانفیگ جدید پیدا شد
2026-08-27 19:30:31,300 - INFO - 📊 تعداد کل کانفیگ‌های جدید: 19
2026-08-27 19:30:31,301 - INFO - 📤 ارسال 10 کانفیگ به کانال
2026-08-27 19:30:31,858 - INFO - HTTP Request: POST https://api.telegram.org/bot8316746677:AAF1IzRzODBtCvVWrL6dWtw7F8U3qb4DwXM/sendMessage "HTTP/1.1 200 OK"
2026-08-27 19:30:31,859 - INFO - ✅ پیام 1 از 1 ارسال شد
2026-08-27 19:30:32,861 - INFO - ==================================================
2026-08-27 19:30:32,861 - INFO - 🏁 اجرای ربات با موفقیت به پایان رسید
2026-08-27 20:30:30,765 - INFO - ==================================================
2026-08-27 20:30:30,765 - INFO - 🚀 شروع اجرای ربات
2026-08-27 20:30:30,765 - INFO - 📥 بخش ۱: دریافت ۱۰۰ کانفیگ آخر برای فایل JSON...
2026-08-27 20:30:30,765 - INFO - 📡 دریافت کانفیگ‌ها از https://t.me/s/ConfigsHUB برای فایل JSON
2026-08-27 20:30:31,499 - INFO - ✅ 20 کانفیگ از صفحه دریافت شد
2026-08-27 20:30:31,500 - INFO - 📊 از https://t.me/s/ConfigsHUB: 20 کانفیگ دریافت شد
2026-08-27 20:30:31,500 - INFO - 🔄 بعد از حذف تکراری: 19 کانفیگ برای JSON
2026-08-27 20:30:31,500 - WARNING - ⚠️ تعداد کانفیگ‌ها به 100 رسید (با None پر شد)
2026-08-27 20:30:31,501 - INFO - ✅ دقیقاً 100 کانفیگ در configs.json ذخیره شد
2026-08-27 20:30:31,501 - INFO - ✅ فایل configs.json با 19 کانفیگ واقعی به‌روز شد
2026-08-27 20:30:31,501 - INFO - 📝 نمونه کانفیگ اول: vless://423b1d79-08c4-403f-9d5e-c541f791b55f@5.253...
2026-08-27 20:30:31,501 - INFO - 📤 بخش ۲: دریافت کانفیگ‌های جدید برای ارسال به کانال...
2026-08-27 20:30:31,501 - INFO - 📡 دریافت پست‌ها از https://t.me/s/ConfigsHUB برای ارسال به کانال
2026-08-27 20:30:32,099 - INFO - ✅ 20 پست دریافت شد
2026-08-27 20:30:32,100 - INFO - 💾 وضعیت به‌روز شد: ConfigsHUB/2020216
2026-08-27 20:30:32,100 - INFO - 📊 از https://t.me/s/ConfigsHUB: 15 کانفیگ جدید پیدا شد
2026-08-27 20:30:32,100 - INFO - 📊 تعداد کل کانفیگ‌های جدید: 15
2026-08-27 20:30:32,100 - INFO - 📤 ارسال 10 کانفیگ به کانال
2026-08-27 20:30:32,919 - INFO - HTTP Request: POST https://api.telegram.org/bot8316746677:AAF1IzRzODBtCvVWrL6dWtw7F8U3qb4DwXM/sendMessage "HTTP/1.1 200 OK"
2026-08-27 20:30:32,919 - INFO - ✅ پیام 1 از 1 ارسال شد
2026-08-27 20:30:33,921 - INFO - ==================================================
2026-08-27 20:30:33,921 - INFO - 🏁 اجرای ربات با موفقیت به پایان رسید
2026-08-27 21:30:32,376 - INFO - ==================================================
2026-08-27 21:30:32,376 - INFO - 🚀 شروع اجرای ربات
2026-08-27 21:30:32,376 - INFO - 📥 بخش ۱: دریافت ۱۰۰ کانفیگ آخر برای فایل JSON...
2026-08-27 21:30:32,376 - INFO - 📡 دریافت کانفیگ‌ها از https://t.me/s/ConfigsHUB برای فایل JSON
2026-08-27 21:30:33,141 - INFO - ✅ 19 کانفیگ از صفحه دریافت شد
2026-08-27 21:30:33,143 - INFO - 📊 از https://t.me/s/ConfigsHUB: 19 کانفیگ دریافت شد
2026-08-27 21:30:33,143 - INFO - 🔄 بعد از حذف تکراری: 17 کانفیگ برای JSON
2026-08-27 21:30:33,143 - WARNING - ⚠️ تعداد کانفیگ‌ها به 100 رسید (با None پر شد)
2026-08-27 21:30:33,143 - INFO - ✅ دقیقاً 100 کانفیگ در configs.json ذخیره شد
2026-08-27 21:30:33,144 - INFO - ✅ فایل configs.json با 17 کانفیگ واقعی به‌روز شد
2026-08-27 21:30:33,144 - INFO - 📝 نمونه کانفیگ اول: ss://MjAyMi1ibGFrZTMtY2hhY2hhMjAtcG9seTEzMDU6QitKM...
2026-08-27 21:30:33,144 - INFO - 📤 بخش ۲: دریافت کانفیگ‌های جدید برای ارسال به کانال...
2026-08-27 21:30:33,144 - INFO - 📡 دریافت پست‌ها از https://t.me/s/ConfigsHUB برای ارسال به کانال
2026-08-27 21:30:33,745 - INFO - ✅ 20 پست دریافت شد
2026-08-27 21:30:33,746 - INFO - 💾 وضعیت به‌روز شد: ConfigsHUB/2020365
2026-08-27 21:30:33,746 - INFO - 📊 از https://t.me/s/ConfigsHUB: 19 کانفیگ جدید پیدا شد
2026-08-27 21:30:33,746 - INFO - 📊 تعداد کل کانفیگ‌های جدید: 19
2026-08-27 21:30:33,746 - INFO - 📤 ارسال 10 کانفیگ به کانال
2026-08-27 21:30:34,366 - INFO - HTTP Request: POST https://api.telegram.org/bot8316746677:AAF1IzRzODBtCvVWrL6dWtw7F8U3qb4DwXM/sendMessage "HTTP/1.1 200 OK"
2026-08-27 21:30:34,367 - INFO - ✅ پیام 1 از 1 ارسال شد
2026-08-27 21:30:35,368 - INFO - ==================================================
2026-08-27 21:30:35,368 - INFO - 🏁 اجرای ربات با موفقیت به پایان رسید
2026-08-27 22:30:35,189 - INFO - ==================================================
2026-08-27 22:30:35,189 - INFO - 🚀 شروع اجرای ربات
2026-08-27 22:30:35,189 - INFO - 📥 بخش ۱: دریافت ۱۰۰ کانفیگ آخر برای فایل JSON...
2026-08-27 22:30:35,189 - INFO - 📡 دریافت کانفیگ‌ها از https://t.me/s/ConfigsHUB برای فایل JSON
2026-08-27 22:30:35,875 - INFO - ✅ 15 کانفیگ از صفحه دریافت شد
2026-08-27 22:30:35,876 - INFO - 📊 از https://t.me/s/ConfigsHUB: 15 کانفیگ دریافت شد
2026-08-27 22:30:35,876 - INFO - 🔄 بعد از حذف تکراری: 14 کانفیگ برای JSON
2026-08-27 22:30:35,877 - WARNING - ⚠️ تعداد کانفیگ‌ها به 100 رسید (با None پر شد)
2026-08-27 22:30:35,877 - INFO - ✅ دقیقاً 100 کانفیگ در configs.json ذخیره شد
2026-08-27 22:30:35,877 - INFO - ✅ فایل configs.json با 14 کانفیگ واقعی به‌روز شد
2026-08-27 22:30:35,877 - INFO - 📝 نمونه کانفیگ اول: vless://109d407a-2058-4fdc-9b5e-f99f02f77fcd@altar...
2026-08-27 22:30:35,877 - INFO - 📤 بخش ۲: دریافت کانفیگ‌های جدید برای ارسال به کانال...
2026-08-27 22:30:35,877 - INFO - 📡 دریافت پست‌ها از https://t.me/s/ConfigsHUB برای ارسال به کانال
2026-08-27 22:30:36,448 - INFO - ✅ 20 پست دریافت شد
2026-08-27 22:30:36,450 - INFO - 💾 وضعیت به‌روز شد: ConfigsHUB/2020594
2026-08-27 22:30:36,450 - INFO - 📊 از https://t.me/s/ConfigsHUB: 15 کانفیگ جدید پیدا شد
2026-08-27 22:30:36,450 - INFO - 📊 تعداد کل کانفیگ‌های جدید: 15
2026-08-27 22:30:36,450 - INFO - 📤 ارسال 10 کانفیگ به کانال
2026-08-27 22:30:37,085 - INFO - HTTP Request: POST https://api.telegram.org/bot8316746677:AAF1IzRzODBtCvVWrL6dWtw7F8U3qb4DwXM/sendMessage "HTTP/1.1 200 OK"
2026-08-27 22:30:37,086 - INFO - ✅ پیام 1 از 1 ارسال شد
2026-08-27 22:30:38,087 - INFO - ==================================================
2026-08-27 22:30:38,087 - INFO - 🏁 اجرای ربات با موفقیت به پایان رسید
2026-08-27 23:30:29,892 - INFO - ==================================================
2026-08-27 23:30:29,892 - INFO - 🚀 شروع اجرای ربات
2026-08-27 23:30:29,892 - INFO - 📥 بخش ۱: دریافت ۱۰۰ کانفیگ آخر برای فایل JSON...
2026-08-27 23:30:29,892 - INFO - 📡 دریافت کانفیگ‌ها از https://t.me/s/ConfigsHUB برای فایل JSON
2026-08-27 23:30:30,664 - INFO - ✅ 18 کانفیگ از صفحه دریافت شد
2026-08-27 23:30:30,665 - INFO - 📊 از https://t.me/s/ConfigsHUB: 18 کانفیگ دریافت شد
2026-08-27 23:30:30,665 - INFO - 🔄 بعد از حذف تکراری: 17 کانفیگ برای JSON
2026-08-27 23:30:30,665 - WARNING - ⚠️ تعداد کانفیگ‌ها به 100 رسید (با None پر شد)
2026-08-27 23:30:30,665 - INFO - ✅ دقیقاً 100 کانفیگ در configs.json ذخیره شد
2026-08-27 23:30:30,666 - INFO - ✅ فایل configs.json با 17 کانفیگ واقعی به‌روز شد
2026-08-27 23:30:30,666 - INFO - 📝 نمونه کانفیگ اول: vless://a18f7c2d-9e45-4b8a-af3c-1d5e7f9c8b2a@83.16...
2026-08-27 23:30:30,666 - INFO - 📤 بخش ۲: دریافت کانفیگ‌های جدید برای ارسال به کانال...
2026-08-27 23:30:30,666 - INFO - 📡 دریافت پست‌ها از https://t.me/s/ConfigsHUB برای ارسال به کانال
2026-08-27 23:30:31,250 - INFO - ✅ 20 پست دریافت شد
2026-08-27 23:30:31,251 - INFO - 💾 وضعیت به‌روز شد: ConfigsHUB/2020711
2026-08-27 23:30:31,251 - INFO - 📊 از https://t.me/s/ConfigsHUB: 18 کانفیگ جدید پیدا شد
2026-08-27 23:30:31,251 - INFO - 📊 تعداد کل کانفیگ‌های جدید: 18
2026-08-27 23:30:31,251 - INFO - 📤 ارسال 10 کانفیگ به کانال
2026-08-27 23:30:31,865 - INFO - HTTP Request: POST https://api.telegram.org/bot8316746677:AAF1IzRzODBtCvVWrL6dWtw7F8U3qb4DwXM/sendMessage "HTTP/1.1 200 OK"
2026-08-27 23:30:31,866 - INFO - ✅ پیام 1 از 1 ارسال شد
2026-08-27 23:30:32,867 - INFO - ==================================================
2026-08-27 23:30:32,868 - INFO - 🏁 اجرای ربات با موفقیت به پایان رسید
2026-08-28 00:30:30,697 - INFO - ==================================================
2026-08-28 00:30:30,697 - INFO - 🚀 شروع اجرای ربات
2026-08-28 00:30:30,697 - INFO - 📥 بخش ۱: دریافت ۱۰۰ کانفیگ آخر برای فایل JSON...
2026-08-28 00:30:30,697 - INFO - 📡 دریافت کانفیگ‌ها از https://t.me/s/ConfigsHUB برای فایل JSON
2026-08-28 00:30:31,203 - INFO - ✅ 14 کانفیگ از صفحه دریافت شد
2026-08-28 00:30:31,205 - INFO - 📊 از https://t.me/s/ConfigsHUB: 14 کانفیگ دریافت شد
2026-08-28 00:30:31,205 - INFO - 🔄 بعد از حذف تکراری: 12 کانفیگ برای JSON
2026-08-28 00:30:31,205 - WARNING - ⚠️ تعداد کانفیگ‌ها به 100 رسید (با None پر شد)
2026-08-28 00:30:31,205 - INFO - ✅ دقیقاً 100 کانفیگ در configs.json ذخیره شد
2026-08-28 00:30:31,205 - INFO - ✅ فایل configs.json با 12 کانفیگ واقعی به‌روز شد
2026-08-28 00:30:31,205 - INFO - 📝 نمونه کانفیگ اول: vless://dd52292c-0f81-4c12-a946-4be0d0789605@altar...
2026-08-28 00:30:31,205 - INFO - 📤 بخش ۲: دریافت کانفیگ‌های جدید برای ارسال به کانال...
2026-08-28 00:30:31,206 - INFO - 📡 دریافت پست‌ها از https://t.me/s/ConfigsHUB برای ارسال به کانال
2026-08-28 00:30:31,727 - INFO - ✅ 20 پست دریافت شد
2026-08-28 00:30:31,729 - INFO - 💾 وضعیت به‌روز شد: ConfigsHUB/2020798
2026-08-28 00:30:31,729 - INFO - 📊 از https://t.me/s/ConfigsHUB: 14 کانفیگ جدید پیدا شد
2026-08-28 00:30:31,729 - INFO - 📊 تعداد کل کانفیگ‌های جدید: 14
2026-08-28 00:30:31,729 - INFO - 📤 ارسال 10 کانفیگ به کانال
2026-08-28 00:30:32,224 - INFO - HTTP Request: POST https://api.telegram.org/bot8316746677:AAF1IzRzODBtCvVWrL6dWtw7F8U3qb4DwXM/sendMessage "HTTP/1.1 200 OK"
2026-08-28 00:30:32,225 - INFO - ✅ پیام 1 از 1 ارسال شد
2026-08-28 00:30:33,226 - INFO - ==================================================
2026-08-28 00:30:33,226 - INFO - 🏁 اجرای ربات با موفقیت به پایان رسید
2026-08-28 01:22:52,087 - INFO - ==================================================
2026-08-28 01:22:52,087 - INFO - 🚀 شروع اجرای ربات
2026-08-28 01:22:52,087 - INFO - 📥 بخش ۱: دریافت ۱۰۰ کانفیگ آخر برای فایل JSON...
2026-08-28 01:22:52,087 - INFO - 📡 دریافت کانفیگ‌ها از https://t.me/s/ConfigsHUB برای فایل JSON
2026-08-28 01:22:52,596 - INFO - ✅ 10 کانفیگ از صفحه دریافت شد
2026-08-28 01:22:52,597 - INFO - 📊 از https://t.me/s/ConfigsHUB: 10 کانفیگ دریافت شد
2026-08-28 01:22:52,598 - INFO - 🔄 بعد از حذف تکراری: 10 کانفیگ برای JSON
2026-08-28 01:22:52,598 - WARNING - ⚠️ تعداد کانفیگ‌ها به 100 رسید (با None پر شد)
2026-08-28 01:22:52,598 - INFO - ✅ دقیقاً 100 کانفیگ در configs.json ذخیره شد
2026-08-28 01:22:52,598 - INFO - ✅ فایل configs.json با 10 کانفیگ واقعی به‌روز شد
2026-08-28 01:22:52,598 - INFO - 📝 نمونه کانفیگ اول: vless://d8d8845e-f0fb-4168-ab95-d98858bc772b@151.1...
2026-08-28 01:22:52,598 - INFO - 📤 بخش ۲: دریافت کانفیگ‌های جدید برای ارسال به کانال...
2026-08-28 01:22:52,598 - INFO - 📡 دریافت پست‌ها از https://t.me/s/ConfigsHUB برای ارسال به کانال
2026-08-28 01:22:52,980 - INFO - ✅ 20 پست دریافت شد
2026-08-28 01:22:52,981 - INFO - 💾 وضعیت به‌روز شد: ConfigsHUB/2020885
2026-08-28 01:22:52,981 - INFO - 📊 از https://t.me/s/ConfigsHUB: 10 کانفیگ جدید پیدا شد
2026-08-28 01:22:52,981 - INFO - 📊 تعداد کل کانفیگ‌های جدید: 10
2026-08-28 01:22:52,981 - INFO - 📤 ارسال 10 کانفیگ به کانال
2026-08-28 01:22:53,488 - INFO - HTTP Request: POST https://api.telegram.org/bot8316746677:AAF1IzRzODBtCvVWrL6dWtw7F8U3qb4DwXM/sendMessage "HTTP/1.1 200 OK"
2026-08-28 01:22:53,489 - INFO - ✅ پیام 1 از 1 ارسال شد
2026-08-28 01:22:54,490 - INFO - ==================================================
2026-08-28 01:22:54,490 - INFO - 🏁 اجرای ربات با موفقیت به پایان رسید
2026-08-28 01:30:27,093 - INFO - ==================================================
2026-08-28 01:30:27,093 - INFO - 🚀 شروع اجرای ربات
2026-08-28 01:30:27,093 - INFO - 📥 بخش ۱: دریافت ۱۰۰ کانفیگ آخر برای فایل JSON...
2026-08-28 01:30:27,093 - INFO - 📡 دریافت کانفیگ‌ها از https://t.me/s/ConfigsHUB برای فایل JSON
2026-08-28 01:30:27,598 - INFO - ✅ 10 کانفیگ از صفحه دریافت شد
2026-08-28 01:30:27,599 - INFO - 📊 از https://t.me/s/ConfigsHUB: 10 کانفیگ دریافت شد
2026-08-28 01:30:27,599 - INFO - 🔄 بعد از حذف تکراری: 10 کانفیگ برای JSON
2026-08-28 01:30:27,600 - WARNING - ⚠️ تعداد کانفیگ‌ها به 100 رسید (با None پر شد)
2026-08-28 01:30:27,600 - INFO - ✅ دقیقاً 100 کانفیگ در configs.json ذخیره شد
2026-08-28 01:30:27,600 - INFO - ✅ فایل configs.json با 10 کانفیگ واقعی به‌روز شد
2026-08-28 01:30:27,600 - INFO - 📝 نمونه کانفیگ اول: vless://d8d8845e-f0fb-4168-ab95-d98858bc772b@151.1...
2026-08-28 01:30:27,600 - INFO - 📤 بخش ۲: دریافت کانفیگ‌های جدید برای ارسال به کانال...
2026-08-28 01:30:27,600 - INFO - 📡 دریافت پست‌ها از https://t.me/s/ConfigsHUB برای ارسال به کانال
2026-08-28 01:30:28,034 - INFO - ✅ 20 پست دریافت شد
2026-08-28 01:30:28,035 - INFO - 💾 وضعیت به‌روز شد: ConfigsHUB/2020886
2026-08-28 01:30:28,035 - INFO - 📊 از https://t.me/s/ConfigsHUB: 10 کانفیگ جدید پیدا شد
2026-08-28 01:30:28,035 - INFO - 📊 تعداد کل کانفیگ‌های جدید: 10
2026-08-28 01:30:28,035 - INFO - 📤 ارسال 10 کانفیگ به کانال
2026-08-28 01:30:28,594 - INFO - HTTP Request: POST https://api.telegram.org/bot8316746677:AAF1IzRzODBtCvVWrL6dWtw7F8U3qb4DwXM/sendMessage "HTTP/1.1 200 OK"
2026-08-28 01:30:28,595 - INFO - ✅ پیام 1 از 1 ارسال شد
2026-08-28 01:30:29,597 - INFO - ==================================================
2026-08-28 01:30:29,597 - INFO - 🏁 اجرای ربات با موفقیت به پایان رسید
2026-08-28 02:30:31,187 - INFO - ==================================================
2026-08-28 02:30:31,187 - INFO - 🚀 شروع اجرای ربات
2026-08-28 02:30:31,187 - INFO - 📥 بخش ۱: دریافت ۱۰۰ کانفیگ آخر برای فایل JSON...
2026-08-28 02:30:31,188 - INFO - 📡 دریافت کانفیگ‌ها از https://t.me/s/ConfigsHUB برای فایل JSON
2026-08-28 02:30:31,665 - INFO - ✅ 16 کانفیگ از صفحه دریافت شد
2026-08-28 02:30:31,666 - INFO - 📊 از https://t.me/s/ConfigsHUB: 16 کانفیگ دریافت شد
2026-08-28 02:30:31,666 - INFO - 🔄 بعد از حذف تکراری: 16 کانفیگ برای JSON
2026-08-28 02:30:31,667 - WARNING - ⚠️ تعداد کانفیگ‌ها به 100 رسید (با None پر شد)
2026-08-28 02:30:31,667 - INFO - ✅ دقیقاً 100 کانفیگ در configs.json ذخیره شد
2026-08-28 02:30:31,667 - INFO - ✅ فایل configs.json با 16 کانفیگ واقعی به‌روز شد
2026-08-28 02:30:31,667 - INFO - 📝 نمونه کانفیگ اول: vless://da6ece67-aff5-4f94-94f3-08e87ca8cd51@199.2...
2026-08-28 02:30:31,667 - INFO - 📤 بخش ۲: دریافت کانفیگ‌های جدید برای ارسال به کانال...
2026-08-28 02:30:31,667 - INFO - 📡 دریافت پست‌ها از https://t.me/s/ConfigsHUB برای ارسال به کانال
2026-08-28 02:30:32,054 - INFO - ✅ 20 پست دریافت شد
2026-08-28 02:30:32,055 - INFO - 💾 وضعیت به‌روز شد: ConfigsHUB/2020956
2026-08-28 02:30:32,055 - INFO - 📊 از https://t.me/s/ConfigsHUB: 16 کانفیگ جدید پیدا شد
2026-08-28 02:30:32,056 - INFO - 📊 تعداد کل کانفیگ‌های جدید: 16
2026-08-28 02:30:32,056 - INFO - 📤 ارسال 10 کانفیگ به کانال
2026-08-28 02:30:32,617 - INFO - HTTP Request: POST https://api.telegram.org/bot8316746677:AAF1IzRzODBtCvVWrL6dWtw7F8U3qb4DwXM/sendMessage "HTTP/1.1 200 OK"
2026-08-28 02:30:32,618 - INFO - ✅ پیام 1 از 1 ارسال شد
2026-08-28 02:30:33,620 - INFO - ==================================================
2026-08-28 02:30:33,620 - INFO - 🏁 اجرای ربات با موفقیت به پایان رسید
2026-08-28 03:30:29,738 - INFO - ==================================================
2026-08-28 03:30:29,739 - INFO - 🚀 شروع اجرای ربات
2026-08-28 03:30:29,739 - INFO - 📥 بخش ۱: دریافت ۱۰۰ کانفیگ آخر برای فایل JSON...
2026-08-28 03:30:29,739 - INFO - 📡 دریافت کانفیگ‌ها از https://t.me/s/ConfigsHUB برای فایل JSON
2026-08-28 03:30:30,212 - INFO - ✅ 16 کانفیگ از صفحه دریافت شد
2026-08-28 03:30:30,213 - INFO - 📊 از https://t.me/s/ConfigsHUB: 16 کانفیگ دریافت شد
2026-08-28 03:30:30,213 - INFO - 🔄 بعد از حذف تکراری: 15 کانفیگ برای JSON
2026-08-28 03:30:30,213 - WARNING - ⚠️ تعداد کانفیگ‌ها به 100 رسید (با None پر شد)
2026-08-28 03:30:30,214 - INFO - ✅ دقیقاً 100 کانفیگ در configs.json ذخیره شد
2026-08-28 03:30:30,214 - INFO - ✅ فایل configs.json با 15 کانفیگ واقعی به‌روز شد
2026-08-28 03:30:30,214 - INFO - 📝 نمونه کانفیگ اول: vless://d8d8845e-f0fb-4168-ab95-d98858bc772b@167.8...
2026-08-28 03:30:30,214 - INFO - 📤 بخش ۲: دریافت کانفیگ‌های جدید برای ارسال به کانال...
2026-08-28 03:30:30,214 - INFO - 📡 دریافت پست‌ها از https://t.me/s/ConfigsHUB برای ارسال به کانال
2026-08-28 03:30:30,583 - INFO - ✅ 20 پست دریافت شد
2026-08-28 03:30:30,584 - INFO - 💾 وضعیت به‌روز شد: ConfigsHUB/2021044
2026-08-28 03:30:30,584 - INFO - 📊 از https://t.me/s/ConfigsHUB: 16 کانفیگ جدید پیدا شد
2026-08-28 03:30:30,584 - INFO - 📊 تعداد کل کانفیگ‌های جدید: 16
2026-08-28 03:30:30,584 - INFO - 📤 ارسال 10 کانفیگ به کانال
2026-08-28 03:30:31,058 - INFO - HTTP Request: POST https://api.telegram.org/bot8316746677:AAF1IzRzODBtCvVWrL6dWtw7F8U3qb4DwXM/sendMessage "HTTP/1.1 200 OK"
2026-08-28 03:30:31,059 - INFO - ✅ پیام 1 از 1 ارسال شد
2026-08-28 03:30:32,061 - INFO - ==================================================
2026-08-28 03:30:32,061 - INFO - 🏁 اجرای ربات با موفقیت به پایان رسید
2026-08-28 04:30:33,602 - INFO - ==================================================
2026-08-28 04:30:33,602 - INFO - 🚀 شروع اجرای ربات
2026-08-28 04:30:33,602 - INFO - 📥 بخش ۱: دریافت ۱۰۰ کانفیگ آخر برای فایل JSON...
2026-08-28 04:30:33,602 - INFO - 📡 دریافت کانفیگ‌ها از https://t.me/s/ConfigsHUB برای فایل JSON
2026-08-28 04:30:34,278 - INFO - ✅ 11 کانفیگ از صفحه دریافت شد
2026-08-28 04:30:34,279 - INFO - 📊 از https://t.me/s/ConfigsHUB: 11 کانفیگ دریافت شد
2026-08-28 04:30:34,279 - INFO - 🔄 بعد از حذف تکراری: 11 کانفیگ برای JSON
2026-08-28 04:30:34,279 - WARNING - ⚠️ تعداد کانفیگ‌ها به 100 رسید (با None پر شد)
2026-08-28 04:30:34,280 - INFO - ✅ دقیقاً 100 کانفیگ در configs.json ذخیره شد
2026-08-28 04:30:34,280 - INFO - ✅ فایل configs.json با 11 کانفیگ واقعی به‌روز شد
2026-08-28 04:30:34,280 - INFO - 📝 نمونه کانفیگ اول: vless://48198295-b7ba-4b5c-8d85-085d55a6c869@47.24...
2026-08-28 04:30:34,280 - INFO - 📤 بخش ۲: دریافت کانفیگ‌های جدید برای ارسال به کانال...
2026-08-28 04:30:34,280 - INFO - 📡 دریافت پست‌ها از https://t.me/s/ConfigsHUB برای ارسال به کانال
2026-08-28 04:30:34,838 - INFO - ✅ 20 پست دریافت شد
2026-08-28 04:30:34,839 - INFO - 💾 وضعیت به‌روز شد: ConfigsHUB/2021118
2026-08-28 04:30:34,839 - INFO - 📊 از https://t.me/s/ConfigsHUB: 11 کانفیگ جدید پیدا شد
2026-08-28 04:30:34,839 - INFO - 📊 تعداد کل کانفیگ‌های جدید: 11
2026-08-28 04:30:34,839 - INFO - 📤 ارسال 10 کانفیگ به کانال
2026-08-28 04:30:35,619 - INFO - HTTP Request: POST https://api.telegram.org/bot8316746677:AAF1IzRzODBtCvVWrL6dWtw7F8U3qb4DwXM/sendMessage "HTTP/1.1 200 OK"
2026-08-28 04:30:35,620 - INFO - ✅ پیام 1 از 1 ارسال شد
2026-08-28 04:30:36,621 - INFO - ==================================================
2026-08-28 04:30:36,621 - INFO - 🏁 اجرای ربات با موفقیت به پایان رسید
2026-08-28 05:30:28,687 - INFO - ==================================================
2026-08-28 05:30:28,687 - INFO - 🚀 شروع اجرای ربات
2026-08-28 05:30:28,687 - INFO - 📥 بخش ۱: دریافت ۱۰۰ کانفیگ آخر برای فایل JSON...
2026-08-28 05:30:28,687 - INFO - 📡 دریافت کانفیگ‌ها از https://t.me/s/ConfigsHUB برای فایل JSON
2026-08-28 05:30:29,197 - INFO - ✅ 17 کانفیگ از صفحه دریافت شد
2026-08-28 05:30:29,197 - INFO - 📊 از https://t.me/s/ConfigsHUB: 17 کانفیگ دریافت شد
2026-08-28 05:30:29,198 - INFO - 🔄 بعد از حذف تکراری: 14 کانفیگ برای JSON
2026-08-28 05:30:29,198 - WARNING - ⚠️ تعداد کانفیگ‌ها به 100 رسید (با None پر شد)
2026-08-28 05:30:29,198 - INFO - ✅ دقیقاً 100 کانفیگ در configs.json ذخیره شد
2026-08-28 05:30:29,198 - INFO - ✅ فایل configs.json با 14 کانفیگ واقعی به‌روز شد
2026-08-28 05:30:29,198 - INFO - 📝 نمونه کانفیگ اول: vless://a18f7c2d-9e45-4b8a-af3c-1d5e7f9c8b2a@tg.ri...
2026-08-28 05:30:29,198 - INFO - 📤 بخش ۲: دریافت کانفیگ‌های جدید برای ارسال به کانال...
2026-08-28 05:30:29,198 - INFO - 📡 دریافت پست‌ها از https://t.me/s/ConfigsHUB برای ارسال به کانال
2026-08-28 05:30:29,566 - INFO - ✅ 20 پست دریافت شد
2026-08-28 05:30:29,568 - INFO - 💾 وضعیت به‌روز شد: ConfigsHUB/2021311
2026-08-28 05:30:29,568 - INFO - 📊 از https://t.me/s/ConfigsHUB: 17 کانفیگ جدید پیدا شد
2026-08-28 05:30:29,568 - INFO - 📊 تعداد کل کانفیگ‌های جدید: 17
2026-08-28 05:30:29,568 - INFO - 📤 ارسال 10 کانفیگ به کانال
2026-08-28 05:30:30,052 - INFO - HTTP Request: POST https://api.telegram.org/bot8316746677:AAF1IzRzODBtCvVWrL6dWtw7F8U3qb4DwXM/sendMessage "HTTP/1.1 200 OK"
2026-08-28 05:30:30,053 - INFO - ✅ پیام 1 از 1 ارسال شد
2026-08-28 05:30:31,054 - INFO - ==================================================
2026-08-28 05:30:31,054 - INFO - 🏁 اجرای ربات با موفقیت به پایان رسید
2026-08-28 06:30:28,139 - INFO - ==================================================
2026-08-28 06:30:28,139 - INFO - 🚀 شروع اجرای ربات
2026-08-28 06:30:28,139 - INFO - 📥 بخش ۱: دریافت ۱۰۰ کانفیگ آخر برای فایل JSON...
2026-08-28 06:30:28,139 - INFO - 📡 دریافت کانفیگ‌ها از https://t.me/s/ConfigsHUB برای فایل JSON
2026-08-28 06:30:28,598 - INFO - ✅ 18 کانفیگ از صفحه دریافت شد
2026-08-28 06:30:28,599 - INFO - 📊 از https://t.me/s/ConfigsHUB: 18 کانفیگ دریافت شد
2026-08-28 06:30:28,599 - INFO - 🔄 بعد از حذف تکراری: 17 کانفیگ برای JSON
2026-08-28 06:30:28,600 - WARNING - ⚠️ تعداد کانفیگ‌ها به 100 رسید (با None پر شد)
2026-08-28 06:30:28,600 - INFO - ✅ دقیقاً 100 کانفیگ در configs.json ذخیره شد
2026-08-28 06:30:28,600 - INFO - ✅ فایل configs.json با 17 کانفیگ واقعی به‌روز شد
2026-08-28 06:30:28,600 - INFO - 📝 نمونه کانفیگ اول: vless://73bcd72f-9545-4cb8-8daf-7d004501880d@188.1...
2026-08-28 06:30:28,600 - INFO - 📤 بخش ۲: دریافت کانفیگ‌های جدید برای ارسال به کانال...
2026-08-28 06:30:28,600 - INFO - 📡 دریافت پست‌ها از https://t.me/s/ConfigsHUB برای ارسال به کانال
2026-08-28 06:30:28,963 - INFO - ✅ 20 پست دریافت شد
2026-08-28 06:30:28,964 - INFO - 💾 وضعیت به‌روز شد: ConfigsHUB/2021514
2026-08-28 06:30:28,964 - INFO - 📊 از https://t.me/s/ConfigsHUB: 18 کانفیگ جدید پیدا شد
2026-08-28 06:30:28,964 - INFO - 📊 تعداد کل کانفیگ‌های جدید: 18
2026-08-28 06:30:28,964 - INFO - 📤 ارسال 10 کانفیگ به کانال
2026-08-28 06:30:29,424 - INFO - HTTP Request: POST https://api.telegram.org/bot8316746677:AAF1IzRzODBtCvVWrL6dWtw7F8U3qb4DwXM/sendMessage "HTTP/1.1 200 OK"
2026-08-28 06:30:29,425 - INFO - ✅ پیام 1 از 1 ارسال شد
2026-08-28 06:30:30,427 - INFO - ==================================================
2026-08-28 06:30:30,427 - INFO - 🏁 اجرای ربات با موفقیت به پایان رسید
2026-08-28 07:30:32,044 - INFO - ==================================================
2026-08-28 07:30:32,044 - INFO - 🚀 شروع اجرای ربات
2026-08-28 07:30:32,044 - INFO - 📥 بخش ۱: دریافت ۱۰۰ کانفیگ آخر برای فایل JSON...
2026-08-28 07:30:32,044 - INFO - 📡 دریافت کانفیگ‌ها از https://t.me/s/ConfigsHUB برای فایل JSON
2026-08-28 07:30:32,650 - INFO - ✅ 14 کانفیگ از صفحه دریافت شد
2026-08-28 07:30:32,651 - INFO - 📊 از https://t.me/s/ConfigsHUB: 14 کانفیگ دریافت شد
2026-08-28 07:30:32,651 - INFO - 🔄 بعد از حذف تکراری: 13 کانفیگ برای JSON
2026-08-28 07:30:32,651 - WARNING - ⚠️ تعداد کانفیگ‌ها به 100 رسید (با None پر شد)
2026-08-28 07:30:32,652 - INFO - ✅ دقیقاً 100 کانفیگ در configs.json ذخیره شد
2026-08-28 07:30:32,652 - INFO - ✅ فایل configs.json با 13 کانفیگ واقعی به‌روز شد
2026-08-28 07:30:32,652 - INFO - 📝 نمونه کانفیگ اول: vless://28c343e9-fdd8-4252-873d-508677d7a8ce@bf601...
2026-08-28 07:30:32,652 - INFO - 📤 بخش ۲: دریافت کانفیگ‌های جدید برای ارسال به کانال...
2026-08-28 07:30:32,652 - INFO - 📡 دریافت پست‌ها از https://t.me/s/ConfigsHUB برای ارسال به کانال
2026-08-28 07:30:33,148 - INFO - ✅ 20 پست دریافت شد
2026-08-28 07:30:33,149 - INFO - 💾 وضعیت به‌روز شد: ConfigsHUB/2021767
2026-08-28 07:30:33,149 - INFO - 📊 از https://t.me/s/ConfigsHUB: 13 کانفیگ جدید پیدا شد
2026-08-28 07:30:33,149 - INFO - 📊 تعداد کل کانفیگ‌های جدید: 13
2026-08-28 07:30:33,149 - INFO - 📤 ارسال 10 کانفیگ به کانال
2026-08-28 07:30:33,746 - INFO - HTTP Request: POST https://api.telegram.org/bot8316746677:AAF1IzRzODBtCvVWrL6dWtw7F8U3qb4DwXM/sendMessage "HTTP/1.1 200 OK"
2026-08-28 07:30:33,747 - INFO - ✅ پیام 1 از 1 ارسال شد
2026-08-28 07:30:34,748 - INFO - ==================================================
2026-08-28 07:30:34,749 - INFO - 🏁 اجرای ربات با موفقیت به پایان رسید
2026-08-28 08:30:29,372 - INFO - ==================================================
2026-08-28 08:30:29,372 - INFO - 🚀 شروع اجرای ربات
2026-08-28 08:30:29,372 - INFO - 📥 بخش ۱: دریافت ۱۰۰ کانفیگ آخر برای فایل JSON...
2026-08-28 08:30:29,372 - INFO - 📡 دریافت کانفیگ‌ها از https://t.me/s/ConfigsHUB برای فایل JSON
2026-08-28 08:30:29,876 - INFO - ✅ 18 کانفیگ از صفحه دریافت شد
2026-08-28 08:30:29,877 - INFO - 📊 از https://t.me/s/ConfigsHUB: 18 کانفیگ دریافت شد
2026-08-28 08:30:29,877 - INFO - 🔄 بعد از حذف تکراری: 18 کانفیگ برای JSON
2026-08-28 08:30:29,877 - WARNING - ⚠️ تعداد کانفیگ‌ها به 100 رسید (با None پر شد)
2026-08-28 08:30:29,878 - INFO - ✅ دقیقاً 100 کانفیگ در configs.json ذخیره شد
2026-08-28 08:30:29,878 - INFO - ✅ فایل configs.json با 18 کانفیگ واقعی به‌روز شد
2026-08-28 08:30:29,878 - INFO - 📝 نمونه کانفیگ اول: vless://4e4ecd92-6572-43a6-a3ab-a1a7812a4b98@downl...
2026-08-28 08:30:29,878 - INFO - 📤 بخش ۲: دریافت کانفیگ‌های جدید برای ارسال به کانال...
2026-08-28 08:30:29,878 - INFO - 📡 دریافت پست‌ها از https://t.me/s/ConfigsHUB برای ارسال به کانال
2026-08-28 08:30:30,291 - INFO - ✅ 20 پست دریافت شد
2026-08-28 08:30:30,292 - INFO - 💾 وضعیت به‌روز شد: ConfigsHUB/2021992
2026-08-28 08:30:30,292 - INFO - 📊 از https://t.me/s/ConfigsHUB: 18 کانفیگ جدید پیدا شد
2026-08-28 08:30:30,292 - INFO - 📊 تعداد کل کانفیگ‌های جدید: 18
2026-08-28 08:30:30,292 - INFO - 📤 ارسال 10 کانفیگ به کانال
2026-08-28 08:30:30,786 - INFO - HTTP Request: POST https://api.telegram.org/bot8316746677:AAF1IzRzODBtCvVWrL6dWtw7F8U3qb4DwXM/sendMessage "HTTP/1.1 200 OK"
2026-08-28 08:30:30,787 - INFO - ✅ پیام 1 از 1 ارسال شد
2026-08-28 08:30:31,788 - INFO - ==================================================
2026-08-28 08:30:31,789 - INFO - 🏁 اجرای ربات با موفقیت به پایان رسید
2026-08-28 09:30:30,859 - INFO - ==================================================
2026-08-28 09:30:30,859 - INFO - 🚀 شروع اجرای ربات
2026-08-28 09:30:30,859 - INFO - 📥 بخش ۱: دریافت ۱۰۰ کانفیگ آخر برای فایل JSON...
2026-08-28 09:30:30,859 - INFO - 📡 دریافت کانفیگ‌ها از https://t.me/s/ConfigsHUB برای فایل JSON
2026-08-28 09:30:31,546 - INFO - ✅ 11 کانفیگ از صفحه دریافت شد
2026-08-28 09:30:31,547 - INFO - 📊 از https://t.me/s/ConfigsHUB: 11 کانفیگ دریافت شد
2026-08-28 09:30:31,547 - INFO - 🔄 بعد از حذف تکراری: 11 کانفیگ برای JSON
2026-08-28 09:30:31,547 - WARNING - ⚠️ تعداد کانفیگ‌ها به 100 رسید (با None پر شد)
2026-08-28 09:30:31,548 - INFO - ✅ دقیقاً 100 کانفیگ در configs.json ذخیره شد
2026-08-28 09:30:31,548 - INFO - ✅ فایل configs.json با 11 کانفیگ واقعی به‌روز شد
2026-08-28 09:30:31,548 - INFO - 📝 نمونه کانفیگ اول: vless://d49e6f64-2a62-4fc6-8dde-9ab1bdf12c02@194.5...
2026-08-28 09:30:31,548 - INFO - 📤 بخش ۲: دریافت کانفیگ‌های جدید برای ارسال به کانال...
2026-08-28 09:30:31,548 - INFO - 📡 دریافت پست‌ها از https://t.me/s/ConfigsHUB برای ارسال به کانال
2026-08-28 09:30:32,113 - INFO - ✅ 20 پست دریافت شد
2026-08-28 09:30:32,114 - INFO - 💾 وضعیت به‌روز شد: ConfigsHUB/2022190
2026-08-28 09:30:32,114 - INFO - 📊 از https://t.me/s/ConfigsHUB: 11 کانفیگ جدید پیدا شد
2026-08-28 09:30:32,114 - INFO - 📊 تعداد کل کانفیگ‌های جدید: 11
2026-08-28 09:30:32,114 - INFO - 📤 ارسال 10 کانفیگ به کانال
2026-08-28 09:30:32,826 - INFO - HTTP Request: POST https://api.telegram.org/bot8316746677:AAF1IzRzODBtCvVWrL6dWtw7F8U3qb4DwXM/sendMessage "HTTP/1.1 200 OK"
2026-08-28 09:30:32,827 - INFO - ✅ پیام 1 از 1 ارسال شد
2026-08-28 09:30:33,829 - INFO - ==================================================
2026-08-28 09:30:33,829 - INFO - 🏁 اجرای ربات با موفقیت به پایان رسید
2026-08-28 10:30:40,797 - INFO - ==================================================
2026-08-28 10:30:40,797 - INFO - 🚀 شروع اجرای ربات
2026-08-28 10:30:40,797 - INFO - 📥 بخش ۱: دریافت ۱۰۰ کانفیگ آخر برای فایل JSON...
2026-08-28 10:30:40,797 - INFO - 📡 دریافت کانفیگ‌ها از https://t.me/s/ConfigsHUB برای فایل JSON
2026-08-28 10:30:41,445 - INFO - ✅ 15 کانفیگ از صفحه دریافت شد
2026-08-28 10:30:41,446 - INFO - 📊 از https://t.me/s/ConfigsHUB: 15 کانفیگ دریافت شد
2026-08-28 10:30:41,446 - INFO - 🔄 بعد از حذف تکراری: 15 کانفیگ برای JSON
2026-08-28 10:30:41,446 - WARNING - ⚠️ تعداد کانفیگ‌ها به 100 رسید (با None پر شد)
2026-08-28 10:30:41,446 - INFO - ✅ دقیقاً 100 کانفیگ در configs.json ذخیره شد
2026-08-28 10:30:41,446 - INFO - ✅ فایل configs.json با 15 کانفیگ واقعی به‌روز شد
2026-08-28 10:30:41,446 - INFO - 📝 نمونه کانفیگ اول: vless://30e4c878-15ca-4f53-ab32-04c60ecd3f31@172.6...
2026-08-28 10:30:41,446 - INFO - 📤 بخش ۲: دریافت کانفیگ‌های جدید برای ارسال به کانال...
2026-08-28 10:30:41,447 - INFO - 📡 دریافت پست‌ها از https://t.me/s/ConfigsHUB برای ارسال به کانال
2026-08-28 10:30:42,004 - INFO - ✅ 20 پست دریافت شد
2026-08-28 10:30:42,006 - INFO - 💾 وضعیت به‌روز شد: ConfigsHUB/2022489
2026-08-28 10:30:42,006 - INFO - 📊 از https://t.me/s/ConfigsHUB: 15 کانفیگ جدید پیدا شد
2026-08-28 10:30:42,006 - INFO - 📊 تعداد کل کانفیگ‌های جدید: 15
2026-08-28 10:30:42,006 - INFO - 📤 ارسال 10 کانفیگ به کانال
2026-08-28 10:30:42,663 - INFO - HTTP Request: POST https://api.telegram.org/bot8316746677:AAF1IzRzODBtCvVWrL6dWtw7F8U3qb4DwXM/sendMessage "HTTP/1.1 200 OK"
2026-08-28 10:30:42,664 - INFO - ✅ پیام 1 از 1 ارسال شد
2026-08-28 10:30:43,666 - INFO - ==================================================
2026-08-28 10:30:43,666 - INFO - 🏁 اجرای ربات با موفقیت به پایان رسید
2026-08-28 11:30:30,697 - INFO - ==================================================
2026-08-28 11:30:30,697 - INFO - 🚀 شروع اجرای ربات
2026-08-28 11:30:30,697 - INFO - 📥 بخش ۱: دریافت ۱۰۰ کانفیگ آخر برای فایل JSON...
2026-08-28 11:30:30,697 - INFO - 📡 دریافت کانفیگ‌ها از https://t.me/s/ConfigsHUB برای فایل JSON
2026-08-28 11:30:31,285 - INFO - ✅ 9 کانفیگ از صفحه دریافت شد
2026-08-28 11:30:31,286 - INFO - 📊 از https://t.me/s/ConfigsHUB: 9 کانفیگ دریافت شد
2026-08-28 11:30:31,286 - INFO - 🔄 بعد از حذف تکراری: 9 کانفیگ برای JSON
2026-08-28 11:30:31,286 - WARNING - ⚠️ تعداد کانفیگ‌ها به 100 رسید (با None پر شد)
2026-08-28 11:30:31,286 - INFO - ✅ دقیقاً 100 کانفیگ در configs.json ذخیره شد
2026-08-28 11:30:31,286 - INFO - ✅ فایل configs.json با 9 کانفیگ واقعی به‌روز شد
2026-08-28 11:30:31,286 - INFO - 📝 نمونه کانفیگ اول: vless://38a2a2dc-f9e5-4fed-a732-a0c6a08023d8@sub.0...
2026-08-28 11:30:31,287 - INFO - 📤 بخش ۲: دریافت کانفیگ‌های جدید برای ارسال به کانال...
2026-08-28 11:30:31,287 - INFO - 📡 دریافت پست‌ها از https://t.me/s/ConfigsHUB برای ارسال به کانال
2026-08-28 11:30:31,825 - INFO - ✅ 20 پست دریافت شد
2026-08-28 11:30:31,826 - INFO - 💾 وضعیت به‌روز شد: ConfigsHUB/2022760
2026-08-28 11:30:31,826 - INFO - 📊 از https://t.me/s/ConfigsHUB: 9 کانفیگ جدید پیدا شد
2026-08-28 11:30:31,826 - INFO - 📊 تعداد کل کانفیگ‌های جدید: 9
2026-08-28 11:30:31,826 - INFO - 📤 ارسال 9 کانفیگ به کانال
2026-08-28 11:30:32,459 - INFO - HTTP Request: POST https://api.telegram.org/bot8316746677:AAF1IzRzODBtCvVWrL6dWtw7F8U3qb4DwXM/sendMessage "HTTP/1.1 200 OK"
2026-08-28 11:30:32,460 - INFO - ✅ پیام 1 از 1 ارسال شد
2026-08-28 11:30:33,461 - INFO - ==================================================
2026-08-28 11:30:33,461 - INFO - 🏁 اجرای ربات با موفقیت به پایان رسید
2026-08-28 12:30:36,718 - INFO - ==================================================
2026-08-28 12:30:36,718 - INFO - 🚀 شروع اجرای ربات
2026-08-28 12:30:36,718 - INFO - 📥 بخش ۱: دریافت ۱۰۰ کانفیگ آخر برای فایل JSON...
2026-08-28 12:30:36,718 - INFO - 📡 دریافت کانفیگ‌ها از https://t.me/s/ConfigsHUB برای فایل JSON
2026-08-28 12:30:37,256 - INFO - ✅ 19 کانفیگ از صفحه دریافت شد
2026-08-28 12:30:37,257 - INFO - 📊 از https://t.me/s/ConfigsHUB: 19 کانفیگ دریافت شد
2026-08-28 12:30:37,257 - INFO - 🔄 بعد از حذف تکراری: 17 کانفیگ برای JSON
2026-08-28 12:30:37,257 - WARNING - ⚠️ تعداد کانفیگ‌ها به 100 رسید (با None پر شد)
2026-08-28 12:30:37,258 - INFO - ✅ دقیقاً 100 کانفیگ در configs.json ذخیره شد
2026-08-28 12:30:37,258 - INFO - ✅ فایل configs.json با 17 کانفیگ واقعی به‌روز شد
2026-08-28 12:30:37,258 - INFO - 📝 نمونه کانفیگ اول: vless://e911c552-3a98-41e0-b5fb-0dd3879887b7@185.1...
2026-08-28 12:30:37,258 - INFO - 📤 بخش ۲: دریافت کانفیگ‌های جدید برای ارسال به کانال...
2026-08-28 12:30:37,258 - INFO - 📡 دریافت پست‌ها از https://t.me/s/ConfigsHUB برای ارسال به کانال
2026-08-28 12:30:37,713 - INFO - ✅ 20 پست دریافت شد
2026-08-28 12:30:37,715 - INFO - 💾 وضعیت به‌روز شد: ConfigsHUB/2023195
2026-08-28 12:30:37,715 - INFO - 📊 از https://t.me/s/ConfigsHUB: 14 کانفیگ جدید پیدا شد
2026-08-28 12:30:37,715 - INFO - 📊 تعداد کل کانفیگ‌های جدید: 14
2026-08-28 12:30:37,715 - INFO - 📤 ارسال 10 کانفیگ به کانال
2026-08-28 12:30:38,393 - INFO - HTTP Request: POST https://api.telegram.org/bot8316746677:AAF1IzRzODBtCvVWrL6dWtw7F8U3qb4DwXM/sendMessage "HTTP/1.1 200 OK"
2026-08-28 12:30:38,394 - INFO - ✅ پیام 1 از 1 ارسال شد
2026-08-28 12:30:39,396 - INFO - ==================================================
2026-08-28 12:30:39,396 - INFO - 🏁 اجرای ربات با موفقیت به پایان رسید
2026-08-28 13:30:32,372 - INFO - ==================================================
2026-08-28 13:30:32,372 - INFO - 🚀 شروع اجرای ربات
2026-08-28 13:30:32,372 - INFO - 📥 بخش ۱: دریافت ۱۰۰ کانفیگ آخر برای فایل JSON...
2026-08-28 13:30:32,372 - INFO - 📡 دریافت کانفیگ‌ها از https://t.me/s/ConfigsHUB برای فایل JSON
2026-08-28 13:30:33,032 - INFO - ✅ 19 کانفیگ از صفحه دریافت شد
2026-08-28 13:30:33,033 - INFO - 📊 از https://t.me/s/ConfigsHUB: 19 کانفیگ دریافت شد
2026-08-28 13:30:33,033 - INFO - 🔄 بعد از حذف تکراری: 19 کانفیگ برای JSON
2026-08-28 13:30:33,033 - WARNING - ⚠️ تعداد کانفیگ‌ها به 100 رسید (با None پر شد)
2026-08-28 13:30:33,034 - INFO - ✅ دقیقاً 100 کانفیگ در configs.json ذخیره شد
2026-08-28 13:30:33,034 - INFO - ✅ فایل configs.json با 19 کانفیگ واقعی به‌روز شد
2026-08-28 13:30:33,034 - INFO - 📝 نمونه کانفیگ اول: vless://71765f27-af1c-1b36-0f6f-3785e273bbf4@69.46...
2026-08-28 13:30:33,034 - INFO - 📤 بخش ۲: دریافت کانفیگ‌های جدید برای ارسال به کانال...
2026-08-28 13:30:33,034 - INFO - 📡 دریافت پست‌ها از https://t.me/s/ConfigsHUB برای ارسال به کانال
2026-08-28 13:30:33,620 - INFO - ✅ 20 پست دریافت شد
2026-08-28 13:30:33,621 - INFO - 💾 وضعیت به‌روز شد: ConfigsHUB/2023481
2026-08-28 13:30:33,621 - INFO - 📊 از https://t.me/s/ConfigsHUB: 19 کانفیگ جدید پیدا شد
2026-08-28 13:30:33,621 - INFO - 📊 تعداد کل کانفیگ‌های جدید: 19
2026-08-28 13:30:33,621 - INFO - 📤 ارسال 10 کانفیگ به کانال
2026-08-28 13:30:34,314 - INFO - HTTP Request: POST https://api.telegram.org/bot8316746677:AAF1IzRzODBtCvVWrL6dWtw7F8U3qb4DwXM/sendMessage "HTTP/1.1 200 OK"
2026-08-28 13:30:34,315 - INFO - ✅ پیام 1 از 1 ارسال شد
2026-08-28 13:30:35,316 - INFO - ==================================================
2026-08-28 13:30:35,316 - INFO - 🏁 اجرای ربات با موفقیت به پایان رسید
2026-08-28 14:10:41,775 - INFO - ==================================================
2026-08-28 14:10:41,775 - INFO - 🚀 شروع اجرای ربات
2026-08-28 14:10:41,775 - INFO - 📥 بخش ۱: دریافت ۱۰۰ کانفیگ آخر برای فایل JSON...
2026-08-28 14:10:41,775 - INFO - 📡 دریافت کانفیگ‌ها از https://t.me/s/ConfigsHUB برای فایل JSON
2026-08-28 14:10:42,306 - INFO - ✅ 20 کانفیگ از صفحه دریافت شد
2026-08-28 14:10:42,307 - INFO - 📊 از https://t.me/s/ConfigsHUB: 20 کانفیگ دریافت شد
2026-08-28 14:10:42,307 - INFO - 🔄 بعد از حذف تکراری: 20 کانفیگ برای JSON
2026-08-28 14:10:42,307 - WARNING - ⚠️ تعداد کانفیگ‌ها به 100 رسید (با None پر شد)
2026-08-28 14:10:42,307 - INFO - ✅ دقیقاً 100 کانفیگ در configs.json ذخیره شد
2026-08-28 14:10:42,307 - INFO - ✅ فایل configs.json با 20 کانفیگ واقعی به‌روز شد
2026-08-28 14:10:42,308 - INFO - 📝 نمونه کانفیگ اول: vless://d67af820-f54c-48ab-862c-19086357f276@node5...
2026-08-28 14:10:42,308 - INFO - 📤 بخش ۲: دریافت کانفیگ‌های جدید برای ارسال به کانال...
2026-08-28 14:10:42,308 - INFO - 📡 دریافت پست‌ها از https://t.me/s/ConfigsHUB برای ارسال به کانال
2026-08-28 14:10:42,716 - INFO - ✅ 20 پست دریافت شد
2026-08-28 14:10:42,718 - INFO - 💾 وضعیت به‌روز شد: ConfigsHUB/2023732
2026-08-28 14:10:42,718 - INFO - 📊 از https://t.me/s/ConfigsHUB: 20 کانفیگ جدید پیدا شد
2026-08-28 14:10:42,718 - INFO - 📊 تعداد کل کانفیگ‌های جدید: 20
2026-08-28 14:10:42,718 - INFO - 📤 ارسال 10 کانفیگ به کانال
2026-08-28 14:10:43,206 - INFO - HTTP Request: POST https://api.telegram.org/bot8316746677:AAF1IzRzODBtCvVWrL6dWtw7F8U3qb4DwXM/sendMessage "HTTP/1.1 200 OK"
2026-08-28 14:10:43,207 - INFO - ✅ پیام 1 از 1 ارسال شد
2026-08-28 14:10:44,208 - INFO - ==================================================
2026-08-28 14:10:44,209 - INFO - 🏁 اجرای ربات با موفقیت به پایان رسید
2026-08-28 14:30:31,956 - INFO - ==================================================
2026-08-28 14:30:31,956 - INFO - 🚀 شروع اجرای ربات
2026-08-28 14:30:31,956 - INFO - 📥 بخش ۱: دریافت ۱۰۰ کانفیگ آخر برای فایل JSON...
2026-08-28 14:30:31,956 - INFO - 📡 دریافت کانفیگ‌ها از https://t.me/s/ConfigsHUB برای فایل JSON
2026-08-28 14:30:32,383 - INFO - ✅ 20 کانفیگ از صفحه دریافت شد
2026-08-28 14:30:32,384 - INFO - 📊 از https://t.me/s/ConfigsHUB: 20 کانفیگ دریافت شد
2026-08-28 14:30:32,384 - INFO - 🔄 بعد از حذف تکراری: 20 کانفیگ برای JSON
2026-08-28 14:30:32,384 - WARNING - ⚠️ تعداد کانفیگ‌ها به 100 رسید (با None پر شد)
2026-08-28 14:30:32,385 - INFO - ✅ دقیقاً 100 کانفیگ در configs.json ذخیره شد
2026-08-28 14:30:32,385 - INFO - ✅ فایل configs.json با 20 کانفیگ واقعی به‌روز شد
2026-08-28 14:30:32,385 - INFO - 📝 نمونه کانفیگ اول: vless://2b332aea-d02d-4fb7-9475-8ac2fe83a33d@54.25...
2026-08-28 14:30:32,385 - INFO - 📤 بخش ۲: دریافت کانفیگ‌های جدید برای ارسال به کانال...
2026-08-28 14:30:32,385 - INFO - 📡 دریافت پست‌ها از https://t.me/s/ConfigsHUB برای ارسال به کانال
2026-08-28 14:30:32,760 - INFO - ✅ 20 پست دریافت شد
2026-08-28 14:30:32,762 - INFO - 💾 وضعیت به‌روز شد: ConfigsHUB/2023812
2026-08-28 14:30:32,762 - INFO - 📊 از https://t.me/s/ConfigsHUB: 20 کانفیگ جدید پیدا شد
2026-08-28 14:30:32,762 - INFO - 📊 تعداد کل کانفیگ‌های جدید: 20
2026-08-28 14:30:32,762 - INFO - 📤 ارسال 10 کانفیگ به کانال
2026-08-28 14:30:33,294 - INFO - HTTP Request: POST https://api.telegram.org/bot8316746677:AAF1IzRzODBtCvVWrL6dWtw7F8U3qb4DwXM/sendMessage "HTTP/1.1 200 OK"
2026-08-28 14:30:33,295 - INFO - ✅ پیام 1 از 1 ارسال شد
2026-08-28 14:30:34,296 - INFO - ==================================================
2026-08-28 14:30:34,296 - INFO - 🏁 اجرای ربات با موفقیت به پایان رسید
2026-08-28 15:30:36,382 - INFO - ==================================================
2026-08-28 15:30:36,383 - INFO - 🚀 شروع اجرای ربات
2026-08-28 15:30:36,383 - INFO - 📥 بخش ۱: دریافت ۱۰۰ کانفیگ آخر برای فایل JSON...
2026-08-28 15:30:36,383 - INFO - 📡 دریافت کانفیگ‌ها از https://t.me/s/ConfigsHUB برای فایل JSON
2026-08-28 15:30:36,981 - INFO - ✅ 20 کانفیگ از صفحه دریافت شد
2026-08-28 15:30:36,982 - INFO - 📊 از https://t.me/s/ConfigsHUB: 20 کانفیگ دریافت شد
2026-08-28 15:30:36,983 - INFO - 🔄 بعد از حذف تکراری: 17 کانفیگ برای JSON
2026-08-28 15:30:36,983 - WARNING - ⚠️ تعداد کانفیگ‌ها به 100 رسید (با None پر شد)
2026-08-28 15:30:36,983 - INFO - ✅ دقیقاً 100 کانفیگ در configs.json ذخیره شد
2026-08-28 15:30:36,983 - INFO - ✅ فایل configs.json با 17 کانفیگ واقعی به‌روز شد
2026-08-28 15:30:36,983 - INFO - 📝 نمونه کانفیگ اول: vless://d31aefb3-775b-4e87-a093-a4677addf10a@144.3...
2026-08-28 15:30:36,983 - INFO - 📤 بخش ۲: دریافت کانفیگ‌های جدید برای ارسال به کانال...
2026-08-28 15:30:36,983 - INFO - 📡 دریافت پست‌ها از https://t.me/s/ConfigsHUB برای ارسال به کانال
2026-08-28 15:30:37,506 - INFO - ✅ 20 پست دریافت شد
2026-08-28 15:30:37,507 - INFO - 💾 وضعیت به‌روز شد: ConfigsHUB/2024146
2026-08-28 15:30:37,507 - INFO - 📊 از https://t.me/s/ConfigsHUB: 20 کانفیگ جدید پیدا شد
2026-08-28 15:30:37,507 - INFO - 📊 تعداد کل کانفیگ‌های جدید: 20
2026-08-28 15:30:37,507 - INFO - 📤 ارسال 10 کانفیگ به کانال
2026-08-28 15:30:38,262 - INFO - HTTP Request: POST https://api.telegram.org/bot8316746677:AAF1IzRzODBtCvVWrL6dWtw7F8U3qb4DwXM/sendMessage "HTTP/1.1 200 OK"
2026-08-28 15:30:38,263 - INFO - ✅ پیام 1 از 1 ارسال شد
2026-08-28 15:30:39,265 - INFO - ==================================================
2026-08-28 15:30:39,265 - INFO - 🏁 اجرای ربات با موفقیت به پایان رسید
2026-08-28 16:30:27,645 - INFO - ==================================================
2026-08-28 16:30:27,645 - INFO - 🚀 شروع اجرای ربات
2026-08-28 16:30:27,646 - INFO - 📥 بخش ۱: دریافت ۱۰۰ کانفیگ آخر برای فایل JSON...
2026-08-28 16:30:27,646 - INFO - 📡 دریافت کانفیگ‌ها از https://t.me/s/ConfigsHUB برای فایل JSON
2026-08-28 16:30:28,084 - INFO - ✅ 19 کانفیگ از صفحه دریافت شد
2026-08-28 16:30:28,086 - INFO - 📊 از https://t.me/s/ConfigsHUB: 19 کانفیگ دریافت شد
2026-08-28 16:30:28,086 - INFO - 🔄 بعد از حذف تکراری: 19 کانفیگ برای JSON
2026-08-28 16:30:28,086 - WARNING - ⚠️ تعداد کانفیگ‌ها به 100 رسید (با None پر شد)
2026-08-28 16:30:28,157 - INFO - ✅ دقیقاً 100 کانفیگ در configs.json ذخیره شد
2026-08-28 16:30:28,157 - INFO - ✅ فایل configs.json با 19 کانفیگ واقعی به‌روز شد
2026-08-28 16:30:28,157 - INFO - 📝 نمونه کانفیگ اول: vless://8820f3c5-7ffa-4d84-8e54-07ccfc6d6c6f@www.d...
2026-08-28 16:30:28,157 - INFO - 📤 بخش ۲: دریافت کانفیگ‌های جدید برای ارسال به کانال...
2026-08-28 16:30:28,157 - INFO - 📡 دریافت پست‌ها از https://t.me/s/ConfigsHUB برای ارسال به کانال
2026-08-28 16:30:28,557 - INFO - ✅ 20 پست دریافت شد
2026-08-28 16:30:28,558 - INFO - 💾 وضعیت به‌روز شد: ConfigsHUB/2024447
2026-08-28 16:30:28,558 - INFO - 📊 از https://t.me/s/ConfigsHUB: 19 کانفیگ جدید پیدا شد
2026-08-28 16:30:28,559 - INFO - 📊 تعداد کل کانفیگ‌های جدید: 19
2026-08-28 16:30:28,559 - INFO - 📤 ارسال 10 کانفیگ به کانال
2026-08-28 16:30:29,106 - INFO - HTTP Request: POST https://api.telegram.org/bot8316746677:AAF1IzRzODBtCvVWrL6dWtw7F8U3qb4DwXM/sendMessage "HTTP/1.1 200 OK"
2026-08-28 16:30:29,106 - INFO - ✅ پیام 1 از 1 ارسال شد
2026-08-28 16:30:30,189 - INFO - ==================================================
2026-08-28 16:30:30,189 - INFO - 🏁 اجرای ربات با موفقیت به پایان رسید
2026-08-28 17:30:30,848 - INFO - ==================================================
2026-08-28 17:30:30,848 - INFO - 🚀 شروع اجرای ربات
2026-08-28 17:30:30,848 - INFO - 📥 بخش ۱: دریافت ۱۰۰ کانفیگ آخر برای فایل JSON...
2026-08-28 17:30:30,848 - INFO - 📡 دریافت کانفیگ‌ها از https://t.me/s/ConfigsHUB برای فایل JSON
2026-08-28 17:30:31,334 - INFO - ✅ 17 کانفیگ از صفحه دریافت شد
2026-08-28 17:30:31,335 - INFO - 📊 از https://t.me/s/ConfigsHUB: 17 کانفیگ دریافت شد
2026-08-28 17:30:31,335 - INFO - 🔄 بعد از حذف تکراری: 11 کانفیگ برای JSON
2026-08-28 17:30:31,335 - WARNING - ⚠️ تعداد کانفیگ‌ها به 100 رسید (با None پر شد)
2026-08-28 17:30:31,336 - INFO - ✅ دقیقاً 100 کانفیگ در configs.json ذخیره شد
2026-08-28 17:30:31,336 - INFO - ✅ فایل configs.json با 11 کانفیگ واقعی به‌روز شد
2026-08-28 17:30:31,336 - INFO - 📝 نمونه کانفیگ اول: vless://8975546a-375c-4966-8064-19fc0f66f30a@31.76...
2026-08-28 17:30:31,336 - INFO - 📤 بخش ۲: دریافت کانفیگ‌های جدید برای ارسال به کانال...
2026-08-28 17:30:31,336 - INFO - 📡 دریافت پست‌ها از https://t.me/s/ConfigsHUB برای ارسال به کانال
2026-08-28 17:30:31,754 - INFO - ✅ 20 پست دریافت شد
2026-08-28 17:30:31,756 - INFO - 💾 وضعیت به‌روز شد: ConfigsHUB/2024628
2026-08-28 17:30:31,756 - INFO - 📊 از https://t.me/s/ConfigsHUB: 17 کانفیگ جدید پیدا شد
2026-08-28 17:30:31,756 - INFO - 📊 تعداد کل کانفیگ‌های جدید: 17
2026-08-28 17:30:31,756 - INFO - 📤 ارسال 10 کانفیگ به کانال
2026-08-28 17:30:32,380 - INFO - HTTP Request: POST https://api.telegram.org/bot8316746677:AAF1IzRzODBtCvVWrL6dWtw7F8U3qb4DwXM/sendMessage "HTTP/1.1 200 OK"
2026-08-28 17:30:32,381 - INFO - ✅ پیام 1 از 2 ارسال شد
2026-08-28 17:30:33,585 - INFO - HTTP Request: POST https://api.telegram.org/bot8316746677:AAF1IzRzODBtCvVWrL6dWtw7F8U3qb4DwXM/sendMessage "HTTP/1.1 200 OK"
2026-08-28 17:30:33,586 - INFO - ✅ پیام 2 از 2 ارسال شد
2026-08-28 17:30:34,588 - INFO - ==================================================
2026-08-28 17:30:34,588 - INFO - 🏁 اجرای ربات با موفقیت به پایان رسید
2026-08-28 18:30:29,604 - INFO - ==================================================
2026-08-28 18:30:29,604 - INFO - 🚀 شروع اجرای ربات
2026-08-28 18:30:29,604 - INFO - 📥 بخش ۱: دریافت ۱۰۰ کانفیگ آخر برای فایل JSON...
2026-08-28 18:30:29,605 - INFO - 📡 دریافت کانفیگ‌ها از https://t.me/s/ConfigsHUB برای فایل JSON
2026-08-28 18:30:30,122 - INFO - ✅ 13 کانفیگ از صفحه دریافت شد
2026-08-28 18:30:30,123 - INFO - 📊 از https://t.me/s/ConfigsHUB: 13 کانفیگ دریافت شد
2026-08-28 18:30:30,123 - INFO - 🔄 بعد از حذف تکراری: 13 کانفیگ برای JSON
2026-08-28 18:30:30,123 - WARNING - ⚠️ تعداد کانفیگ‌ها به 100 رسید (با None پر شد)
2026-08-28 18:30:30,123 - INFO - ✅ دقیقاً 100 کانفیگ در configs.json ذخیره شد
2026-08-28 18:30:30,123 - INFO - ✅ فایل configs.json با 13 کانفیگ واقعی به‌روز شد
2026-08-28 18:30:30,124 - INFO - 📝 نمونه کانفیگ اول: vless://a18f7c2d-9e45-4b8a-af3c-1d5e7f9c8b2a@83.16...
2026-08-28 18:30:30,124 - INFO - 📤 بخش ۲: دریافت کانفیگ‌های جدید برای ارسال به کانال...
2026-08-28 18:30:30,124 - INFO - 📡 دریافت پست‌ها از https://t.me/s/ConfigsHUB برای ارسال به کانال
2026-08-28 18:30:30,561 - INFO - ✅ 20 پست دریافت شد
2026-08-28 18:30:30,562 - INFO - 💾 وضعیت به‌روز شد: ConfigsHUB/2024802
2026-08-28 18:30:30,562 - INFO - 📊 از https://t.me/s/ConfigsHUB: 13 کانفیگ جدید پیدا شد
2026-08-28 18:30:30,562 - INFO - 📊 تعداد کل کانفیگ‌های جدید: 13
2026-08-28 18:30:30,562 - INFO - 📤 ارسال 10 کانفیگ به کانال
2026-08-28 18:30:31,094 - INFO - HTTP Request: POST https://api.telegram.org/bot8316746677:AAF1IzRzODBtCvVWrL6dWtw7F8U3qb4DwXM/sendMessage "HTTP/1.1 200 OK"
2026-08-28 18:30:31,095 - INFO - ✅ پیام 1 از 1 ارسال شد
2026-08-28 18:30:32,107 - INFO - ==================================================
2026-08-28 18:30:32,107 - INFO - 🏁 اجرای ربات با موفقیت به پایان رسید
2026-08-28 19:30:33,148 - INFO - ==================================================
2026-08-28 19:30:33,148 - INFO - 🚀 شروع اجرای ربات
2026-08-28 19:30:33,148 - INFO - 📥 بخش ۱: دریافت ۱۰۰ کانفیگ آخر برای فایل JSON...
2026-08-28 19:30:33,148 - INFO - 📡 دریافت کانفیگ‌ها از https://t.me/s/ConfigsHUB برای فایل JSON
2026-08-28 19:30:33,687 - INFO - ✅ 14 کانفیگ از صفحه دریافت شد
2026-08-28 19:30:33,688 - INFO - 📊 از https://t.me/s/ConfigsHUB: 14 کانفیگ دریافت شد
2026-08-28 19:30:33,688 - INFO - 🔄 بعد از حذف تکراری: 14 کانفیگ برای JSON
2026-08-28 19:30:33,689 - WARNING - ⚠️ تعداد کانفیگ‌ها به 100 رسید (با None پر شد)
2026-08-28 19:30:33,689 - INFO - ✅ دقیقاً 100 کانفیگ در configs.json ذخیره شد
2026-08-28 19:30:33,689 - INFO - ✅ فایل configs.json با 14 کانفیگ واقعی به‌روز شد
2026-08-28 19:30:33,689 - INFO - 📝 نمونه کانفیگ اول: vless://48ff2b70-e180-582f-8866-d9a2edeed5f5@51.15...
2026-08-28 19:30:33,689 - INFO - 📤 بخش ۲: دریافت کانفیگ‌های جدید برای ارسال به کانال...
2026-08-28 19:30:33,689 - INFO - 📡 دریافت پست‌ها از https://t.me/s/ConfigsHUB برای ارسال به کانال
2026-08-28 19:30:34,081 - INFO - ✅ 20 پست دریافت شد
2026-08-28 19:30:34,082 - INFO - 💾 وضعیت به‌روز شد: ConfigsHUB/2025051
2026-08-28 19:30:34,082 - INFO - 📊 از https://t.me/s/ConfigsHUB: 14 کانفیگ جدید پیدا شد
2026-08-28 19:30:34,082 - INFO - 📊 تعداد کل کانفیگ‌های جدید: 14
2026-08-28 19:30:34,082 - INFO - 📤 ارسال 10 کانفیگ به کانال
2026-08-28 19:30:34,608 - INFO - HTTP Request: POST https://api.telegram.org/bot8316746677:AAF1IzRzODBtCvVWrL6dWtw7F8U3qb4DwXM/sendMessage "HTTP/1.1 200 OK"
2026-08-28 19:30:34,609 - INFO - ✅ پیام 1 از 1 ارسال شد
2026-08-28 19:30:35,610 - INFO - ==================================================
2026-08-28 19:30:35,610 - INFO - 🏁 اجرای ربات با موفقیت به پایان رسید
2026-08-28 20:30:30,443 - INFO - ==================================================
2026-08-28 20:30:30,443 - INFO - 🚀 شروع اجرای ربات
2026-08-28 20:30:30,443 - INFO - 📥 بخش ۱: دریافت ۱۰۰ کانفیگ آخر برای فایل JSON...
2026-08-28 20:30:30,443 - INFO - 📡 دریافت کانفیگ‌ها از https://t.me/s/ConfigsHUB برای فایل JSON
2026-08-28 20:30:30,964 - INFO - ✅ 6 کانفیگ از صفحه دریافت شد
2026-08-28 20:30:30,965 - INFO - 📊 از https://t.me/s/ConfigsHUB: 6 کانفیگ دریافت شد
2026-08-28 20:30:30,965 - INFO - 🔄 بعد از حذف تکراری: 6 کانفیگ برای JSON
2026-08-28 20:30:30,966 - WARNING - ⚠️ تعداد کانفیگ‌ها به 100 رسید (با None پر شد)
2026-08-28 20:30:30,966 - INFO - ✅ دقیقاً 100 کانفیگ در configs.json ذخیره شد
2026-08-28 20:30:30,966 - INFO - ✅ فایل configs.json با 6 کانفیگ واقعی به‌روز شد
2026-08-28 20:30:30,966 - INFO - 📝 نمونه کانفیگ اول: vless://ae8e0f7d-b661-41ca-b55d-d8c383adb2f8@185.2...
2026-08-28 20:30:30,966 - INFO - 📤 بخش ۲: دریافت کانفیگ‌های جدید برای ارسال به کانال...
2026-08-28 20:30:30,966 - INFO - 📡 دریافت پست‌ها از https://t.me/s/ConfigsHUB برای ارسال به کانال
2026-08-28 20:30:31,345 - INFO - ✅ 20 پست دریافت شد
2026-08-28 20:30:31,347 - INFO - 💾 وضعیت به‌روز شد: ConfigsHUB/2025233
2026-08-28 20:30:31,347 - INFO - 📊 از https://t.me/s/ConfigsHUB: 5 کانفیگ جدید پیدا شد
2026-08-28 20:30:31,347 - INFO - 📊 تعداد کل کانفیگ‌های جدید: 5
2026-08-28 20:30:31,347 - INFO - 📤 ارسال 5 کانفیگ به کانال
2026-08-28 20:30:31,837 - INFO - HTTP Request: POST https://api.telegram.org/bot8316746677:AAF1IzRzODBtCvVWrL6dWtw7F8U3qb4DwXM/sendMessage "HTTP/1.1 200 OK"
2026-08-28 20:30:31,838 - INFO - ✅ پیام 1 از 1 ارسال شد
2026-08-28 20:30:32,840 - INFO - ==================================================
2026-08-28 20:30:32,840 - INFO - 🏁 اجرای ربات با موفقیت به پایان رسید
2026-08-28 21:30:35,848 - INFO - ==================================================
2026-08-28 21:30:35,848 - INFO - 🚀 شروع اجرای ربات
2026-08-28 21:30:35,848 - INFO - 📥 بخش ۱: دریافت ۱۰۰ کانفیگ آخر برای فایل JSON...
2026-08-28 21:30:35,849 - INFO - 📡 دریافت کانفیگ‌ها از https://t.me/s/ConfigsHUB برای فایل JSON
2026-08-28 21:30:36,530 - INFO - ✅ 15 کانفیگ از صفحه دریافت شد
2026-08-28 21:30:36,531 - INFO - 📊 از https://t.me/s/ConfigsHUB: 15 کانفیگ دریافت شد
2026-08-28 21:30:36,531 - INFO - 🔄 بعد از حذف تکراری: 15 کانفیگ برای JSON
2026-08-28 21:30:36,531 - WARNING - ⚠️ تعداد کانفیگ‌ها به 100 رسید (با None پر شد)
2026-08-28 21:30:36,532 - INFO - ✅ دقیقاً 100 کانفیگ در configs.json ذخیره شد
2026-08-28 21:30:36,532 - INFO - ✅ فایل configs.json با 15 کانفیگ واقعی به‌روز شد
2026-08-28 21:30:36,532 - INFO - 📝 نمونه کانفیگ اول: vless://64774bd8-3116-4eaa-a046-5ea4fc230b81@192.8...
2026-08-28 21:30:36,532 - INFO - 📤 بخش ۲: دریافت کانفیگ‌های جدید برای ارسال به کانال...
2026-08-28 21:30:36,532 - INFO - 📡 دریافت پست‌ها از https://t.me/s/ConfigsHUB برای ارسال به کانال
2026-08-28 21:30:37,178 - INFO - ✅ 20 پست دریافت شد
2026-08-28 21:30:37,180 - INFO - 💾 وضعیت به‌روز شد: ConfigsHUB/2025385
2026-08-28 21:30:37,180 - INFO - 📊 از https://t.me/s/ConfigsHUB: 15 کانفیگ جدید پیدا شد
2026-08-28 21:30:37,180 - INFO - 📊 تعداد کل کانفیگ‌های جدید: 15
2026-08-28 21:30:37,180 - INFO - 📤 ارسال 10 کانفیگ به کانال
2026-08-28 21:30:37,808 - INFO - HTTP Request: POST https://api.telegram.org/bot8316746677:AAF1IzRzODBtCvVWrL6dWtw7F8U3qb4DwXM/sendMessage "HTTP/1.1 200 OK"
2026-08-28 21:30:37,809 - INFO - ✅ پیام 1 از 1 ارسال شد
2026-08-28 21:30:38,811 - INFO - ==================================================
2026-08-28 21:30:38,811 - INFO - 🏁 اجرای ربات با موفقیت به پایان رسید
2026-08-28 22:30:36,344 - INFO - ==================================================
2026-08-28 22:30:36,344 - INFO - 🚀 شروع اجرای ربات
2026-08-28 22:30:36,344 - INFO - 📥 بخش ۱: دریافت ۱۰۰ کانفیگ آخر برای فایل JSON...
2026-08-28 22:30:36,344 - INFO - 📡 دریافت کانفیگ‌ها از https://t.me/s/ConfigsHUB برای فایل JSON
2026-08-28 22:30:36,867 - INFO - ✅ 11 کانفیگ از صفحه دریافت شد
2026-08-28 22:30:36,868 - INFO - 📊 از https://t.me/s/ConfigsHUB: 11 کانفیگ دریافت شد
2026-08-28 22:30:36,868 - INFO - 🔄 بعد از حذف تکراری: 11 کانفیگ برای JSON
2026-08-28 22:30:36,868 - WARNING - ⚠️ تعداد کانفیگ‌ها به 100 رسید (با None پر شد)
2026-08-28 22:30:36,868 - INFO - ✅ دقیقاً 100 کانفیگ در configs.json ذخیره شد
2026-08-28 22:30:36,868 - INFO - ✅ فایل configs.json با 11 کانفیگ واقعی به‌روز شد
2026-08-28 22:30:36,869 - INFO - 📝 نمونه کانفیگ اول: vless://8fb65472-5957-4f64-ba2d-b5812b2f155a@157.1...
2026-08-28 22:30:36,869 - INFO - 📤 بخش ۲: دریافت کانفیگ‌های جدید برای ارسال به کانال...
2026-08-28 22:30:36,869 - INFO - 📡 دریافت پست‌ها از https://t.me/s/ConfigsHUB برای ارسال به کانال
2026-08-28 22:30:37,323 - INFO - ✅ 20 پست دریافت شد
2026-08-28 22:30:37,324 - INFO - 💾 وضعیت به‌روز شد: ConfigsHUB/2025540
2026-08-28 22:30:37,324 - INFO - 📊 از https://t.me/s/ConfigsHUB: 11 کانفیگ جدید پیدا شد
2026-08-28 22:30:37,324 - INFO - 📊 تعداد کل کانفیگ‌های جدید: 11
2026-08-28 22:30:37,324 - INFO - 📤 ارسال 10 کانفیگ به کانال
2026-08-28 22:30:37,999 - INFO - HTTP Request: POST https://api.telegram.org/bot8316746677:AAF1IzRzODBtCvVWrL6dWtw7F8U3qb4DwXM/sendMessage "HTTP/1.1 200 OK"
2026-08-28 22:30:38,000 - INFO - ✅ پیام 1 از 1 ارسال شد
2026-08-28 22:30:39,002 - INFO - ==================================================
2026-08-28 22:30:39,002 - INFO - 🏁 اجرای ربات با موفقیت به پایان رسید
2026-08-28 23:30:26,371 - INFO - ==================================================
2026-08-28 23:30:26,371 - INFO - 🚀 شروع اجرای ربات
2026-08-28 23:30:26,371 - INFO - 📥 بخش ۱: دریافت ۱۰۰ کانفیگ آخر برای فایل JSON...
2026-08-28 23:30:26,371 - INFO - 📡 دریافت کانفیگ‌ها از https://t.me/s/ConfigsHUB برای فایل JSON
2026-08-28 23:30:26,841 - INFO - ✅ 20 کانفیگ از صفحه دریافت شد
2026-08-28 23:30:26,842 - INFO - 📊 از https://t.me/s/ConfigsHUB: 20 کانفیگ دریافت شد
2026-08-28 23:30:26,842 - INFO - 🔄 بعد از حذف تکراری: 20 کانفیگ برای JSON
2026-08-28 23:30:26,842 - WARNING - ⚠️ تعداد کانفیگ‌ها به 100 رسید (با None پر شد)
2026-08-28 23:30:26,843 - INFO - ✅ دقیقاً 100 کانفیگ در configs.json ذخیره شد
2026-08-28 23:30:26,843 - INFO - ✅ فایل configs.json با 20 کانفیگ واقعی به‌روز شد
2026-08-28 23:30:26,843 - INFO - 📝 نمونه کانفیگ اول: vless://97532b08-357e-4140-a6f0-8e07f2ed3327@188.1...
2026-08-28 23:30:26,843 - INFO - 📤 بخش ۲: دریافت کانفیگ‌های جدید برای ارسال به کانال...
2026-08-28 23:30:26,843 - INFO - 📡 دریافت پست‌ها از https://t.me/s/ConfigsHUB برای ارسال به کانال
2026-08-28 23:30:27,208 - INFO - ✅ 20 پست دریافت شد
2026-08-28 23:30:27,209 - INFO - 💾 وضعیت به‌روز شد: ConfigsHUB/2025703
2026-08-28 23:30:27,209 - INFO - 📊 از https://t.me/s/ConfigsHUB: 20 کانفیگ جدید پیدا شد
2026-08-28 23:30:27,209 - INFO - 📊 تعداد کل کانفیگ‌های جدید: 20
2026-08-28 23:30:27,209 - INFO - 📤 ارسال 10 کانفیگ به کانال
2026-08-28 23:30:27,637 - INFO - HTTP Request: POST https://api.telegram.org/bot8316746677:AAF1IzRzODBtCvVWrL6dWtw7F8U3qb4DwXM/sendMessage "HTTP/1.1 200 OK"
2026-08-28 23:30:27,639 - INFO - ✅ پیام 1 از 1 ارسال شد
2026-08-28 23:30:28,641 - INFO - ==================================================
2026-08-28 23:30:28,641 - INFO - 🏁 اجرای ربات با موفقیت به پایان رسید
2026-08-28 23:57:18,012 - INFO - ==================================================
2026-08-28 23:57:18,012 - INFO - 🚀 شروع اجرای ربات
2026-08-28 23:57:18,012 - INFO - 📥 بخش ۱: دریافت ۱۰۰ کانفیگ آخر برای فایل JSON...
2026-08-28 23:57:18,012 - INFO - 📡 دریافت کانفیگ‌ها از https://t.me/s/ConfigsHUB برای فایل JSON
2026-08-28 23:57:18,715 - INFO - ✅ 19 کانفیگ از صفحه دریافت شد
2026-08-28 23:57:18,716 - INFO - 📊 از https://t.me/s/ConfigsHUB: 19 کانفیگ دریافت شد
2026-08-28 23:57:18,716 - INFO - 🔄 بعد از حذف تکراری: 19 کانفیگ برای JSON
2026-08-28 23:57:18,716 - WARNING - ⚠️ تعداد کانفیگ‌ها به 100 رسید (با None پر شد)
2026-08-28 23:57:18,716 - INFO - ✅ دقیقاً 100 کانفیگ در configs.json ذخیره شد
2026-08-28 23:57:18,716 - INFO - ✅ فایل configs.json با 19 کانفیگ واقعی به‌روز شد
2026-08-28 23:57:18,716 - INFO - 📝 نمونه کانفیگ اول: vless://65e294c6-9733-40cd-ade4-9bcf4017a1bd@93f08...
2026-08-28 23:57:18,717 - INFO - 📤 بخش ۲: دریافت کانفیگ‌های جدید برای ارسال به کانال...
2026-08-28 23:57:18,717 - INFO - 📡 دریافت پست‌ها از https://t.me/s/ConfigsHUB برای ارسال به کانال
2026-08-28 23:57:19,279 - INFO - ✅ 20 پست دریافت شد
2026-08-28 23:57:19,280 - INFO - 💾 وضعیت به‌روز شد: ConfigsHUB/2025755
2026-08-28 23:57:19,280 - INFO - 📊 از https://t.me/s/ConfigsHUB: 19 کانفیگ جدید پیدا شد
2026-08-28 23:57:19,280 - INFO - 📊 تعداد کل کانفیگ‌های جدید: 19
2026-08-28 23:57:19,280 - INFO - 📤 ارسال 10 کانفیگ به کانال
2026-08-28 23:57:19,987 - INFO - HTTP Request: POST https://api.telegram.org/bot8316746677:AAF1IzRzODBtCvVWrL6dWtw7F8U3qb4DwXM/sendMessage "HTTP/1.1 200 OK"
2026-08-28 23:57:19,988 - INFO - ✅ پیام 1 از 1 ارسال شد
2026-08-28 23:57:20,989 - INFO - ==================================================
2026-08-28 23:57:20,990 - INFO - 🏁 اجرای ربات با موفقیت به پایان رسید
2026-08-29 00:30:26,856 - INFO - ==================================================
2026-08-29 00:30:26,856 - INFO - 🚀 شروع اجرای ربات
2026-08-29 00:30:26,856 - INFO - 📥 بخش ۱: دریافت ۱۰۰ کانفیگ آخر برای فایل JSON...
2026-08-29 00:30:26,856 - INFO - 📡 دریافت کانفیگ‌ها از https://t.me/s/ConfigsHUB برای فایل JSON
2026-08-29 00:30:27,369 - INFO - ✅ 20 کانفیگ از صفحه دریافت شد
2026-08-29 00:30:27,371 - INFO - 📊 از https://t.me/s/ConfigsHUB: 20 کانفیگ دریافت شد
2026-08-29 00:30:27,371 - INFO - 🔄 بعد از حذف تکراری: 20 کانفیگ برای JSON
2026-08-29 00:30:27,371 - WARNING - ⚠️ تعداد کانفیگ‌ها به 100 رسید (با None پر شد)
2026-08-29 00:30:27,371 - INFO - ✅ دقیقاً 100 کانفیگ در configs.json ذخیره شد
2026-08-29 00:30:27,371 - INFO - ✅ فایل configs.json با 20 کانفیگ واقعی به‌روز شد
2026-08-29 00:30:27,371 - INFO - 📝 نمونه کانفیگ اول: ss://Y2hhY2hhMjAtaWV0Zi1wb2x5MTMwNTpuWjRZN3IycHZ2Q...
2026-08-29 00:30:27,371 - INFO - 📤 بخش ۲: دریافت کانفیگ‌های جدید برای ارسال به کانال...
2026-08-29 00:30:27,372 - INFO - 📡 دریافت پست‌ها از https://t.me/s/ConfigsHUB برای ارسال به کانال
2026-08-29 00:30:27,815 - INFO - ✅ 20 پست دریافت شد
2026-08-29 00:30:27,817 - INFO - 💾 وضعیت به‌روز شد: ConfigsHUB/2025814
2026-08-29 00:30:27,817 - INFO - 📊 از https://t.me/s/ConfigsHUB: 20 کانفیگ جدید پیدا شد
2026-08-29 00:30:27,817 - INFO - 📊 تعداد کل کانفیگ‌های جدید: 20
2026-08-29 00:30:27,817 - INFO - 📤 ارسال 10 کانفیگ به کانال
2026-08-29 00:30:28,369 - INFO - HTTP Request: POST https://api.telegram.org/bot8316746677:AAF1IzRzODBtCvVWrL6dWtw7F8U3qb4DwXM/sendMessage "HTTP/1.1 200 OK"
2026-08-29 00:30:28,370 - INFO - ✅ پیام 1 از 1 ارسال شد
2026-08-29 00:30:29,371 - INFO - ==================================================
2026-08-29 00:30:29,371 - INFO - 🏁 اجرای ربات با موفقیت به پایان رسید
2026-08-29 01:30:26,845 - INFO - ==================================================
2026-08-29 01:30:26,845 - INFO - 🚀 شروع اجرای ربات
2026-08-29 01:30:26,845 - INFO - 📥 بخش ۱: دریافت ۱۰۰ کانفیگ آخر برای فایل JSON...
2026-08-29 01:30:26,846 - INFO - 📡 دریافت کانفیگ‌ها از https://t.me/s/ConfigsHUB برای فایل JSON
2026-08-29 01:30:27,508 - INFO - ✅ 20 کانفیگ از صفحه دریافت شد
2026-08-29 01:30:27,509 - INFO - 📊 از https://t.me/s/ConfigsHUB: 20 کانفیگ دریافت شد
2026-08-29 01:30:27,510 - INFO - 🔄 بعد از حذف تکراری: 17 کانفیگ برای JSON
2026-08-29 01:30:27,510 - WARNING - ⚠️ تعداد کانفیگ‌ها به 100 رسید (با None پر شد)
2026-08-29 01:30:27,510 - INFO - ✅ دقیقاً 100 کانفیگ در configs.json ذخیره شد
2026-08-29 01:30:27,510 - INFO - ✅ فایل configs.json با 17 کانفیگ واقعی به‌روز شد
2026-08-29 01:30:27,510 - INFO - 📝 نمونه کانفیگ اول: vless://062ab170-2592-4915-a352-0e92eabfae54@downl...
2026-08-29 01:30:27,510 - INFO - 📤 بخش ۲: دریافت کانفیگ‌های جدید برای ارسال به کانال...
2026-08-29 01:30:27,510 - INFO - 📡 دریافت پست‌ها از https://t.me/s/ConfigsHUB برای ارسال به کانال
2026-08-29 01:30:27,982 - INFO - ✅ 20 پست دریافت شد
2026-08-29 01:30:27,983 - INFO - 💾 وضعیت به‌روز شد: ConfigsHUB/2025956
2026-08-29 01:30:27,983 - INFO - 📊 از https://t.me/s/ConfigsHUB: 20 کانفیگ جدید پیدا شد
2026-08-29 01:30:27,983 - INFO - 📊 تعداد کل کانفیگ‌های جدید: 20
2026-08-29 01:30:27,983 - INFO - 📤 ارسال 10 کانفیگ به کانال
2026-08-29 01:30:28,617 - INFO - HTTP Request: POST https://api.telegram.org/bot8316746677:AAF1IzRzODBtCvVWrL6dWtw7F8U3qb4DwXM/sendMessage "HTTP/1.1 200 OK"
2026-08-29 01:30:28,618 - INFO - ✅ پیام 1 از 1 ارسال شد
2026-08-29 01:30:29,620 - INFO - ==================================================
2026-08-29 01:30:29,620 - INFO - 🏁 اجرای ربات با موفقیت به پایان رسید
2026-08-29 02:30:30,406 - INFO - ==================================================
2026-08-29 02:30:30,407 - INFO - 🚀 شروع اجرای ربات
2026-08-29 02:30:30,407 - INFO - 📥 بخش ۱: دریافت ۱۰۰ کانفیگ آخر برای فایل JSON...
2026-08-29 02:30:30,407 - INFO - 📡 دریافت کانفیگ‌ها از https://t.me/s/ConfigsHUB برای فایل JSON
2026-08-29 02:30:30,881 - INFO - ✅ 18 کانفیگ از صفحه دریافت شد
2026-08-29 02:30:30,882 - INFO - 📊 از https://t.me/s/ConfigsHUB: 18 کانفیگ دریافت شد
2026-08-29 02:30:30,882 - INFO - 🔄 بعد از حذف تکراری: 17 کانفیگ برای JSON
2026-08-29 02:30:30,882 - WARNING - ⚠️ تعداد کانفیگ‌ها به 100 رسید (با None پر شد)
2026-08-29 02:30:30,883 - INFO - ✅ دقیقاً 100 کانفیگ در configs.json ذخیره شد
2026-08-29 02:30:30,883 - INFO - ✅ فایل configs.json با 17 کانفیگ واقعی به‌روز شد
2026-08-29 02:30:30,883 - INFO - 📝 نمونه کانفیگ اول: vless://d72a2e63-d533-4ddd-8b52-3e44a39a4042@50.11...
2026-08-29 02:30:30,883 - INFO - 📤 بخش ۲: دریافت کانفیگ‌های جدید برای ارسال به کانال...
2026-08-29 02:30:30,883 - INFO - 📡 دریافت پست‌ها از https://t.me/s/ConfigsHUB برای ارسال به کانال
2026-08-29 02:30:31,266 - INFO - ✅ 20 پست دریافت شد
2026-08-29 02:30:31,267 - INFO - 💾 وضعیت به‌روز شد: ConfigsHUB/2026057
2026-08-29 02:30:31,267 - INFO - 📊 از https://t.me/s/ConfigsHUB: 18 کانفیگ جدید پیدا شد
2026-08-29 02:30:31,267 - INFO - 📊 تعداد کل کانفیگ‌های جدید: 18
2026-08-29 02:30:31,268 - INFO - 📤 ارسال 10 کانفیگ به کانال
2026-08-29 02:30:31,703 - INFO - HTTP Request: POST https://api.telegram.org/bot8316746677:AAF1IzRzODBtCvVWrL6dWtw7F8U3qb4DwXM/sendMessage "HTTP/1.1 200 OK"
2026-08-29 02:30:31,704 - INFO - ✅ پیام 1 از 1 ارسال شد
2026-08-29 02:30:32,705 - INFO - ==================================================
2026-08-29 02:30:32,705 - INFO - 🏁 اجرای ربات با موفقیت به پایان رسید
2026-08-29 03:30:30,438 - INFO - ==================================================
2026-08-29 03:30:30,438 - INFO - 🚀 شروع اجرای ربات
2026-08-29 03:30:30,438 - INFO - 📥 بخش ۱: دریافت ۱۰۰ کانفیگ آخر برای فایل JSON...
2026-08-29 03:30:30,439 - INFO - 📡 دریافت کانفیگ‌ها از https://t.me/s/ConfigsHUB برای فایل JSON
2026-08-29 03:30:31,081 - INFO - ✅ 19 کانفیگ از صفحه دریافت شد
2026-08-29 03:30:31,082 - INFO - 📊 از https://t.me/s/ConfigsHUB: 19 کانفیگ دریافت شد
2026-08-29 03:30:31,082 - INFO - 🔄 بعد از حذف تکراری: 17 کانفیگ برای JSON
2026-08-29 03:30:31,082 - WARNING - ⚠️ تعداد کانفیگ‌ها به 100 رسید (با None پر شد)
2026-08-29 03:30:31,083 - INFO - ✅ دقیقاً 100 کانفیگ در configs.json ذخیره شد
2026-08-29 03:30:31,083 - INFO - ✅ فایل configs.json با 17 کانفیگ واقعی به‌روز شد
2026-08-29 03:30:31,083 - INFO - 📝 نمونه کانفیگ اول: vless://7d06c54e-fee6-40fc-bd99-50a512cb2a79@hardr...
2026-08-29 03:30:31,083 - INFO - 📤 بخش ۲: دریافت کانفیگ‌های جدید برای ارسال به کانال...
2026-08-29 03:30:31,083 - INFO - 📡 دریافت پست‌ها از https://t.me/s/ConfigsHUB برای ارسال به کانال
2026-08-29 03:30:31,659 - INFO - ✅ 20 پست دریافت شد
2026-08-29 03:30:31,660 - INFO - 💾 وضعیت به‌روز شد: ConfigsHUB/2026183
2026-08-29 03:30:31,660 - INFO - 📊 از https://t.me/s/ConfigsHUB: 19 کانفیگ جدید پیدا شد
2026-08-29 03:30:31,660 - INFO - 📊 تعداد کل کانفیگ‌های جدید: 19
2026-08-29 03:30:31,660 - INFO - 📤 ارسال 10 کانفیگ به کانال
2026-08-29 03:30:32,329 - INFO - HTTP Request: POST https://api.telegram.org/bot8316746677:AAF1IzRzODBtCvVWrL6dWtw7F8U3qb4DwXM/sendMessage "HTTP/1.1 200 OK"
2026-08-29 03:30:32,330 - INFO - ✅ پیام 1 از 1 ارسال شد
2026-08-29 03:30:33,332 - INFO - ==================================================
2026-08-29 03:30:33,332 - INFO - 🏁 اجرای ربات با موفقیت به پایان رسید
2026-08-29 04:30:32,259 - INFO - ==================================================
2026-08-29 04:30:32,259 - INFO - 🚀 شروع اجرای ربات
2026-08-29 04:30:32,259 - INFO - 📥 بخش ۱: دریافت ۱۰۰ کانفیگ آخر برای فایل JSON...
2026-08-29 04:30:32,259 - INFO - 📡 دریافت کانفیگ‌ها از https://t.me/s/ConfigsHUB برای فایل JSON
2026-08-29 04:30:32,930 - INFO - ✅ 19 کانفیگ از صفحه دریافت شد
2026-08-29 04:30:32,932 - INFO - 📊 از https://t.me/s/ConfigsHUB: 19 کانفیگ دریافت شد
2026-08-29 04:30:32,932 - INFO - 🔄 بعد از حذف تکراری: 18 کانفیگ برای JSON
2026-08-29 04:30:32,932 - WARNING - ⚠️ تعداد کانفیگ‌ها به 100 رسید (با None پر شد)
2026-08-29 04:30:32,933 - INFO - ✅ دقیقاً 100 کانفیگ در configs.json ذخیره شد
2026-08-29 04:30:32,933 - INFO - ✅ فایل configs.json با 18 کانفیگ واقعی به‌روز شد
2026-08-29 04:30:32,933 - INFO - 📝 نمونه کانفیگ اول: vless://c020a807-16d3-4ad0-99f7-8379421c8b71@172.2...
2026-08-29 04:30:32,933 - INFO - 📤 بخش ۲: دریافت کانفیگ‌های جدید برای ارسال به کانال...
2026-08-29 04:30:32,933 - INFO - 📡 دریافت پست‌ها از https://t.me/s/ConfigsHUB برای ارسال به کانال
2026-08-29 04:30:33,507 - INFO - ✅ 20 پست دریافت شد
2026-08-29 04:30:33,508 - INFO - 💾 وضعیت به‌روز شد: ConfigsHUB/2026314
2026-08-29 04:30:33,508 - INFO - 📊 از https://t.me/s/ConfigsHUB: 19 کانفیگ جدید پیدا شد
2026-08-29 04:30:33,508 - INFO - 📊 تعداد کل کانفیگ‌های جدید: 19
2026-08-29 04:30:33,508 - INFO - 📤 ارسال 10 کانفیگ به کانال
2026-08-29 04:30:34,196 - INFO - HTTP Request: POST https://api.telegram.org/bot8316746677:AAF1IzRzODBtCvVWrL6dWtw7F8U3qb4DwXM/sendMessage "HTTP/1.1 200 OK"
2026-08-29 04:30:34,197 - INFO - ✅ پیام 1 از 1 ارسال شد
2026-08-29 04:30:35,199 - INFO - ==================================================
2026-08-29 04:30:35,199 - INFO - 🏁 اجرای ربات با موفقیت به پایان رسید
2026-08-29 05:30:24,879 - INFO - ==================================================
2026-08-29 05:30:24,879 - INFO - 🚀 شروع اجرای ربات
2026-08-29 05:30:24,879 - INFO - 📥 بخش ۱: دریافت ۱۰۰ کانفیگ آخر برای فایل JSON...
2026-08-29 05:30:24,879 - INFO - 📡 دریافت کانفیگ‌ها از https://t.me/s/ConfigsHUB برای فایل JSON
2026-08-29 05:30:25,323 - INFO - ✅ 19 کانفیگ از صفحه دریافت شد
2026-08-29 05:30:25,323 - INFO - 📊 از https://t.me/s/ConfigsHUB: 19 کانفیگ دریافت شد
2026-08-29 05:30:25,324 - INFO - 🔄 بعد از حذف تکراری: 18 کانفیگ برای JSON
2026-08-29 05:30:25,324 - WARNING - ⚠️ تعداد کانفیگ‌ها به 100 رسید (با None پر شد)
2026-08-29 05:30:25,324 - INFO - ✅ دقیقاً 100 کانفیگ در configs.json ذخیره شد
2026-08-29 05:30:25,324 - INFO - ✅ فایل configs.json با 18 کانفیگ واقعی به‌روز شد
2026-08-29 05:30:25,324 - INFO - 📝 نمونه کانفیگ اول: vless://7caa0746-72d9-47b7-b829-8a1e1ba642ac@153.7...
2026-08-29 05:30:25,324 - INFO - 📤 بخش ۲: دریافت کانفیگ‌های جدید برای ارسال به کانال...
2026-08-29 05:30:25,324 - INFO - 📡 دریافت پست‌ها از https://t.me/s/ConfigsHUB برای ارسال به کانال
2026-08-29 05:30:25,686 - INFO - ✅ 20 پست دریافت شد
2026-08-29 05:30:25,687 - INFO - 💾 وضعیت به‌روز شد: ConfigsHUB/2026470
2026-08-29 05:30:25,687 - INFO - 📊 از https://t.me/s/ConfigsHUB: 19 کانفیگ جدید پیدا شد
2026-08-29 05:30:25,687 - INFO - 📊 تعداد کل کانفیگ‌های جدید: 19
2026-08-29 05:30:25,687 - INFO - 📤 ارسال 10 کانفیگ به کانال
2026-08-29 05:30:26,125 - INFO - HTTP Request: POST https://api.telegram.org/bot8316746677:AAF1IzRzODBtCvVWrL6dWtw7F8U3qb4DwXM/sendMessage "HTTP/1.1 200 OK"
2026-08-29 05:30:26,125 - INFO - ✅ پیام 1 از 1 ارسال شد
2026-08-29 05:30:27,127 - INFO - ==================================================
2026-08-29 05:30:27,127 - INFO - 🏁 اجرای ربات با موفقیت به پایان رسید
2026-08-29 06:30:26,105 - INFO - ==================================================
2026-08-29 06:30:26,105 - INFO - 🚀 شروع اجرای ربات
2026-08-29 06:30:26,105 - INFO - 📥 بخش ۱: دریافت ۱۰۰ کانفیگ آخر برای فایل JSON...
2026-08-29 06:30:26,105 - INFO - 📡 دریافت کانفیگ‌ها از https://t.me/s/ConfigsHUB برای فایل JSON
2026-08-29 06:30:26,695 - INFO - ✅ 20 کانفیگ از صفحه دریافت شد
2026-08-29 06:30:26,696 - INFO - 📊 از https://t.me/s/ConfigsHUB: 20 کانفیگ دریافت شد
2026-08-29 06:30:26,696 - INFO - 🔄 بعد از حذف تکراری: 15 کانفیگ برای JSON
2026-08-29 06:30:26,696 - WARNING - ⚠️ تعداد کانفیگ‌ها به 100 رسید (با None پر شد)
2026-08-29 06:30:26,697 - INFO - ✅ دقیقاً 100 کانفیگ در configs.json ذخیره شد
2026-08-29 06:30:26,697 - INFO - ✅ فایل configs.json با 15 کانفیگ واقعی به‌روز شد
2026-08-29 06:30:26,697 - INFO - 📝 نمونه کانفیگ اول: vless://9f752e03-411f-4df4-841f-a23c4c43d183@13.21...
2026-08-29 06:30:26,697 - INFO - 📤 بخش ۲: دریافت کانفیگ‌های جدید برای ارسال به کانال...
2026-08-29 06:30:26,697 - INFO - 📡 دریافت پست‌ها از https://t.me/s/ConfigsHUB برای ارسال به کانال
2026-08-29 06:30:27,196 - INFO - ✅ 20 پست دریافت شد
2026-08-29 06:30:27,197 - INFO - 💾 وضعیت به‌روز شد: ConfigsHUB/2026625
2026-08-29 06:30:27,197 - INFO - 📊 از https://t.me/s/ConfigsHUB: 20 کانفیگ جدید پیدا شد
2026-08-29 06:30:27,197 - INFO - 📊 تعداد کل کانفیگ‌های جدید: 20
2026-08-29 06:30:27,197 - INFO - 📤 ارسال 10 کانفیگ به کانال
2026-08-29 06:30:27,829 - INFO - HTTP Request: POST https://api.telegram.org/bot8316746677:AAF1IzRzODBtCvVWrL6dWtw7F8U3qb4DwXM/sendMessage "HTTP/1.1 200 OK"
2026-08-29 06:30:27,830 - INFO - ✅ پیام 1 از 1 ارسال شد
2026-08-29 06:30:28,831 - INFO - ==================================================
2026-08-29 06:30:28,831 - INFO - 🏁 اجرای ربات با موفقیت به پایان رسید
2026-08-29 06:56:06,432 - INFO - ==================================================
2026-08-29 06:56:06,432 - INFO - 🚀 شروع اجرای ربات
2026-08-29 06:56:06,432 - INFO - 📥 بخش ۱: دریافت ۱۰۰ کانفیگ آخر برای فایل JSON...
2026-08-29 06:56:06,432 - INFO - 📡 دریافت کانفیگ‌ها از https://t.me/s/ConfigsHUB برای فایل JSON
2026-08-29 06:56:06,854 - INFO - ✅ 14 کانفیگ از صفحه دریافت شد
2026-08-29 06:56:06,855 - INFO - 📊 از https://t.me/s/ConfigsHUB: 14 کانفیگ دریافت شد
2026-08-29 06:56:06,855 - INFO - 🔄 بعد از حذف تکراری: 14 کانفیگ برای JSON
2026-08-29 06:56:06,855 - WARNING - ⚠️ تعداد کانفیگ‌ها به 100 رسید (با None پر شد)
2026-08-29 06:56:06,856 - INFO - ✅ دقیقاً 100 کانفیگ در configs.json ذخیره شد
2026-08-29 06:56:06,856 - INFO - ✅ فایل configs.json با 14 کانفیگ واقعی به‌روز شد
2026-08-29 06:56:06,856 - INFO - 📝 نمونه کانفیگ اول: vless://60e2a548-96aa-4850-a279-1edab743c39b@nl1.c...
2026-08-29 06:56:06,856 - INFO - 📤 بخش ۲: دریافت کانفیگ‌های جدید برای ارسال به کانال...
2026-08-29 06:56:06,856 - INFO - 📡 دریافت پست‌ها از https://t.me/s/ConfigsHUB برای ارسال به کانال
2026-08-29 06:56:07,236 - INFO - ✅ 20 پست دریافت شد
2026-08-29 06:56:07,238 - INFO - 💾 وضعیت به‌روز شد: ConfigsHUB/2026669
2026-08-29 06:56:07,238 - INFO - 📊 از https://t.me/s/ConfigsHUB: 14 کانفیگ جدید پیدا شد
2026-08-29 06:56:07,238 - INFO - 📊 تعداد کل کانفیگ‌های جدید: 14
2026-08-29 06:56:07,238 - INFO - 📤 ارسال 10 کانفیگ به کانال
2026-08-29 06:56:07,677 - INFO - HTTP Request: POST https://api.telegram.org/bot8316746677:AAF1IzRzODBtCvVWrL6dWtw7F8U3qb4DwXM/sendMessage "HTTP/1.1 200 OK"
2026-08-29 06:56:07,678 - INFO - ✅ پیام 1 از 1 ارسال شد
2026-08-29 06:56:08,679 - INFO - ==================================================
2026-08-29 06:56:08,680 - INFO - 🏁 اجرای ربات با موفقیت به پایان رسید
2026-08-29 07:30:25,183 - INFO - ==================================================
2026-08-29 07:30:25,183 - INFO - 🚀 شروع اجرای ربات
2026-08-29 07:30:25,183 - INFO - 📥 بخش ۱: دریافت ۱۰۰ کانفیگ آخر برای فایل JSON...
2026-08-29 07:30:25,183 - INFO - 📡 دریافت کانفیگ‌ها از https://t.me/s/ConfigsHUB برای فایل JSON
2026-08-29 07:30:25,661 - INFO - ✅ 19 کانفیگ از صفحه دریافت شد
2026-08-29 07:30:25,662 - INFO - 📊 از https://t.me/s/ConfigsHUB: 19 کانفیگ دریافت شد
2026-08-29 07:30:25,662 - INFO - 🔄 بعد از حذف تکراری: 19 کانفیگ برای JSON
2026-08-29 07:30:25,662 - WARNING - ⚠️ تعداد کانفیگ‌ها به 100 رسید (با None پر شد)
2026-08-29 07:30:25,662 - INFO - ✅ دقیقاً 100 کانفیگ در configs.json ذخیره شد
2026-08-29 07:30:25,662 - INFO - ✅ فایل configs.json با 19 کانفیگ واقعی به‌روز شد
2026-08-29 07:30:25,663 - INFO - 📝 نمونه کانفیگ اول: vless://fe6f28ad-178b-4cd3-9c4d-a52ab1407e7d@217.6...
2026-08-29 07:30:25,663 - INFO - 📤 بخش ۲: دریافت کانفیگ‌های جدید برای ارسال به کانال...
2026-08-29 07:30:25,663 - INFO - 📡 دریافت پست‌ها از https://t.me/s/ConfigsHUB برای ارسال به کانال
2026-08-29 07:30:26,033 - INFO - ✅ 20 پست دریافت شد
2026-08-29 07:30:26,035 - INFO - 💾 وضعیت به‌روز شد: ConfigsHUB/2026813
2026-08-29 07:30:26,035 - INFO - 📊 از https://t.me/s/ConfigsHUB: 19 کانفیگ جدید پیدا شد
2026-08-29 07:30:26,035 - INFO - 📊 تعداد کل کانفیگ‌های جدید: 19
2026-08-29 07:30:26,035 - INFO - 📤 ارسال 10 کانفیگ به کانال
2026-08-29 07:30:26,538 - INFO - HTTP Request: POST https://api.telegram.org/bot8316746677:AAF1IzRzODBtCvVWrL6dWtw7F8U3qb4DwXM/sendMessage "HTTP/1.1 200 OK"
2026-08-29 07:30:26,539 - INFO - ✅ پیام 1 از 1 ارسال شد
2026-08-29 07:30:27,540 - INFO - ==================================================
2026-08-29 07:30:27,541 - INFO - 🏁 اجرای ربات با موفقیت به پایان رسید
2026-08-29 08:30:29,641 - INFO - ==================================================
2026-08-29 08:30:29,641 - INFO - 🚀 شروع اجرای ربات
2026-08-29 08:30:29,641 - INFO - 📥 بخش ۱: دریافت ۱۰۰ کانفیگ آخر برای فایل JSON...
2026-08-29 08:30:29,641 - INFO - 📡 دریافت کانفیگ‌ها از https://t.me/s/ConfigsHUB برای فایل JSON
2026-08-29 08:30:30,306 - INFO - ✅ 19 کانفیگ از صفحه دریافت شد
2026-08-29 08:30:30,307 - INFO - 📊 از https://t.me/s/ConfigsHUB: 19 کانفیگ دریافت شد
2026-08-29 08:30:30,307 - INFO - 🔄 بعد از حذف تکراری: 19 کانفیگ برای JSON
2026-08-29 08:30:30,307 - WARNING - ⚠️ تعداد کانفیگ‌ها به 100 رسید (با None پر شد)
2026-08-29 08:30:30,307 - INFO - ✅ دقیقاً 100 کانفیگ در configs.json ذخیره شد
2026-08-29 08:30:30,307 - INFO - ✅ فایل configs.json با 19 کانفیگ واقعی به‌روز شد
2026-08-29 08:30:30,308 - INFO - 📝 نمونه کانفیگ اول: vless://309b0ce3-09a8-4883-bfe4-bd56e215be44@31.76...
2026-08-29 08:30:30,308 - INFO - 📤 بخش ۲: دریافت کانفیگ‌های جدید برای ارسال به کانال...
2026-08-29 08:30:30,308 - INFO - 📡 دریافت پست‌ها از https://t.me/s/ConfigsHUB برای ارسال به کانال
2026-08-29 08:30:30,830 - INFO - ✅ 20 پست دریافت شد
2026-08-29 08:30:30,831 - INFO - 💾 وضعیت به‌روز شد: ConfigsHUB/2027067
2026-08-29 08:30:30,831 - INFO - 📊 از https://t.me/s/ConfigsHUB: 19 کانفیگ جدید پیدا شد
2026-08-29 08:30:30,831 - INFO - 📊 تعداد کل کانفیگ‌های جدید: 19
2026-08-29 08:30:30,832 - INFO - 📤 ارسال 10 کانفیگ به کانال
2026-08-29 08:30:31,427 - INFO - HTTP Request: POST https://api.telegram.org/bot8316746677:AAF1IzRzODBtCvVWrL6dWtw7F8U3qb4DwXM/sendMessage "HTTP/1.1 200 OK"
2026-08-29 08:30:31,428 - INFO - ✅ پیام 1 از 1 ارسال شد
2026-08-29 08:30:32,430 - INFO - ==================================================
2026-08-29 08:30:32,430 - INFO - 🏁 اجرای ربات با موفقیت به پایان رسید
2026-08-29 09:30:26,651 - INFO - ==================================================
2026-08-29 09:30:26,651 - INFO - 🚀 شروع اجرای ربات
2026-08-29 09:30:26,651 - INFO - 📥 بخش ۱: دریافت ۱۰۰ کانفیگ آخر برای فایل JSON...
2026-08-29 09:30:26,651 - INFO - 📡 دریافت کانفیگ‌ها از https://t.me/s/ConfigsHUB برای فایل JSON
2026-08-29 09:30:27,324 - INFO - ✅ 20 کانفیگ از صفحه دریافت شد
2026-08-29 09:30:27,325 - INFO - 📊 از https://t.me/s/ConfigsHUB: 20 کانفیگ دریافت شد
2026-08-29 09:30:27,325 - INFO - 🔄 بعد از حذف تکراری: 19 کانفیگ برای JSON
2026-08-29 09:30:27,325 - WARNING - ⚠️ تعداد کانفیگ‌ها به 100 رسید (با None پر شد)
2026-08-29 09:30:27,326 - INFO - ✅ دقیقاً 100 کانفیگ در configs.json ذخیره شد
2026-08-29 09:30:27,326 - INFO - ✅ فایل configs.json با 19 کانفیگ واقعی به‌روز شد
2026-08-29 09:30:27,326 - INFO - 📝 نمونه کانفیگ اول: vless://238bc88c-6f47-4622-9d6f-cab2ed76f098@Bulga...
2026-08-29 09:30:27,326 - INFO - 📤 بخش ۲: دریافت کانفیگ‌های جدید برای ارسال به کانال...
2026-08-29 09:30:27,326 - INFO - 📡 دریافت پست‌ها از https://t.me/s/ConfigsHUB برای ارسال به کانال
2026-08-29 09:30:27,911 - INFO - ✅ 20 پست دریافت شد
2026-08-29 09:30:27,912 - INFO - 💾 وضعیت به‌روز شد: ConfigsHUB/2027265
2026-08-29 09:30:27,912 - INFO - 📊 از https://t.me/s/ConfigsHUB: 20 کانفیگ جدید پیدا شد
2026-08-29 09:30:27,912 - INFO - 📊 تعداد کل کانفیگ‌های جدید: 20
2026-08-29 09:30:27,912 - INFO - 📤 ارسال 10 کانفیگ به کانال
2026-08-29 09:30:28,696 - INFO - HTTP Request: POST https://api.telegram.org/bot8316746677:AAF1IzRzODBtCvVWrL6dWtw7F8U3qb4DwXM/sendMessage "HTTP/1.1 200 OK"
2026-08-29 09:30:28,697 - INFO - ✅ پیام 1 از 1 ارسال شد
2026-08-29 09:30:29,698 - INFO - ==================================================
2026-08-29 09:30:29,698 - INFO - 🏁 اجرای ربات با موفقیت به پایان رسید
2026-08-29 10:30:25,198 - INFO - ==================================================
2026-08-29 10:30:25,198 - INFO - 🚀 شروع اجرای ربات
2026-08-29 10:30:25,198 - INFO - 📥 بخش ۱: دریافت ۱۰۰ کانفیگ آخر برای فایل JSON...
2026-08-29 10:30:25,198 - INFO - 📡 دریافت کانفیگ‌ها از https://t.me/s/ConfigsHUB برای فایل JSON
2026-08-29 10:30:25,740 - INFO - ✅ 16 کانفیگ از صفحه دریافت شد
2026-08-29 10:30:25,741 - INFO - 📊 از https://t.me/s/ConfigsHUB: 16 کانفیگ دریافت شد
2026-08-29 10:30:25,741 - INFO - 🔄 بعد از حذف تکراری: 16 کانفیگ برای JSON
2026-08-29 10:30:25,741 - WARNING - ⚠️ تعداد کانفیگ‌ها به 100 رسید (با None پر شد)
2026-08-29 10:30:25,742 - INFO - ✅ دقیقاً 100 کانفیگ در configs.json ذخیره شد
2026-08-29 10:30:25,742 - INFO - ✅ فایل configs.json با 16 کانفیگ واقعی به‌روز شد
2026-08-29 10:30:25,742 - INFO - 📝 نمونه کانفیگ اول: vless://2f35965a-9a9b-45fd-ba32-987296dfb6be@89.35...
2026-08-29 10:30:25,742 - INFO - 📤 بخش ۲: دریافت کانفیگ‌های جدید برای ارسال به کانال...
2026-08-29 10:30:25,742 - INFO - 📡 دریافت پست‌ها از https://t.me/s/ConfigsHUB برای ارسال به کانال
2026-08-29 10:30:26,159 - INFO - ✅ 20 پست دریافت شد
2026-08-29 10:30:26,161 - INFO - 💾 وضعیت به‌روز شد: ConfigsHUB/2027536
2026-08-29 10:30:26,161 - INFO - 📊 از https://t.me/s/ConfigsHUB: 16 کانفیگ جدید پیدا شد
2026-08-29 10:30:26,161 - INFO - 📊 تعداد کل کانفیگ‌های جدید: 16
2026-08-29 10:30:26,161 - INFO - 📤 ارسال 10 کانفیگ به کانال
2026-08-29 10:30:26,691 - INFO - HTTP Request: POST https://api.telegram.org/bot8316746677:AAF1IzRzODBtCvVWrL6dWtw7F8U3qb4DwXM/sendMessage "HTTP/1.1 200 OK"
2026-08-29 10:30:26,692 - INFO - ✅ پیام 1 از 1 ارسال شد
2026-08-29 10:30:27,694 - INFO - ==================================================
2026-08-29 10:30:27,694 - INFO - 🏁 اجرای ربات با موفقیت به پایان رسید
2026-08-29 11:30:26,739 - INFO - ==================================================
2026-08-29 11:30:26,739 - INFO - 🚀 شروع اجرای ربات
2026-08-29 11:30:26,739 - INFO - 📥 بخش ۱: دریافت ۱۰۰ کانفیگ آخر برای فایل JSON...
2026-08-29 11:30:26,739 - INFO - 📡 دریافت کانفیگ‌ها از https://t.me/s/ConfigsHUB برای فایل JSON
2026-08-29 11:30:27,197 - INFO - ✅ 18 کانفیگ از صفحه دریافت شد
2026-08-29 11:30:27,198 - INFO - 📊 از https://t.me/s/ConfigsHUB: 18 کانفیگ دریافت شد
2026-08-29 11:30:27,198 - INFO - 🔄 بعد از حذف تکراری: 17 کانفیگ برای JSON
2026-08-29 11:30:27,198 - WARNING - ⚠️ تعداد کانفیگ‌ها به 100 رسید (با None پر شد)
2026-08-29 11:30:27,199 - INFO - ✅ دقیقاً 100 کانفیگ در configs.json ذخیره شد
2026-08-29 11:30:27,199 - INFO - ✅ فایل configs.json با 17 کانفیگ واقعی به‌روز شد
2026-08-29 11:30:27,199 - INFO - 📝 نمونه کانفیگ اول: vless://b2e8f455-3bd9-477c-b8f0-a3198f601565@54.38...
2026-08-29 11:30:27,199 - INFO - 📤 بخش ۲: دریافت کانفیگ‌های جدید برای ارسال به کانال...
2026-08-29 11:30:27,199 - INFO - 📡 دریافت پست‌ها از https://t.me/s/ConfigsHUB برای ارسال به کانال
2026-08-29 11:30:27,613 - INFO - ✅ 20 پست دریافت شد
2026-08-29 11:30:27,615 - INFO - 💾 وضعیت به‌روز شد: ConfigsHUB/2027734
2026-08-29 11:30:27,615 - INFO - 📊 از https://t.me/s/ConfigsHUB: 18 کانفیگ جدید پیدا شد
2026-08-29 11:30:27,615 - INFO - 📊 تعداد کل کانفیگ‌های جدید: 18
2026-08-29 11:30:27,615 - INFO - 📤 ارسال 10 کانفیگ به کانال
2026-08-29 11:30:28,110 - INFO - HTTP Request: POST https://api.telegram.org/bot8316746677:AAF1IzRzODBtCvVWrL6dWtw7F8U3qb4DwXM/sendMessage "HTTP/1.1 200 OK"
2026-08-29 11:30:28,111 - INFO - ✅ پیام 1 از 1 ارسال شد
2026-08-29 11:30:29,113 - INFO - ==================================================
2026-08-29 11:30:29,113 - INFO - 🏁 اجرای ربات با موفقیت به پایان رسید
2026-08-29 12:30:28,263 - INFO - ==================================================
2026-08-29 12:30:28,263 - INFO - 🚀 شروع اجرای ربات
2026-08-29 12:30:28,263 - INFO - 📥 بخش ۱: دریافت ۱۰۰ کانفیگ آخر برای فایل JSON...
2026-08-29 12:30:28,263 - INFO - 📡 دریافت کانفیگ‌ها از https://t.me/s/ConfigsHUB برای فایل JSON
2026-08-29 12:30:28,880 - INFO - ✅ 17 کانفیگ از صفحه دریافت شد
2026-08-29 12:30:28,881 - INFO - 📊 از https://t.me/s/ConfigsHUB: 17 کانفیگ دریافت شد
2026-08-29 12:30:28,881 - INFO - 🔄 بعد از حذف تکراری: 16 کانفیگ برای JSON
2026-08-29 12:30:28,881 - WARNING - ⚠️ تعداد کانفیگ‌ها به 100 رسید (با None پر شد)
2026-08-29 12:30:28,882 - INFO - ✅ دقیقاً 100 کانفیگ در configs.json ذخیره شد
2026-08-29 12:30:28,882 - INFO - ✅ فایل configs.json با 16 کانفیگ واقعی به‌روز شد
2026-08-29 12:30:28,882 - INFO - 📝 نمونه کانفیگ اول: vless://6da4f62b-187b-4b00-a810-1655622004aa@144.1...
2026-08-29 12:30:28,882 - INFO - 📤 بخش ۲: دریافت کانفیگ‌های جدید برای ارسال به کانال...
2026-08-29 12:30:28,882 - INFO - 📡 دریافت پست‌ها از https://t.me/s/ConfigsHUB برای ارسال به کانال
2026-08-29 12:30:29,420 - INFO - ✅ 20 پست دریافت شد
2026-08-29 12:30:29,421 - INFO - 💾 وضعیت به‌روز شد: ConfigsHUB/2028009
2026-08-29 12:30:29,421 - INFO - 📊 از https://t.me/s/ConfigsHUB: 17 کانفیگ جدید پیدا شد
2026-08-29 12:30:29,421 - INFO - 📊 تعداد کل کانفیگ‌های جدید: 17
2026-08-29 12:30:29,421 - INFO - 📤 ارسال 10 کانفیگ به کانال
2026-08-29 12:30:30,067 - INFO - HTTP Request: POST https://api.telegram.org/bot8316746677:AAF1IzRzODBtCvVWrL6dWtw7F8U3qb4DwXM/sendMessage "HTTP/1.1 200 OK"
2026-08-29 12:30:30,068 - INFO - ✅ پیام 1 از 1 ارسال شد
2026-08-29 12:30:31,069 - INFO - ==================================================
2026-08-29 12:30:31,069 - INFO - 🏁 اجرای ربات با موفقیت به پایان رسید
2026-08-29 13:06:32,048 - INFO - ==================================================
2026-08-29 13:06:32,048 - INFO - 🚀 شروع اجرای ربات
2026-08-29 13:06:32,048 - INFO - 📥 بخش ۱: دریافت ۱۰۰ کانفیگ آخر برای فایل JSON...
2026-08-29 13:06:32,048 - INFO - 📡 دریافت کانفیگ‌ها از https://t.me/s/ConfigsHUB برای فایل JSON
2026-08-29 13:06:32,479 - INFO - ✅ 20 کانفیگ از صفحه دریافت شد
2026-08-29 13:06:32,480 - INFO - 📊 از https://t.me/s/ConfigsHUB: 20 کانفیگ دریافت شد
2026-08-29 13:06:32,480 - INFO - 🔄 بعد از حذف تکراری: 20 کانفیگ برای JSON
2026-08-29 13:06:32,480 - WARNING - ⚠️ تعداد کانفیگ‌ها به 100 رسید (با None پر شد)
2026-08-29 13:06:32,480 - INFO - ✅ دقیقاً 100 کانفیگ در configs.json ذخیره شد
2026-08-29 13:06:32,480 - INFO - ✅ فایل configs.json با 20 کانفیگ واقعی به‌روز شد
2026-08-29 13:06:32,481 - INFO - 📝 نمونه کانفیگ اول: vless://a18f7c2d-9e45-4b8a-af3c-1d5e7f9c8b2a@83.16...
2026-08-29 13:06:32,481 - INFO - 📤 بخش ۲: دریافت کانفیگ‌های جدید برای ارسال به کانال...
2026-08-29 13:06:32,481 - INFO - 📡 دریافت پست‌ها از https://t.me/s/ConfigsHUB برای ارسال به کانال
2026-08-29 13:06:32,857 - INFO - ✅ 20 پست دریافت شد
2026-08-29 13:06:32,858 - INFO - 💾 وضعیت به‌روز شد: ConfigsHUB/2028101
2026-08-29 13:06:32,858 - INFO - 📊 از https://t.me/s/ConfigsHUB: 20 کانفیگ جدید پیدا شد
2026-08-29 13:06:32,859 - INFO - 📊 تعداد کل کانفیگ‌های جدید: 20
2026-08-29 13:06:32,859 - INFO - 📤 ارسال 10 کانفیگ به کانال
2026-08-29 13:06:33,343 - INFO - HTTP Request: POST https://api.telegram.org/bot8316746677:AAF1IzRzODBtCvVWrL6dWtw7F8U3qb4DwXM/sendMessage "HTTP/1.1 200 OK"
2026-08-29 13:06:33,344 - INFO - ✅ پیام 1 از 1 ارسال شد
2026-08-29 13:06:34,346 - INFO - ==================================================
2026-08-29 13:06:34,346 - INFO - 🏁 اجرای ربات با موفقیت به پایان رسید
2026-08-29 13:30:29,541 - INFO - ==================================================
2026-08-29 13:30:29,541 - INFO - 🚀 شروع اجرای ربات
2026-08-29 13:30:29,541 - INFO - 📥 بخش ۱: دریافت ۱۰۰ کانفیگ آخر برای فایل JSON...
2026-08-29 13:30:29,541 - INFO - 📡 دریافت کانفیگ‌ها از https://t.me/s/ConfigsHUB برای فایل JSON
2026-08-29 13:30:29,989 - INFO - ✅ 20 کانفیگ از صفحه دریافت شد
2026-08-29 13:30:29,990 - INFO - 📊 از https://t.me/s/ConfigsHUB: 20 کانفیگ دریافت شد
2026-08-29 13:30:29,990 - INFO - 🔄 بعد از حذف تکراری: 20 کانفیگ برای JSON
2026-08-29 13:30:29,990 - WARNING - ⚠️ تعداد کانفیگ‌ها به 100 رسید (با None پر شد)
2026-08-29 13:30:29,991 - INFO - ✅ دقیقاً 100 کانفیگ در configs.json ذخیره شد
2026-08-29 13:30:29,991 - INFO - ✅ فایل configs.json با 20 کانفیگ واقعی به‌روز شد
2026-08-29 13:30:29,991 - INFO - 📝 نمونه کانفیگ اول: vless://48ff2b70-e180-582f-8866-d9a2edeed5f5@51.15...
2026-08-29 13:30:29,991 - INFO - 📤 بخش ۲: دریافت کانفیگ‌های جدید برای ارسال به کانال...
2026-08-29 13:30:29,991 - INFO - 📡 دریافت پست‌ها از https://t.me/s/ConfigsHUB برای ارسال به کانال
2026-08-29 13:30:30,398 - INFO - ✅ 20 پست دریافت شد
2026-08-29 13:30:30,400 - INFO - 💾 وضعیت به‌روز شد: ConfigsHUB/2028195
2026-08-29 13:30:30,400 - INFO - 📊 از https://t.me/s/ConfigsHUB: 20 کانفیگ جدید پیدا شد
2026-08-29 13:30:30,400 - INFO - 📊 تعداد کل کانفیگ‌های جدید: 20
2026-08-29 13:30:30,400 - INFO - 📤 ارسال 10 کانفیگ به کانال
2026-08-29 13:30:30,901 - INFO - HTTP Request: POST https://api.telegram.org/bot8316746677:AAF1IzRzODBtCvVWrL6dWtw7F8U3qb4DwXM/sendMessage "HTTP/1.1 200 OK"
2026-08-29 13:30:30,901 - INFO - ✅ پیام 1 از 1 ارسال شد
2026-08-29 13:30:31,903 - INFO - ==================================================
2026-08-29 13:30:31,903 - INFO - 🏁 اجرای ربات با موفقیت به پایان رسید
2026-08-29 14:30:28,693 - INFO - ==================================================
2026-08-29 14:30:28,693 - INFO - 🚀 شروع اجرای ربات
2026-08-29 14:30:28,693 - INFO - 📥 بخش ۱: دریافت ۱۰۰ کانفیگ آخر برای فایل JSON...
2026-08-29 14:30:28,693 - INFO - 📡 دریافت کانفیگ‌ها از https://t.me/s/ConfigsHUB برای فایل JSON
2026-08-29 14:30:29,186 - INFO - ✅ 14 کانفیگ از صفحه دریافت شد
2026-08-29 14:30:29,187 - INFO - 📊 از https://t.me/s/ConfigsHUB: 14 کانفیگ دریافت شد
2026-08-29 14:30:29,187 - INFO - 🔄 بعد از حذف تکراری: 14 کانفیگ برای JSON
2026-08-29 14:30:29,187 - WARNING - ⚠️ تعداد کانفیگ‌ها به 100 رسید (با None پر شد)
2026-08-29 14:30:29,188 - INFO - ✅ دقیقاً 100 کانفیگ در configs.json ذخیره شد
2026-08-29 14:30:29,188 - INFO - ✅ فایل configs.json با 14 کانفیگ واقعی به‌روز شد
2026-08-29 14:30:29,188 - INFO - 📝 نمونه کانفیگ اول: vless://bbff0604-8fdb-43fc-a3ab-bcb46c4e4807@shop....
2026-08-29 14:30:29,188 - INFO - 📤 بخش ۲: دریافت کانفیگ‌های جدید برای ارسال به کانال...
2026-08-29 14:30:29,188 - INFO - 📡 دریافت پست‌ها از https://t.me/s/ConfigsHUB برای ارسال به کانال
2026-08-29 14:30:29,609 - INFO - ✅ 20 پست دریافت شد
2026-08-29 14:30:29,611 - INFO - 💾 وضعیت به‌روز شد: ConfigsHUB/2028379
2026-08-29 14:30:29,611 - INFO - 📊 از https://t.me/s/ConfigsHUB: 14 کانفیگ جدید پیدا شد
2026-08-29 14:30:29,611 - INFO - 📊 تعداد کل کانفیگ‌های جدید: 14
2026-08-29 14:30:29,611 - INFO - 📤 ارسال 10 کانفیگ به کانال
2026-08-29 14:30:30,461 - INFO - HTTP Request: POST https://api.telegram.org/bot8316746677:AAF1IzRzODBtCvVWrL6dWtw7F8U3qb4DwXM/sendMessage "HTTP/1.1 200 OK"
2026-08-29 14:30:30,462 - INFO - ✅ پیام 1 از 1 ارسال شد
2026-08-29 14:30:31,464 - INFO - ==================================================
2026-08-29 14:30:31,464 - INFO - 🏁 اجرای ربات با موفقیت به پایان رسید
2026-08-29 15:30:33,015 - INFO - ==================================================
2026-08-29 15:30:33,015 - INFO - 🚀 شروع اجرای ربات
2026-08-29 15:30:33,015 - INFO - 📥 بخش ۱: دریافت ۱۰۰ کانفیگ آخر برای فایل JSON...
2026-08-29 15:30:33,015 - INFO - 📡 دریافت کانفیگ‌ها از https://t.me/s/ConfigsHUB برای فایل JSON
2026-08-29 15:30:33,604 - INFO - ✅ 19 کانفیگ از صفحه دریافت شد
2026-08-29 15:30:33,605 - INFO - 📊 از https://t.me/s/ConfigsHUB: 19 کانفیگ دریافت شد
2026-08-29 15:30:33,605 - INFO - 🔄 بعد از حذف تکراری: 17 کانفیگ برای JSON
2026-08-29 15:30:33,605 - WARNING - ⚠️ تعداد کانفیگ‌ها به 100 رسید (با None پر شد)
2026-08-29 15:30:33,605 - INFO - ✅ دقیقاً 100 کانفیگ در configs.json ذخیره شد
2026-08-29 15:30:33,606 - INFO - ✅ فایل configs.json با 17 کانفیگ واقعی به‌روز شد
2026-08-29 15:30:33,606 - INFO - 📝 نمونه کانفیگ اول: vless://b5ca5ab3-8cbc-4ac3-89da-9cd360589ecb@213.1...
2026-08-29 15:30:33,606 - INFO - 📤 بخش ۲: دریافت کانفیگ‌های جدید برای ارسال به کانال...
2026-08-29 15:30:33,606 - INFO - 📡 دریافت پست‌ها از https://t.me/s/ConfigsHUB برای ارسال به کانال
2026-08-29 15:30:34,122 - INFO - ✅ 20 پست دریافت شد
2026-08-29 15:30:34,123 - INFO - 💾 وضعیت به‌روز شد: ConfigsHUB/2028574
2026-08-29 15:30:34,123 - INFO - 📊 از https://t.me/s/ConfigsHUB: 19 کانفیگ جدید پیدا شد
2026-08-29 15:30:34,123 - INFO - 📊 تعداد کل کانفیگ‌های جدید: 19
2026-08-29 15:30:34,123 - INFO - 📤 ارسال 10 کانفیگ به کانال
2026-08-29 15:30:34,734 - INFO - HTTP Request: POST https://api.telegram.org/bot8316746677:AAF1IzRzODBtCvVWrL6dWtw7F8U3qb4DwXM/sendMessage "HTTP/1.1 200 OK"
2026-08-29 15:30:34,735 - INFO - ✅ پیام 1 از 1 ارسال شد
2026-08-29 15:30:35,737 - INFO - ==================================================
2026-08-29 15:30:35,737 - INFO - 🏁 اجرای ربات با موفقیت به پایان رسید
2026-08-29 16:30:30,512 - INFO - ==================================================
2026-08-29 16:30:30,513 - INFO - 🚀 شروع اجرای ربات
2026-08-29 16:30:30,513 - INFO - 📥 بخش ۱: دریافت ۱۰۰ کانفیگ آخر برای فایل JSON...
2026-08-29 16:30:30,513 - INFO - 📡 دریافت کانفیگ‌ها از https://t.me/s/ConfigsHUB برای فایل JSON
2026-08-29 16:30:31,149 - INFO - ✅ 19 کانفیگ از صفحه دریافت شد
2026-08-29 16:30:31,150 - INFO - 📊 از https://t.me/s/ConfigsHUB: 19 کانفیگ دریافت شد
2026-08-29 16:30:31,151 - INFO - 🔄 بعد از حذف تکراری: 19 کانفیگ برای JSON
2026-08-29 16:30:31,151 - WARNING - ⚠️ تعداد کانفیگ‌ها به 100 رسید (با None پر شد)
2026-08-29 16:30:31,151 - INFO - ✅ دقیقاً 100 کانفیگ در configs.json ذخیره شد
2026-08-29 16:30:31,151 - INFO - ✅ فایل configs.json با 19 کانفیگ واقعی به‌روز شد
2026-08-29 16:30:31,151 - INFO - 📝 نمونه کانفیگ اول: vless://2f35965a-9a9b-45fd-ba32-987296dfb6be@45.9....
2026-08-29 16:30:31,151 - INFO - 📤 بخش ۲: دریافت کانفیگ‌های جدید برای ارسال به کانال...
2026-08-29 16:30:31,151 - INFO - 📡 دریافت پست‌ها از https://t.me/s/ConfigsHUB برای ارسال به کانال
2026-08-29 16:30:31,672 - INFO - ✅ 20 پست دریافت شد
2026-08-29 16:30:31,673 - INFO - 💾 وضعیت به‌روز شد: ConfigsHUB/2028857
2026-08-29 16:30:31,673 - INFO - 📊 از https://t.me/s/ConfigsHUB: 19 کانفیگ جدید پیدا شد
2026-08-29 16:30:31,673 - INFO - 📊 تعداد کل کانفیگ‌های جدید: 19
2026-08-29 16:30:31,673 - INFO - 📤 ارسال 10 کانفیگ به کانال
2026-08-29 16:30:32,339 - INFO - HTTP Request: POST https://api.telegram.org/bot8316746677:AAF1IzRzODBtCvVWrL6dWtw7F8U3qb4DwXM/sendMessage "HTTP/1.1 200 OK"
2026-08-29 16:30:32,340 - INFO - ✅ پیام 1 از 1 ارسال شد
2026-08-29 16:30:33,341 - INFO - ==================================================
2026-08-29 16:30:33,341 - INFO - 🏁 اجرای ربات با موفقیت به پایان رسید
2026-08-29 17:30:31,453 - INFO - ==================================================
2026-08-29 17:30:31,453 - INFO - 🚀 شروع اجرای ربات
2026-08-29 17:30:31,453 - INFO - 📥 بخش ۱: دریافت ۱۰۰ کانفیگ آخر برای فایل JSON...
2026-08-29 17:30:31,454 - INFO - 📡 دریافت کانفیگ‌ها از https://t.me/s/ConfigsHUB برای فایل JSON
2026-08-29 17:30:32,158 - INFO - ✅ 19 کانفیگ از صفحه دریافت شد
2026-08-29 17:30:32,159 - INFO - 📊 از https://t.me/s/ConfigsHUB: 19 کانفیگ دریافت شد
2026-08-29 17:30:32,159 - INFO - 🔄 بعد از حذف تکراری: 19 کانفیگ برای JSON
2026-08-29 17:30:32,159 - WARNING - ⚠️ تعداد کانفیگ‌ها به 100 رسید (با None پر شد)
2026-08-29 17:30:32,160 - INFO - ✅ دقیقاً 100 کانفیگ در configs.json ذخیره شد
2026-08-29 17:30:32,160 - INFO - ✅ فایل configs.json با 19 کانفیگ واقعی به‌روز شد
2026-08-29 17:30:32,160 - INFO - 📝 نمونه کانفیگ اول: vless://255386a8-aec5-4425-bfe7-ca49b7448deb@5.255...
2026-08-29 17:30:32,160 - INFO - 📤 بخش ۲: دریافت کانفیگ‌های جدید برای ارسال به کانال...
2026-08-29 17:30:32,160 - INFO - 📡 دریافت پست‌ها از https://t.me/s/ConfigsHUB برای ارسال به کانال
2026-08-29 17:30:32,725 - INFO - ✅ 20 پست دریافت شد
2026-08-29 17:30:32,726 - INFO - 💾 وضعیت به‌روز شد: ConfigsHUB/2029096
2026-08-29 17:30:32,726 - INFO - 📊 از https://t.me/s/ConfigsHUB: 19 کانفیگ جدید پیدا شد
2026-08-29 17:30:32,726 - INFO - 📊 تعداد کل کانفیگ‌های جدید: 19
2026-08-29 17:30:32,726 - INFO - 📤 ارسال 10 کانفیگ به کانال
2026-08-29 17:30:33,481 - INFO - HTTP Request: POST https://api.telegram.org/bot8316746677:AAF1IzRzODBtCvVWrL6dWtw7F8U3qb4DwXM/sendMessage "HTTP/1.1 200 OK"
2026-08-29 17:30:33,482 - INFO - ✅ پیام 1 از 1 ارسال شد
2026-08-29 17:30:34,484 - INFO - ==================================================
2026-08-29 17:30:34,484 - INFO - 🏁 اجرای ربات با موفقیت به پایان رسید
2026-08-29 17:36:16,179 - INFO - ==================================================
2026-08-29 17:36:16,179 - INFO - 🚀 شروع اجرای ربات
2026-08-29 17:36:16,179 - INFO - 📥 بخش ۱: دریافت ۱۰۰ کانفیگ آخر برای فایل JSON...
2026-08-29 17:36:16,179 - INFO - 📡 دریافت کانفیگ‌ها از https://t.me/s/ConfigsHUB برای فایل JSON
2026-08-29 17:36:17,086 - INFO - ✅ 19 کانفیگ از صفحه دریافت شد
2026-08-29 17:36:17,087 - INFO - 📊 از https://t.me/s/ConfigsHUB: 19 کانفیگ دریافت شد
2026-08-29 17:36:17,087 - INFO - 🔄 بعد از حذف تکراری: 19 کانفیگ برای JSON
2026-08-29 17:36:17,087 - WARNING - ⚠️ تعداد کانفیگ‌ها به 100 رسید (با None پر شد)
2026-08-29 17:36:17,088 - INFO - ✅ دقیقاً 100 کانفیگ در configs.json ذخیره شد
2026-08-29 17:36:17,088 - INFO - ✅ فایل configs.json با 19 کانفیگ واقعی به‌روز شد
2026-08-29 17:36:17,088 - INFO - 📝 نمونه کانفیگ اول: vless://255386a8-aec5-4425-bfe7-ca49b7448deb@5.255...
2026-08-29 17:36:17,088 - INFO - 📤 بخش ۲: دریافت کانفیگ‌های جدید برای ارسال به کانال...
2026-08-29 17:36:17,088 - INFO - 📡 دریافت پست‌ها از https://t.me/s/ConfigsHUB برای ارسال به کانال
2026-08-29 17:36:17,658 - INFO - ✅ 20 پست دریافت شد
2026-08-29 17:36:17,659 - INFO - ⏭️ رد کردن پست تکراری: ConfigsHUB/2029096
2026-08-29 17:36:17,659 - INFO - 💾 وضعیت به‌روز شد: ConfigsHUB/2029096
2026-08-29 17:36:17,659 - INFO - 📊 از https://t.me/s/ConfigsHUB: 0 کانفیگ جدید پیدا شد
2026-08-29 17:36:17,660 - INFO - 📊 تعداد کل کانفیگ‌های جدید: 0
2026-08-29 17:36:17,660 - INFO - ℹ️ کانفیگ جدیدی برای ارسال وجود ندارد
2026-08-29 17:36:17,660 - INFO - ==================================================
2026-08-29 17:36:17,660 - INFO - 🏁 اجرای ربات با موفقیت به پایان رسید
2026-08-29 18:30:27,359 - INFO - ==================================================
2026-08-29 18:30:27,359 - INFO - 🚀 شروع اجرای ربات
2026-08-29 18:30:27,359 - INFO - 📥 بخش ۱: دریافت ۱۰۰ کانفیگ آخر برای فایل JSON...
2026-08-29 18:30:27,359 - INFO - 📡 دریافت کانفیگ‌ها از https://t.me/s/ConfigsHUB برای فایل JSON
2026-08-29 18:30:27,828 - INFO - ✅ 16 کانفیگ از صفحه دریافت شد
2026-08-29 18:30:27,829 - INFO - 📊 از https://t.me/s/ConfigsHUB: 16 کانفیگ دریافت شد
2026-08-29 18:30:27,830 - INFO - 🔄 بعد از حذف تکراری: 16 کانفیگ برای JSON
2026-08-29 18:30:27,830 - WARNING - ⚠️ تعداد کانفیگ‌ها به 100 رسید (با None پر شد)
2026-08-29 18:30:27,830 - INFO - ✅ دقیقاً 100 کانفیگ در configs.json ذخیره شد
2026-08-29 18:30:27,830 - INFO - ✅ فایل configs.json با 16 کانفیگ واقعی به‌روز شد
2026-08-29 18:30:27,830 - INFO - 📝 نمونه کانفیگ اول: vless://15fd22d1-8931-4d41-af37-8ba6711e93fe@5.253...
2026-08-29 18:30:27,830 - INFO - 📤 بخش ۲: دریافت کانفیگ‌های جدید برای ارسال به کانال...
2026-08-29 18:30:27,831 - INFO - 📡 دریافت پست‌ها از https://t.me/s/ConfigsHUB برای ارسال به کانال
2026-08-29 18:30:28,212 - INFO - ✅ 20 پست دریافت شد
2026-08-29 18:30:28,213 - INFO - 💾 وضعیت به‌روز شد: ConfigsHUB/2029319
2026-08-29 18:30:28,213 - INFO - 📊 از https://t.me/s/ConfigsHUB: 16 کانفیگ جدید پیدا شد
2026-08-29 18:30:28,213 - INFO - 📊 تعداد کل کانفیگ‌های جدید: 16
2026-08-29 18:30:28,213 - INFO - 📤 ارسال 10 کانفیگ به کانال
2026-08-29 18:30:28,702 - INFO - HTTP Request: POST https://api.telegram.org/bot8316746677:AAF1IzRzODBtCvVWrL6dWtw7F8U3qb4DwXM/sendMessage "HTTP/1.1 200 OK"
2026-08-29 18:30:28,703 - INFO - ✅ پیام 1 از 1 ارسال شد
2026-08-29 18:30:29,705 - INFO - ==================================================
2026-08-29 18:30:29,705 - INFO - 🏁 اجرای ربات با موفقیت به پایان رسید
2026-08-29 19:30:30,640 - INFO - ==================================================
2026-08-29 19:30:30,640 - INFO - 🚀 شروع اجرای ربات
2026-08-29 19:30:30,640 - INFO - 📥 بخش ۱: دریافت ۱۰۰ کانفیگ آخر برای فایل JSON...
2026-08-29 19:30:30,640 - INFO - 📡 دریافت کانفیگ‌ها از https://t.me/s/ConfigsHUB برای فایل JSON
2026-08-29 19:30:31,141 - INFO - ✅ 20 کانفیگ از صفحه دریافت شد
2026-08-29 19:30:31,142 - INFO - 📊 از https://t.me/s/ConfigsHUB: 20 کانفیگ دریافت شد
2026-08-29 19:30:31,142 - INFO - 🔄 بعد از حذف تکراری: 17 کانفیگ برای JSON
2026-08-29 19:30:31,142 - WARNING - ⚠️ تعداد کانفیگ‌ها به 100 رسید (با None پر شد)
2026-08-29 19:30:31,142 - INFO - ✅ دقیقاً 100 کانفیگ در configs.json ذخیره شد
2026-08-29 19:30:31,143 - INFO - ✅ فایل configs.json با 17 کانفیگ واقعی به‌روز شد
2026-08-29 19:30:31,143 - INFO - 📝 نمونه کانفیگ اول: vless://bae47c97-9bc1-48f6-a133-a383ee71c12e@95.15...
2026-08-29 19:30:31,143 - INFO - 📤 بخش ۲: دریافت کانفیگ‌های جدید برای ارسال به کانال...
2026-08-29 19:30:31,143 - INFO - 📡 دریافت پست‌ها از https://t.me/s/ConfigsHUB برای ارسال به کانال
2026-08-29 19:30:31,556 - INFO - ✅ 20 پست دریافت شد
2026-08-29 19:30:31,557 - INFO - 💾 وضعیت به‌روز شد: ConfigsHUB/2029570
2026-08-29 19:30:31,557 - INFO - 📊 از https://t.me/s/ConfigsHUB: 20 کانفیگ جدید پیدا شد
2026-08-29 19:30:31,557 - INFO - 📊 تعداد کل کانفیگ‌های جدید: 20
2026-08-29 19:30:31,558 - INFO - 📤 ارسال 10 کانفیگ به کانال
2026-08-29 19:30:32,025 - INFO - HTTP Request: POST https://api.telegram.org/bot8316746677:AAF1IzRzODBtCvVWrL6dWtw7F8U3qb4DwXM/sendMessage "HTTP/1.1 200 OK"
2026-08-29 19:30:32,026 - INFO - ✅ پیام 1 از 1 ارسال شد
2026-08-29 19:30:33,028 - INFO - ==================================================
2026-08-29 19:30:33,028 - INFO - 🏁 اجرای ربات با موفقیت به پایان رسید
2026-08-29 20:30:31,401 - INFO - ==================================================
2026-08-29 20:30:31,401 - INFO - 🚀 شروع اجرای ربات
2026-08-29 20:30:31,401 - INFO - 📥 بخش ۱: دریافت ۱۰۰ کانفیگ آخر برای فایل JSON...
2026-08-29 20:30:31,401 - INFO - 📡 دریافت کانفیگ‌ها از https://t.me/s/ConfigsHUB برای فایل JSON
2026-08-29 20:30:31,966 - INFO - ✅ 17 کانفیگ از صفحه دریافت شد
2026-08-29 20:30:31,967 - INFO - 📊 از https://t.me/s/ConfigsHUB: 17 کانفیگ دریافت شد
2026-08-29 20:30:31,967 - INFO - 🔄 بعد از حذف تکراری: 15 کانفیگ برای JSON
2026-08-29 20:30:31,967 - WARNING - ⚠️ تعداد کانفیگ‌ها به 100 رسید (با None پر شد)
2026-08-29 20:30:31,967 - INFO - ✅ دقیقاً 100 کانفیگ در configs.json ذخیره شد
2026-08-29 20:30:31,967 - INFO - ✅ فایل configs.json با 15 کانفیگ واقعی به‌روز شد
2026-08-29 20:30:31,967 - INFO - 📝 نمونه کانفیگ اول: vless://8975546a-375c-4966-8064-19fc0f66f30a@31.76...
2026-08-29 20:30:31,967 - INFO - 📤 بخش ۲: دریافت کانفیگ‌های جدید برای ارسال به کانال...
2026-08-29 20:30:31,968 - INFO - 📡 دریافت پست‌ها از https://t.me/s/ConfigsHUB برای ارسال به کانال
2026-08-29 20:30:32,499 - INFO - ✅ 20 پست دریافت شد
2026-08-29 20:30:32,500 - INFO - 💾 وضعیت به‌روز شد: ConfigsHUB/2029739
2026-08-29 20:30:32,500 - INFO - 📊 از https://t.me/s/ConfigsHUB: 17 کانفیگ جدید پیدا شد
2026-08-29 20:30:32,500 - INFO - 📊 تعداد کل کانفیگ‌های جدید: 17
2026-08-29 20:30:32,500 - INFO - 📤 ارسال 10 کانفیگ به کانال
2026-08-29 20:30:33,172 - INFO - HTTP Request: POST https://api.telegram.org/bot8316746677:AAF1IzRzODBtCvVWrL6dWtw7F8U3qb4DwXM/sendMessage "HTTP/1.1 200 OK"
2026-08-29 20:30:33,172 - INFO - ✅ پیام 1 از 1 ارسال شد
2026-08-29 20:30:34,174 - INFO - ==================================================
2026-08-29 20:30:34,174 - INFO - 🏁 اجرای ربات با موفقیت به پایان رسید
2026-08-29 20:43:05,634 - INFO - ==================================================
2026-08-29 20:43:05,634 - INFO - 🚀 شروع اجرای ربات
2026-08-29 20:43:05,634 - INFO - 📥 بخش ۱: دریافت ۱۰۰ کانفیگ آخر برای فایل JSON...
2026-08-29 20:43:05,634 - INFO - 📡 دریافت کانفیگ‌ها از https://t.me/s/ConfigsHUB برای فایل JSON
2026-08-29 20:43:06,109 - INFO - ✅ 19 کانفیگ از صفحه دریافت شد
2026-08-29 20:43:06,110 - INFO - 📊 از https://t.me/s/ConfigsHUB: 19 کانفیگ دریافت شد
2026-08-29 20:43:06,110 - INFO - 🔄 بعد از حذف تکراری: 19 کانفیگ برای JSON
2026-08-29 20:43:06,110 - WARNING - ⚠️ تعداد کانفیگ‌ها به 100 رسید (با None پر شد)
2026-08-29 20:43:06,111 - INFO - ✅ دقیقاً 100 کانفیگ در configs.json ذخیره شد
2026-08-29 20:43:06,111 - INFO - ✅ فایل configs.json با 19 کانفیگ واقعی به‌روز شد
2026-08-29 20:43:06,111 - INFO - 📝 نمونه کانفیگ اول: vless://60e2a548-96aa-4850-a279-1edab743c39b@132.2...
2026-08-29 20:43:06,111 - INFO - 📤 بخش ۲: دریافت کانفیگ‌های جدید برای ارسال به کانال...
2026-08-29 20:43:06,111 - INFO - 📡 دریافت پست‌ها از https://t.me/s/ConfigsHUB برای ارسال به کانال
2026-08-29 20:43:06,490 - INFO - ✅ 20 پست دریافت شد
2026-08-29 20:43:06,492 - INFO - 💾 وضعیت به‌روز شد: ConfigsHUB/2029788
2026-08-29 20:43:06,492 - INFO - 📊 از https://t.me/s/ConfigsHUB: 19 کانفیگ جدید پیدا شد
2026-08-29 20:43:06,492 - INFO - 📊 تعداد کل کانفیگ‌های جدید: 19
2026-08-29 20:43:06,492 - INFO - 📤 ارسال 10 کانفیگ به کانال
2026-08-29 20:43:06,926 - INFO - HTTP Request: POST https://api.telegram.org/bot8316746677:AAF1IzRzODBtCvVWrL6dWtw7F8U3qb4DwXM/sendMessage "HTTP/1.1 200 OK"
2026-08-29 20:43:06,927 - INFO - ✅ پیام 1 از 1 ارسال شد
2026-08-29 20:43:07,929 - INFO - ==================================================
2026-08-29 20:43:07,929 - INFO - 🏁 اجرای ربات با موفقیت به پایان رسید
2026-08-29 21:30:28,295 - INFO - ==================================================
2026-08-29 21:30:28,295 - INFO - 🚀 شروع اجرای ربات
2026-08-29 21:30:28,295 - INFO - 📥 بخش ۱: دریافت ۱۰۰ کانفیگ آخر برای فایل JSON...
2026-08-29 21:30:28,295 - INFO - 📡 دریافت کانفیگ‌ها از https://t.me/s/ConfigsHUB برای فایل JSON
2026-08-29 21:30:28,835 - INFO - ✅ 17 کانفیگ از صفحه دریافت شد
2026-08-29 21:30:28,836 - INFO - 📊 از https://t.me/s/ConfigsHUB: 17 کانفیگ دریافت شد
2026-08-29 21:30:28,836 - INFO - 🔄 بعد از حذف تکراری: 16 کانفیگ برای JSON
2026-08-29 21:30:28,837 - WARNING - ⚠️ تعداد کانفیگ‌ها به 100 رسید (با None پر شد)
2026-08-29 21:30:28,837 - INFO - ✅ دقیقاً 100 کانفیگ در configs.json ذخیره شد
2026-08-29 21:30:28,837 - INFO - ✅ فایل configs.json با 16 کانفیگ واقعی به‌روز شد
2026-08-29 21:30:28,837 - INFO - 📝 نمونه کانفیگ اول: vless://d0ee468a-084b-411d-b2be-b886a61065d1@k2.cl...
2026-08-29 21:30:28,837 - INFO - 📤 بخش ۲: دریافت کانفیگ‌های جدید برای ارسال به کانال...
2026-08-29 21:30:28,837 - INFO - 📡 دریافت پست‌ها از https://t.me/s/ConfigsHUB برای ارسال به کانال
2026-08-29 21:30:29,237 - INFO - ✅ 20 پست دریافت شد
2026-08-29 21:30:29,238 - INFO - 💾 وضعیت به‌روز شد: ConfigsHUB/2029911
2026-08-29 21:30:29,238 - INFO - 📊 از https://t.me/s/ConfigsHUB: 17 کانفیگ جدید پیدا شد
2026-08-29 21:30:29,239 - INFO - 📊 تعداد کل کانفیگ‌های جدید: 17
2026-08-29 21:30:29,239 - INFO - 📤 ارسال 10 کانفیگ به کانال
2026-08-29 21:30:29,730 - INFO - HTTP Request: POST https://api.telegram.org/bot8316746677:AAF1IzRzODBtCvVWrL6dWtw7F8U3qb4DwXM/sendMessage "HTTP/1.1 200 OK"
2026-08-29 21:30:29,731 - INFO - ✅ پیام 1 از 1 ارسال شد
2026-08-29 21:30:30,733 - INFO - ==================================================
2026-08-29 21:30:30,733 - INFO - 🏁 اجرای ربات با موفقیت به پایان رسید
2026-08-29 22:30:33,996 - INFO - ==================================================
2026-08-29 22:30:33,996 - INFO - 🚀 شروع اجرای ربات
2026-08-29 22:30:33,996 - INFO - 📥 بخش ۱: دریافت ۱۰۰ کانفیگ آخر برای فایل JSON...
2026-08-29 22:30:33,996 - INFO - 📡 دریافت کانفیگ‌ها از https://t.me/s/ConfigsHUB برای فایل JSON
2026-08-29 22:30:34,554 - INFO - ✅ 16 کانفیگ از صفحه دریافت شد
2026-08-29 22:30:34,555 - INFO - 📊 از https://t.me/s/ConfigsHUB: 16 کانفیگ دریافت شد
2026-08-29 22:30:34,555 - INFO - 🔄 بعد از حذف تکراری: 13 کانفیگ برای JSON
2026-08-29 22:30:34,555 - WARNING - ⚠️ تعداد کانفیگ‌ها به 100 رسید (با None پر شد)
2026-08-29 22:30:34,555 - INFO - ✅ دقیقاً 100 کانفیگ در configs.json ذخیره شد
2026-08-29 22:30:34,555 - INFO - ✅ فایل configs.json با 13 کانفیگ واقعی به‌روز شد
2026-08-29 22:30:34,555 - INFO - 📝 نمونه کانفیگ اول: vless://5918f8ae-2310-41bb-ad31-2bb63a1ffea3@89.44...
2026-08-29 22:30:34,555 - INFO - 📤 بخش ۲: دریافت کانفیگ‌های جدید برای ارسال به کانال...
2026-08-29 22:30:34,556 - INFO - 📡 دریافت پست‌ها از https://t.me/s/ConfigsHUB برای ارسال به کانال
2026-08-29 22:30:35,054 - INFO - ✅ 20 پست دریافت شد
2026-08-29 22:30:35,056 - INFO - 💾 وضعیت به‌روز شد: ConfigsHUB/2030043
2026-08-29 22:30:35,056 - INFO - 📊 از https://t.me/s/ConfigsHUB: 16 کانفیگ جدید پیدا شد
2026-08-29 22:30:35,056 - INFO - 📊 تعداد کل کانفیگ‌های جدید: 16
2026-08-29 22:30:35,056 - INFO - 📤 ارسال 10 کانفیگ به کانال
2026-08-29 22:30:35,667 - INFO - HTTP Request: POST https://api.telegram.org/bot8316746677:AAF1IzRzODBtCvVWrL6dWtw7F8U3qb4DwXM/sendMessage "HTTP/1.1 200 OK"
2026-08-29 22:30:35,668 - INFO - ✅ پیام 1 از 1 ارسال شد
2026-08-29 22:30:36,669 - INFO - ==================================================
2026-08-29 22:30:36,669 - INFO - 🏁 اجرای ربات با موفقیت به پایان رسید
2026-08-29 23:08:24,921 - INFO - ==================================================
2026-08-29 23:08:24,921 - INFO - 🚀 شروع اجرای ربات
2026-08-29 23:08:24,921 - INFO - 📥 بخش ۱: دریافت ۱۰۰ کانفیگ آخر برای فایل JSON...
2026-08-29 23:08:24,921 - INFO - 📡 دریافت کانفیگ‌ها از https://t.me/s/ConfigsHUB برای فایل JSON
2026-08-29 23:08:25,437 - INFO - ✅ 11 کانفیگ از صفحه دریافت شد
2026-08-29 23:08:25,438 - INFO - 📊 از https://t.me/s/ConfigsHUB: 11 کانفیگ دریافت شد
2026-08-29 23:08:25,438 - INFO - 🔄 بعد از حذف تکراری: 11 کانفیگ برای JSON
2026-08-29 23:08:25,438 - WARNING - ⚠️ تعداد کانفیگ‌ها به 100 رسید (با None پر شد)
2026-08-29 23:08:25,438 - INFO - ✅ دقیقاً 100 کانفیگ در configs.json ذخیره شد
2026-08-29 23:08:25,438 - INFO - ✅ فایل configs.json با 11 کانفیگ واقعی به‌روز شد
2026-08-29 23:08:25,438 - INFO - 📝 نمونه کانفیگ اول: vless://a18f7c2d-9e45-4b8a-af3c-1d5e7f9c8b2a@tg.ri...
2026-08-29 23:08:25,438 - INFO - 📤 بخش ۲: دریافت کانفیگ‌های جدید برای ارسال به کانال...
2026-08-29 23:08:25,438 - INFO - 📡 دریافت پست‌ها از https://t.me/s/ConfigsHUB برای ارسال به کانال
2026-08-29 23:08:25,889 - INFO - ✅ 20 پست دریافت شد
2026-08-29 23:08:25,890 - INFO - 💾 وضعیت به‌روز شد: ConfigsHUB/2030112
2026-08-29 23:08:25,890 - INFO - 📊 از https://t.me/s/ConfigsHUB: 11 کانفیگ جدید پیدا شد
2026-08-29 23:08:25,890 - INFO - 📊 تعداد کل کانفیگ‌های جدید: 11
2026-08-29 23:08:25,890 - INFO - 📤 ارسال 10 کانفیگ به کانال
2026-08-29 23:08:26,409 - INFO - HTTP Request: POST https://api.telegram.org/bot8316746677:AAF1IzRzODBtCvVWrL6dWtw7F8U3qb4DwXM/sendMessage "HTTP/1.1 200 OK"
2026-08-29 23:08:26,410 - INFO - ✅ پیام 1 از 1 ارسال شد
2026-08-29 23:08:27,411 - INFO - ==================================================
2026-08-29 23:08:27,412 - INFO - 🏁 اجرای ربات با موفقیت به پایان رسید
2026-08-29 23:30:27,043 - INFO - ==================================================
2026-08-29 23:30:27,043 - INFO - 🚀 شروع اجرای ربات
2026-08-29 23:30:27,043 - INFO - 📥 بخش ۱: دریافت ۱۰۰ کانفیگ آخر برای فایل JSON...
2026-08-29 23:30:27,043 - INFO - 📡 دریافت کانفیگ‌ها از https://t.me/s/ConfigsHUB برای فایل JSON
2026-08-29 23:30:27,543 - INFO - ✅ 16 کانفیگ از صفحه دریافت شد
2026-08-29 23:30:27,544 - INFO - 📊 از https://t.me/s/ConfigsHUB: 16 کانفیگ دریافت شد
2026-08-29 23:30:27,545 - INFO - 🔄 بعد از حذف تکراری: 16 کانفیگ برای JSON
2026-08-29 23:30:27,545 - WARNING - ⚠️ تعداد کانفیگ‌ها به 100 رسید (با None پر شد)
2026-08-29 23:30:27,545 - INFO - ✅ دقیقاً 100 کانفیگ در configs.json ذخیره شد
2026-08-29 23:30:27,545 - INFO - ✅ فایل configs.json با 16 کانفیگ واقعی به‌روز شد
2026-08-29 23:30:27,545 - INFO - 📝 نمونه کانفیگ اول: vless://14b59caf-a196-4ec2-8c70-c7b388062f5b@91.19...
2026-08-29 23:30:27,545 - INFO - 📤 بخش ۲: دریافت کانفیگ‌های جدید برای ارسال به کانال...
2026-08-29 23:30:27,546 - INFO - 📡 دریافت پست‌ها از https://t.me/s/ConfigsHUB برای ارسال به کانال
2026-08-29 23:30:27,936 - INFO - ✅ 20 پست دریافت شد
2026-08-29 23:30:27,937 - INFO - 💾 وضعیت به‌روز شد: ConfigsHUB/2030123
2026-08-29 23:30:27,938 - INFO - 📊 از https://t.me/s/ConfigsHUB: 16 کانفیگ جدید پیدا شد
2026-08-29 23:30:27,938 - INFO - 📊 تعداد کل کانفیگ‌های جدید: 16
2026-08-29 23:30:27,938 - INFO - 📤 ارسال 10 کانفیگ به کانال
2026-08-29 23:30:28,507 - INFO - HTTP Request: POST https://api.telegram.org/bot8316746677:AAF1IzRzODBtCvVWrL6dWtw7F8U3qb4DwXM/sendMessage "HTTP/1.1 200 OK"
2026-08-29 23:30:28,508 - INFO - ✅ پیام 1 از 2 ارسال شد
2026-08-29 23:30:29,663 - INFO - HTTP Request: POST https://api.telegram.org/bot8316746677:AAF1IzRzODBtCvVWrL6dWtw7F8U3qb4DwXM/sendMessage "HTTP/1.1 200 OK"
2026-08-29 23:30:29,664 - INFO - ✅ پیام 2 از 2 ارسال شد
2026-08-29 23:30:30,666 - INFO - ==================================================
2026-08-29 23:30:30,666 - INFO - 🏁 اجرای ربات با موفقیت به پایان رسید
2026-08-30 00:30:29,323 - INFO - ==================================================
2026-08-30 00:30:29,323 - INFO - 🚀 شروع اجرای ربات
2026-08-30 00:30:29,323 - INFO - 📥 بخش ۱: دریافت ۱۰۰ کانفیگ آخر برای فایل JSON...
2026-08-30 00:30:29,323 - INFO - 📡 دریافت کانفیگ‌ها از https://t.me/s/ConfigsHUB برای فایل JSON
2026-08-30 00:30:29,983 - INFO - ✅ 12 کانفیگ از صفحه دریافت شد
2026-08-30 00:30:29,984 - INFO - 📊 از https://t.me/s/ConfigsHUB: 12 کانفیگ دریافت شد
2026-08-30 00:30:29,984 - INFO - 🔄 بعد از حذف تکراری: 12 کانفیگ برای JSON
2026-08-30 00:30:29,984 - WARNING - ⚠️ تعداد کانفیگ‌ها به 100 رسید (با None پر شد)
2026-08-30 00:30:29,985 - INFO - ✅ دقیقاً 100 کانفیگ در configs.json ذخیره شد
2026-08-30 00:30:29,985 - INFO - ✅ فایل configs.json با 12 کانفیگ واقعی به‌روز شد
2026-08-30 00:30:29,985 - INFO - 📝 نمونه کانفیگ اول: vless://e835fdc7-c453-4e4e-9d9d-b3c5adb90082@refiq...
2026-08-30 00:30:29,985 - INFO - 📤 بخش ۲: دریافت کانفیگ‌های جدید برای ارسال به کانال...
2026-08-30 00:30:29,985 - INFO - 📡 دریافت پست‌ها از https://t.me/s/ConfigsHUB برای ارسال به کانال
2026-08-30 00:30:30,473 - INFO - ✅ 20 پست دریافت شد
2026-08-30 00:30:30,474 - INFO - 💾 وضعیت به‌روز شد: ConfigsHUB/2030168
2026-08-30 00:30:30,475 - INFO - 📊 از https://t.me/s/ConfigsHUB: 12 کانفیگ جدید پیدا شد
2026-08-30 00:30:30,475 - INFO - 📊 تعداد کل کانفیگ‌های جدید: 12
2026-08-30 00:30:30,475 - INFO - 📤 ارسال 10 کانفیگ به کانال
2026-08-30 00:30:30,976 - INFO - HTTP Request: POST https://api.telegram.org/bot8316746677:AAF1IzRzODBtCvVWrL6dWtw7F8U3qb4DwXM/sendMessage "HTTP/1.1 200 OK"
2026-08-30 00:30:30,977 - INFO - ✅ پیام 1 از 1 ارسال شد
2026-08-30 00:30:31,978 - INFO - ==================================================
2026-08-30 00:30:31,978 - INFO - 🏁 اجرای ربات با موفقیت به پایان رسید
2026-08-30 01:30:27,687 - INFO - ==================================================
2026-08-30 01:30:27,687 - INFO - 🚀 شروع اجرای ربات
2026-08-30 01:30:27,687 - INFO - 📥 بخش ۱: دریافت ۱۰۰ کانفیگ آخر برای فایل JSON...
2026-08-30 01:30:27,687 - INFO - 📡 دریافت کانفیگ‌ها از https://t.me/s/ConfigsHUB برای فایل JSON
2026-08-30 01:30:28,127 - INFO - ✅ 11 کانفیگ از صفحه دریافت شد
2026-08-30 01:30:28,127 - INFO - 📊 از https://t.me/s/ConfigsHUB: 11 کانفیگ دریافت شد
2026-08-30 01:30:28,128 - INFO - 🔄 بعد از حذف تکراری: 11 کانفیگ برای JSON
2026-08-30 01:30:28,128 - WARNING - ⚠️ تعداد کانفیگ‌ها به 100 رسید (با None پر شد)
2026-08-30 01:30:28,128 - INFO - ✅ دقیقاً 100 کانفیگ در configs.json ذخیره شد
2026-08-30 01:30:28,128 - INFO - ✅ فایل configs.json با 11 کانفیگ واقعی به‌روز شد
2026-08-30 01:30:28,128 - INFO - 📝 نمونه کانفیگ اول: vless://dabb9a19-03ab-4cdf-8963-d3c45eb0f80d@95.85...
2026-08-30 01:30:28,128 - INFO - 📤 بخش ۲: دریافت کانفیگ‌های جدید برای ارسال به کانال...
2026-08-30 01:30:28,128 - INFO - 📡 دریافت پست‌ها از https://t.me/s/ConfigsHUB برای ارسال به کانال
2026-08-30 01:30:28,487 - INFO - ✅ 20 پست دریافت شد
2026-08-30 01:30:28,488 - INFO - 💾 وضعیت به‌روز شد: ConfigsHUB/2030228
2026-08-30 01:30:28,489 - INFO - 📊 از https://t.me/s/ConfigsHUB: 11 کانفیگ جدید پیدا شد
2026-08-30 01:30:28,489 - INFO - 📊 تعداد کل کانفیگ‌های جدید: 11
2026-08-30 01:30:28,489 - INFO - 📤 ارسال 10 کانفیگ به کانال
2026-08-30 01:30:28,934 - INFO - HTTP Request: POST https://api.telegram.org/bot8316746677:AAF1IzRzODBtCvVWrL6dWtw7F8U3qb4DwXM/sendMessage "HTTP/1.1 200 OK"
2026-08-30 01:30:28,934 - INFO - ✅ پیام 1 از 1 ارسال شد
2026-08-30 01:30:29,936 - INFO - ==================================================
2026-08-30 01:30:29,936 - INFO - 🏁 اجرای ربات با موفقیت به پایان رسید
2026-08-30 02:30:27,934 - INFO - ==================================================
2026-08-30 02:30:27,934 - INFO - 🚀 شروع اجرای ربات
2026-08-30 02:30:27,934 - INFO - 📥 بخش ۱: دریافت ۱۰۰ کانفیگ آخر برای فایل JSON...
2026-08-30 02:30:27,934 - INFO - 📡 دریافت کانفیگ‌ها از https://t.me/s/ConfigsHUB برای فایل JSON
2026-08-30 02:30:28,443 - INFO - ✅ 6 کانفیگ از صفحه دریافت شد
2026-08-30 02:30:28,444 - INFO - 📊 از https://t.me/s/ConfigsHUB: 6 کانفیگ دریافت شد
2026-08-30 02:30:28,445 - INFO - 🔄 بعد از حذف تکراری: 6 کانفیگ برای JSON
2026-08-30 02:30:28,445 - WARNING - ⚠️ تعداد کانفیگ‌ها به 100 رسید (با None پر شد)
2026-08-30 02:30:28,445 - INFO - ✅ دقیقاً 100 کانفیگ در configs.json ذخیره شد
2026-08-30 02:30:28,445 - INFO - ✅ فایل configs.json با 6 کانفیگ واقعی به‌روز شد
2026-08-30 02:30:28,445 - INFO - 📝 نمونه کانفیگ اول: vless://41b903e0-7d0a-45d0-9b29-83086024a88b@88.21...
2026-08-30 02:30:28,445 - INFO - 📤 بخش ۲: دریافت کانفیگ‌های جدید برای ارسال به کانال...
2026-08-30 02:30:28,445 - INFO - 📡 دریافت پست‌ها از https://t.me/s/ConfigsHUB برای ارسال به کانال
2026-08-30 02:30:28,856 - INFO - ✅ 20 پست دریافت شد
2026-08-30 02:30:28,858 - INFO - 💾 وضعیت به‌روز شد: ConfigsHUB/2030270
2026-08-30 02:30:28,858 - INFO - 📊 از https://t.me/s/ConfigsHUB: 6 کانفیگ جدید پیدا شد
2026-08-30 02:30:28,858 - INFO - 📊 تعداد کل کانفیگ‌های جدید: 6
2026-08-30 02:30:28,858 - INFO - 📤 ارسال 6 کانفیگ به کانال
2026-08-30 02:30:29,354 - INFO - HTTP Request: POST https://api.telegram.org/bot8316746677:AAF1IzRzODBtCvVWrL6dWtw7F8U3qb4DwXM/sendMessage "HTTP/1.1 200 OK"
2026-08-30 02:30:29,355 - INFO - ✅ پیام 1 از 1 ارسال شد
2026-08-30 02:30:30,357 - INFO - ==================================================
2026-08-30 02:30:30,357 - INFO - 🏁 اجرای ربات با موفقیت به پایان رسید
2026-08-30 03:30:29,424 - INFO - ==================================================
2026-08-30 03:30:29,424 - INFO - 🚀 شروع اجرای ربات
2026-08-30 03:30:29,424 - INFO - 📥 بخش ۱: دریافت ۱۰۰ کانفیگ آخر برای فایل JSON...
2026-08-30 03:30:29,424 - INFO - 📡 دریافت کانفیگ‌ها از https://t.me/s/ConfigsHUB برای فایل JSON
2026-08-30 03:30:29,924 - INFO - ✅ 11 کانفیگ از صفحه دریافت شد
2026-08-30 03:30:29,925 - INFO - 📊 از https://t.me/s/ConfigsHUB: 11 کانفیگ دریافت شد
2026-08-30 03:30:29,925 - INFO - 🔄 بعد از حذف تکراری: 10 کانفیگ برای JSON
2026-08-30 03:30:29,925 - WARNING - ⚠️ تعداد کانفیگ‌ها به 100 رسید (با None پر شد)
2026-08-30 03:30:29,925 - INFO - ✅ دقیقاً 100 کانفیگ در configs.json ذخیره شد
2026-08-30 03:30:29,925 - INFO - ✅ فایل configs.json با 10 کانفیگ واقعی به‌روز شد
2026-08-30 03:30:29,925 - INFO - 📝 نمونه کانفیگ اول: vless://b5ca5ab3-8cbc-4ac3-89da-9cd360589ecb@213.1...
2026-08-30 03:30:29,926 - INFO - 📤 بخش ۲: دریافت کانفیگ‌های جدید برای ارسال به کانال...
2026-08-30 03:30:29,926 - INFO - 📡 دریافت پست‌ها از https://t.me/s/ConfigsHUB برای ارسال به کانال
2026-08-30 03:30:30,366 - INFO - ✅ 20 پست دریافت شد
2026-08-30 03:30:30,368 - INFO - 💾 وضعیت به‌روز شد: ConfigsHUB/2030332
2026-08-30 03:30:30,368 - INFO - 📊 از https://t.me/s/ConfigsHUB: 11 کانفیگ جدید پیدا شد
2026-08-30 03:30:30,368 - INFO - 📊 تعداد کل کانفیگ‌های جدید: 11
2026-08-30 03:30:30,368 - INFO - 📤 ارسال 10 کانفیگ به کانال
2026-08-30 03:30:30,909 - INFO - HTTP Request: POST https://api.telegram.org/bot8316746677:AAF1IzRzODBtCvVWrL6dWtw7F8U3qb4DwXM/sendMessage "HTTP/1.1 200 OK"
2026-08-30 03:30:30,910 - INFO - ✅ پیام 1 از 1 ارسال شد
2026-08-30 03:30:31,912 - INFO - ==================================================
2026-08-30 03:30:31,912 - INFO - 🏁 اجرای ربات با موفقیت به پایان رسید
2026-08-30 04:30:28,647 - INFO - ==================================================
2026-08-30 04:30:28,647 - INFO - 🚀 شروع اجرای ربات
2026-08-30 04:30:28,647 - INFO - 📥 بخش ۱: دریافت ۱۰۰ کانفیگ آخر برای فایل JSON...
2026-08-30 04:30:28,647 - INFO - 📡 دریافت کانفیگ‌ها از https://t.me/s/ConfigsHUB برای فایل JSON
2026-08-30 04:30:29,308 - INFO - ✅ 3 کانفیگ از صفحه دریافت شد
2026-08-30 04:30:29,309 - INFO - 📊 از https://t.me/s/ConfigsHUB: 3 کانفیگ دریافت شد
2026-08-30 04:30:29,310 - INFO - 🔄 بعد از حذف تکراری: 3 کانفیگ برای JSON
2026-08-30 04:30:29,310 - WARNING - ⚠️ تعداد کانفیگ‌ها به 100 رسید (با None پر شد)
2026-08-30 04:30:29,310 - INFO - ✅ دقیقاً 100 کانفیگ در configs.json ذخیره شد
2026-08-30 04:30:29,310 - INFO - ✅ فایل configs.json با 3 کانفیگ واقعی به‌روز شد
2026-08-30 04:30:29,310 - INFO - 📝 نمونه کانفیگ اول: vless://73e08fcb-a0c7-45d0-b55d-f78c903c64a6@dl2.g...
2026-08-30 04:30:29,310 - INFO - 📤 بخش ۲: دریافت کانفیگ‌های جدید برای ارسال به کانال...
2026-08-30 04:30:29,310 - INFO - 📡 دریافت پست‌ها از https://t.me/s/ConfigsHUB برای ارسال به کانال
2026-08-30 04:30:29,865 - INFO - ✅ 20 پست دریافت شد
2026-08-30 04:30:29,866 - INFO - 💾 وضعیت به‌روز شد: ConfigsHUB/2030371
2026-08-30 04:30:29,866 - INFO - 📊 از https://t.me/s/ConfigsHUB: 3 کانفیگ جدید پیدا شد
2026-08-30 04:30:29,866 - INFO - 📊 تعداد کل کانفیگ‌های جدید: 3
2026-08-30 04:30:29,866 - INFO - 📤 ارسال 3 کانفیگ به کانال
2026-08-30 04:30:30,661 - INFO - HTTP Request: POST https://api.telegram.org/bot8316746677:AAF1IzRzODBtCvVWrL6dWtw7F8U3qb4DwXM/sendMessage "HTTP/1.1 200 OK"
2026-08-30 04:30:30,662 - INFO - ✅ پیام 1 از 1 ارسال شد
2026-08-30 04:30:31,663 - INFO - ==================================================
2026-08-30 04:30:31,663 - INFO - 🏁 اجرای ربات با موفقیت به پایان رسید
2026-08-30 04:41:37,602 - INFO - ==================================================
2026-08-30 04:41:37,602 - INFO - 🚀 شروع اجرای ربات
2026-08-30 04:41:37,602 - INFO - 📥 بخش ۱: دریافت ۱۰۰ کانفیگ آخر برای فایل JSON...
2026-08-30 04:41:37,602 - INFO - 📡 دریافت کانفیگ‌ها از https://t.me/s/ConfigsHUB برای فایل JSON
2026-08-30 04:41:38,290 - INFO - ✅ 14 کانفیگ از صفحه دریافت شد
2026-08-30 04:41:38,291 - INFO - 📊 از https://t.me/s/ConfigsHUB: 14 کانفیگ دریافت شد
2026-08-30 04:41:38,291 - INFO - 🔄 بعد از حذف تکراری: 14 کانفیگ برای JSON
2026-08-30 04:41:38,291 - WARNING - ⚠️ تعداد کانفیگ‌ها به 100 رسید (با None پر شد)
2026-08-30 04:41:38,291 - INFO - ✅ دقیقاً 100 کانفیگ در configs.json ذخیره شد
2026-08-30 04:41:38,291 - INFO - ✅ فایل configs.json با 14 کانفیگ واقعی به‌روز شد
2026-08-30 04:41:38,291 - INFO - 📝 نمونه کانفیگ اول: vless://7ab9fe4f-6699-427f-a828-9fcf2496d714@201.2...
2026-08-30 04:41:38,292 - INFO - 📤 بخش ۲: دریافت کانفیگ‌های جدید برای ارسال به کانال...
2026-08-30 04:41:38,292 - INFO - 📡 دریافت پست‌ها از https://t.me/s/ConfigsHUB برای ارسال به کانال
2026-08-30 04:41:38,851 - INFO - ✅ 20 پست دریافت شد
2026-08-30 04:41:38,853 - INFO - 💾 وضعیت به‌روز شد: ConfigsHUB/2030419
2026-08-30 04:41:38,853 - INFO - 📊 از https://t.me/s/ConfigsHUB: 14 کانفیگ جدید پیدا شد
2026-08-30 04:41:38,853 - INFO - 📊 تعداد کل کانفیگ‌های جدید: 14
2026-08-30 04:41:38,853 - INFO - 📤 ارسال 10 کانفیگ به کانال
2026-08-30 04:41:39,532 - INFO - HTTP Request: POST https://api.telegram.org/bot8316746677:AAF1IzRzODBtCvVWrL6dWtw7F8U3qb4DwXM/sendMessage "HTTP/1.1 200 OK"
2026-08-30 04:41:39,533 - INFO - ✅ پیام 1 از 2 ارسال شد
2026-08-30 04:41:40,766 - INFO - HTTP Request: POST https://api.telegram.org/bot8316746677:AAF1IzRzODBtCvVWrL6dWtw7F8U3qb4DwXM/sendMessage "HTTP/1.1 200 OK"
2026-08-30 04:41:40,766 - INFO - ✅ پیام 2 از 2 ارسال شد
2026-08-30 04:41:41,768 - INFO - ==================================================
2026-08-30 04:41:41,768 - INFO - 🏁 اجرای ربات با موفقیت به پایان رسید
2026-08-30 05:30:25,958 - INFO - ==================================================
2026-08-30 05:30:25,958 - INFO - 🚀 شروع اجرای ربات
2026-08-30 05:30:25,958 - INFO - 📥 بخش ۱: دریافت ۱۰۰ کانفیگ آخر برای فایل JSON...
2026-08-30 05:30:25,958 - INFO - 📡 دریافت کانفیگ‌ها از https://t.me/s/ConfigsHUB برای فایل JSON
2026-08-30 05:30:26,396 - INFO - ✅ 16 کانفیگ از صفحه دریافت شد
2026-08-30 05:30:26,397 - INFO - 📊 از https://t.me/s/ConfigsHUB: 16 کانفیگ دریافت شد
2026-08-30 05:30:26,397 - INFO - 🔄 بعد از حذف تکراری: 16 کانفیگ برای JSON
2026-08-30 05:30:26,397 - WARNING - ⚠️ تعداد کانفیگ‌ها به 100 رسید (با None پر شد)
2026-08-30 05:30:26,397 - INFO - ✅ دقیقاً 100 کانفیگ در configs.json ذخیره شد
2026-08-30 05:30:26,398 - INFO - ✅ فایل configs.json با 16 کانفیگ واقعی به‌روز شد
2026-08-30 05:30:26,398 - INFO - 📝 نمونه کانفیگ اول: vless://1f61ccc1-cd38-49cd-97aa-a71771433976@hikvi...
2026-08-30 05:30:26,398 - INFO - 📤 بخش ۲: دریافت کانفیگ‌های جدید برای ارسال به کانال...
2026-08-30 05:30:26,398 - INFO - 📡 دریافت پست‌ها از https://t.me/s/ConfigsHUB برای ارسال به کانال
2026-08-30 05:30:26,783 - INFO - ✅ 20 پست دریافت شد
2026-08-30 05:30:26,784 - INFO - 💾 وضعیت به‌روز شد: ConfigsHUB/2030514
2026-08-30 05:30:26,784 - INFO - 📊 از https://t.me/s/ConfigsHUB: 16 کانفیگ جدید پیدا شد
2026-08-30 05:30:26,785 - INFO - 📊 تعداد کل کانفیگ‌های جدید: 16
2026-08-30 05:30:26,785 - INFO - 📤 ارسال 10 کانفیگ به کانال
2026-08-30 05:30:27,252 - INFO - HTTP Request: POST https://api.telegram.org/bot8316746677:AAF1IzRzODBtCvVWrL6dWtw7F8U3qb4DwXM/sendMessage "HTTP/1.1 200 OK"
2026-08-30 05:30:27,253 - INFO - ✅ پیام 1 از 1 ارسال شد
2026-08-30 05:30:28,254 - INFO - ==================================================
2026-08-30 05:30:28,254 - INFO - 🏁 اجرای ربات با موفقیت به پایان رسید
2026-08-30 06:30:31,708 - INFO - ==================================================
2026-08-30 06:30:31,708 - INFO - 🚀 شروع اجرای ربات
2026-08-30 06:30:31,708 - INFO - 📥 بخش ۱: دریافت ۱۰۰ کانفیگ آخر برای فایل JSON...
2026-08-30 06:30:31,708 - INFO - 📡 دریافت کانفیگ‌ها از https://t.me/s/ConfigsHUB برای فایل JSON
2026-08-30 06:30:32,372 - INFO - ✅ 19 کانفیگ از صفحه دریافت شد
2026-08-30 06:30:32,373 - INFO - 📊 از https://t.me/s/ConfigsHUB: 19 کانفیگ دریافت شد
2026-08-30 06:30:32,373 - INFO - 🔄 بعد از حذف تکراری: 18 کانفیگ برای JSON
2026-08-30 06:30:32,373 - WARNING - ⚠️ تعداد کانفیگ‌ها به 100 رسید (با None پر شد)
2026-08-30 06:30:32,373 - INFO - ✅ دقیقاً 100 کانفیگ در configs.json ذخیره شد
2026-08-30 06:30:32,373 - INFO - ✅ فایل configs.json با 18 کانفیگ واقعی به‌روز شد
2026-08-30 06:30:32,373 - INFO - 📝 نمونه کانفیگ اول: vless://255386a8-aec5-4425-bfe7-ca49b7448deb@5.255...
2026-08-30 06:30:32,373 - INFO - 📤 بخش ۲: دریافت کانفیگ‌های جدید برای ارسال به کانال...
2026-08-30 06:30:32,373 - INFO - 📡 دریافت پست‌ها از https://t.me/s/ConfigsHUB برای ارسال به کانال
2026-08-30 06:30:32,993 - INFO - ✅ 20 پست دریافت شد
2026-08-30 06:30:32,994 - INFO - 💾 وضعیت به‌روز شد: ConfigsHUB/2030690
2026-08-30 06:30:32,994 - INFO - 📊 از https://t.me/s/ConfigsHUB: 19 کانفیگ جدید پیدا شد
2026-08-30 06:30:32,994 - INFO - 📊 تعداد کل کانفیگ‌های جدید: 19
2026-08-30 06:30:32,994 - INFO - 📤 ارسال 10 کانفیگ به کانال
2026-08-30 06:30:33,637 - INFO - HTTP Request: POST https://api.telegram.org/bot8316746677:AAF1IzRzODBtCvVWrL6dWtw7F8U3qb4DwXM/sendMessage "HTTP/1.1 200 OK"
2026-08-30 06:30:33,638 - INFO - ✅ پیام 1 از 1 ارسال شد
2026-08-30 06:30:34,639 - INFO - ==================================================
2026-08-30 06:30:34,639 - INFO - 🏁 اجرای ربات با موفقیت به پایان رسید
2026-08-30 07:30:26,868 - INFO - ==================================================
2026-08-30 07:30:26,868 - INFO - 🚀 شروع اجرای ربات
2026-08-30 07:30:26,868 - INFO - 📥 بخش ۱: دریافت ۱۰۰ کانفیگ آخر برای فایل JSON...
2026-08-30 07:30:26,868 - INFO - 📡 دریافت کانفیگ‌ها از https://t.me/s/ConfigsHUB برای فایل JSON
2026-08-30 07:30:27,297 - INFO - ✅ 18 کانفیگ از صفحه دریافت شد
2026-08-30 07:30:27,298 - INFO - 📊 از https://t.me/s/ConfigsHUB: 18 کانفیگ دریافت شد
2026-08-30 07:30:27,298 - INFO - 🔄 بعد از حذف تکراری: 18 کانفیگ برای JSON
2026-08-30 07:30:27,298 - WARNING - ⚠️ تعداد کانفیگ‌ها به 100 رسید (با None پر شد)
2026-08-30 07:30:27,299 - INFO - ✅ دقیقاً 100 کانفیگ در configs.json ذخیره شد
2026-08-30 07:30:27,299 - INFO - ✅ فایل configs.json با 18 کانفیگ واقعی به‌روز شد
2026-08-30 07:30:27,299 - INFO - 📝 نمونه کانفیگ اول: vless://1a6fe500-59da-4598-8576-256f06765ffb@94.26...
2026-08-30 07:30:27,299 - INFO - 📤 بخش ۲: دریافت کانفیگ‌های جدید برای ارسال به کانال...
2026-08-30 07:30:27,299 - INFO - 📡 دریافت پست‌ها از https://t.me/s/ConfigsHUB برای ارسال به کانال
2026-08-30 07:30:27,689 - INFO - ✅ 20 پست دریافت شد
2026-08-30 07:30:27,690 - INFO - 💾 وضعیت به‌روز شد: ConfigsHUB/2030925
2026-08-30 07:30:27,690 - INFO - 📊 از https://t.me/s/ConfigsHUB: 18 کانفیگ جدید پیدا شد
2026-08-30 07:30:27,690 - INFO - 📊 تعداد کل کانفیگ‌های جدید: 18
2026-08-30 07:30:27,690 - INFO - 📤 ارسال 10 کانفیگ به کانال
2026-08-30 07:30:28,177 - INFO - HTTP Request: POST https://api.telegram.org/bot8316746677:AAF1IzRzODBtCvVWrL6dWtw7F8U3qb4DwXM/sendMessage "HTTP/1.1 200 OK"
2026-08-30 07:30:28,178 - INFO - ✅ پیام 1 از 1 ارسال شد
2026-08-30 07:30:29,179 - INFO - ==================================================
2026-08-30 07:30:29,180 - INFO - 🏁 اجرای ربات با موفقیت به پایان رسید
2026-08-30 08:30:27,715 - INFO - ==================================================
2026-08-30 08:30:27,715 - INFO - 🚀 شروع اجرای ربات
2026-08-30 08:30:27,715 - INFO - 📥 بخش ۱: دریافت ۱۰۰ کانفیگ آخر برای فایل JSON...
2026-08-30 08:30:27,715 - INFO - 📡 دریافت کانفیگ‌ها از https://t.me/s/ConfigsHUB برای فایل JSON
2026-08-30 08:30:28,350 - INFO - ✅ 17 کانفیگ از صفحه دریافت شد
2026-08-30 08:30:28,351 - INFO - 📊 از https://t.me/s/ConfigsHUB: 17 کانفیگ دریافت شد
2026-08-30 08:30:28,351 - INFO - 🔄 بعد از حذف تکراری: 15 کانفیگ برای JSON
2026-08-30 08:30:28,351 - WARNING - ⚠️ تعداد کانفیگ‌ها به 100 رسید (با None پر شد)
2026-08-30 08:30:28,351 - INFO - ✅ دقیقاً 100 کانفیگ در configs.json ذخیره شد
2026-08-30 08:30:28,352 - INFO - ✅ فایل configs.json با 15 کانفیگ واقعی به‌روز شد
2026-08-30 08:30:28,352 - INFO - 📝 نمونه کانفیگ اول: trojan://e4448f0b1a074503b75b88c313a50285@star.sta...
2026-08-30 08:30:28,352 - INFO - 📤 بخش ۲: دریافت کانفیگ‌های جدید برای ارسال به کانال...
2026-08-30 08:30:28,352 - INFO - 📡 دریافت پست‌ها از https://t.me/s/ConfigsHUB برای ارسال به کانال
2026-08-30 08:30:28,876 - INFO - ✅ 20 پست دریافت شد
2026-08-30 08:30:28,877 - INFO - 💾 وضعیت به‌روز شد: ConfigsHUB/2031126
2026-08-30 08:30:28,877 - INFO - 📊 از https://t.me/s/ConfigsHUB: 17 کانفیگ جدید پیدا شد
2026-08-30 08:30:28,877 - INFO - 📊 تعداد کل کانفیگ‌های جدید: 17
2026-08-30 08:30:28,877 - INFO - 📤 ارسال 10 کانفیگ به کانال
2026-08-30 08:30:29,469 - INFO - HTTP Request: POST https://api.telegram.org/bot8316746677:AAF1IzRzODBtCvVWrL6dWtw7F8U3qb4DwXM/sendMessage "HTTP/1.1 200 OK"
2026-08-30 08:30:29,470 - INFO - ✅ پیام 1 از 1 ارسال شد
2026-08-30 08:30:30,471 - INFO - ==================================================
2026-08-30 08:30:30,471 - INFO - 🏁 اجرای ربات با موفقیت به پایان رسید
2026-08-30 09:30:29,496 - INFO - ==================================================
2026-08-30 09:30:29,496 - INFO - 🚀 شروع اجرای ربات
2026-08-30 09:30:29,496 - INFO - 📥 بخش ۱: دریافت ۱۰۰ کانفیگ آخر برای فایل JSON...
2026-08-30 09:30:29,496 - INFO - 📡 دریافت کانفیگ‌ها از https://t.me/s/ConfigsHUB برای فایل JSON
2026-08-30 09:30:30,016 - INFO - ✅ 18 کانفیگ از صفحه دریافت شد
2026-08-30 09:30:30,017 - INFO - 📊 از https://t.me/s/ConfigsHUB: 18 کانفیگ دریافت شد
2026-08-30 09:30:30,017 - INFO - 🔄 بعد از حذف تکراری: 18 کانفیگ برای JSON
2026-08-30 09:30:30,017 - WARNING - ⚠️ تعداد کانفیگ‌ها به 100 رسید (با None پر شد)
2026-08-30 09:30:30,018 - INFO - ✅ دقیقاً 100 کانفیگ در configs.json ذخیره شد
2026-08-30 09:30:30,018 - INFO - ✅ فایل configs.json با 18 کانفیگ واقعی به‌روز شد
2026-08-30 09:30:30,018 - INFO - 📝 نمونه کانفیگ اول: vless://432289de-8dec-46ef-9a3f-001a3af178a7@45.76...
2026-08-30 09:30:30,018 - INFO - 📤 بخش ۲: دریافت کانفیگ‌های جدید برای ارسال به کانال...
2026-08-30 09:30:30,018 - INFO - 📡 دریافت پست‌ها از https://t.me/s/ConfigsHUB برای ارسال به کانال
2026-08-30 09:30:30,459 - INFO - ✅ 20 پست دریافت شد
2026-08-30 09:30:30,461 - INFO - 💾 وضعیت به‌روز شد: ConfigsHUB/2031377
2026-08-30 09:30:30,461 - INFO - 📊 از https://t.me/s/ConfigsHUB: 18 کانفیگ جدید پیدا شد
2026-08-30 09:30:30,461 - INFO - 📊 تعداد کل کانفیگ‌های جدید: 18
2026-08-30 09:30:30,461 - INFO - 📤 ارسال 10 کانفیگ به کانال
2026-08-30 09:30:31,033 - INFO - HTTP Request: POST https://api.telegram.org/bot8316746677:AAF1IzRzODBtCvVWrL6dWtw7F8U3qb4DwXM/sendMessage "HTTP/1.1 200 OK"
2026-08-30 09:30:31,034 - INFO - ✅ پیام 1 از 1 ارسال شد
2026-08-30 09:30:32,036 - INFO - ==================================================
2026-08-30 09:30:32,036 - INFO - 🏁 اجرای ربات با موفقیت به پایان رسید
2026-08-30 10:23:16,993 - INFO - ==================================================
2026-08-30 10:23:16,993 - INFO - 🚀 شروع اجرای ربات
2026-08-30 10:23:16,993 - INFO - 📥 بخش ۱: دریافت ۱۰۰ کانفیگ آخر برای فایل JSON...
2026-08-30 10:23:16,993 - INFO - 📡 دریافت کانفیگ‌ها از https://t.me/s/ConfigsHUB برای فایل JSON
2026-08-30 10:23:17,442 - INFO - ✅ 9 کانفیگ از صفحه دریافت شد
2026-08-30 10:23:17,443 - INFO - 📊 از https://t.me/s/ConfigsHUB: 9 کانفیگ دریافت شد
2026-08-30 10:23:17,443 - INFO - 🔄 بعد از حذف تکراری: 9 کانفیگ برای JSON
2026-08-30 10:23:17,443 - WARNING - ⚠️ تعداد کانفیگ‌ها به 100 رسید (با None پر شد)
2026-08-30 10:23:17,443 - INFO - ✅ دقیقاً 100 کانفیگ در configs.json ذخیره شد
2026-08-30 10:23:17,443 - INFO - ✅ فایل configs.json با 9 کانفیگ واقعی به‌روز شد
2026-08-30 10:23:17,443 - INFO - 📝 نمونه کانفیگ اول: vless://478b47fb-7a04-4550-8110-5d224540da42@trp.a...
2026-08-30 10:23:17,443 - INFO - 📤 بخش ۲: دریافت کانفیگ‌های جدید برای ارسال به کانال...
2026-08-30 10:23:17,444 - INFO - 📡 دریافت پست‌ها از https://t.me/s/ConfigsHUB برای ارسال به کانال
2026-08-30 10:23:17,844 - INFO - ✅ 20 پست دریافت شد
2026-08-30 10:23:17,845 - INFO - 💾 وضعیت به‌روز شد: ConfigsHUB/2031626
2026-08-30 10:23:17,845 - INFO - 📊 از https://t.me/s/ConfigsHUB: 9 کانفیگ جدید پیدا شد
2026-08-30 10:23:17,845 - INFO - 📊 تعداد کل کانفیگ‌های جدید: 9
2026-08-30 10:23:17,845 - INFO - 📤 ارسال 9 کانفیگ به کانال
2026-08-30 10:23:18,430 - INFO - HTTP Request: POST https://api.telegram.org/bot8316746677:AAF1IzRzODBtCvVWrL6dWtw7F8U3qb4DwXM/sendMessage "HTTP/1.1 200 OK"
2026-08-30 10:23:18,431 - INFO - ✅ پیام 1 از 1 ارسال شد
2026-08-30 10:23:19,433 - INFO - ==================================================
2026-08-30 10:23:19,433 - INFO - 🏁 اجرای ربات با موفقیت به پایان رسید
2026-08-30 10:30:29,441 - INFO - ==================================================
2026-08-30 10:30:29,441 - INFO - 🚀 شروع اجرای ربات
2026-08-30 10:30:29,441 - INFO - 📥 بخش ۱: دریافت ۱۰۰ کانفیگ آخر برای فایل JSON...
2026-08-30 10:30:29,441 - INFO - 📡 دریافت کانفیگ‌ها از https://t.me/s/ConfigsHUB برای فایل JSON
2026-08-30 10:30:30,090 - INFO - ✅ 12 کانفیگ از صفحه دریافت شد
2026-08-30 10:30:30,091 - INFO - 📊 از https://t.me/s/ConfigsHUB: 12 کانفیگ دریافت شد
2026-08-30 10:30:30,091 - INFO - 🔄 بعد از حذف تکراری: 11 کانفیگ برای JSON
2026-08-30 10:30:30,091 - WARNING - ⚠️ تعداد کانفیگ‌ها به 100 رسید (با None پر شد)
2026-08-30 10:30:30,092 - INFO - ✅ دقیقاً 100 کانفیگ در configs.json ذخیره شد
2026-08-30 10:30:30,092 - INFO - ✅ فایل configs.json با 11 کانفیگ واقعی به‌روز شد
2026-08-30 10:30:30,092 - INFO - 📝 نمونه کانفیگ اول: vless://478b47fb-7a04-4550-8110-5d224540da42@trl.a...
2026-08-30 10:30:30,092 - INFO - 📤 بخش ۲: دریافت کانفیگ‌های جدید برای ارسال به کانال...
2026-08-30 10:30:30,092 - INFO - 📡 دریافت پست‌ها از https://t.me/s/ConfigsHUB برای ارسال به کانال
2026-08-30 10:30:30,725 - INFO - ✅ 20 پست دریافت شد
2026-08-30 10:30:30,727 - INFO - 💾 وضعیت به‌روز شد: ConfigsHUB/2031631
2026-08-30 10:30:30,727 - INFO - 📊 از https://t.me/s/ConfigsHUB: 12 کانفیگ جدید پیدا شد
2026-08-30 10:30:30,727 - INFO - 📊 تعداد کل کانفیگ‌های جدید: 12
2026-08-30 10:30:30,727 - INFO - 📤 ارسال 10 کانفیگ به کانال
2026-08-30 10:30:31,391 - INFO - HTTP Request: POST https://api.telegram.org/bot8316746677:AAF1IzRzODBtCvVWrL6dWtw7F8U3qb4DwXM/sendMessage "HTTP/1.1 200 OK"
2026-08-30 10:30:31,392 - INFO - ✅ پیام 1 از 1 ارسال شد
2026-08-30 10:30:32,394 - INFO - ==================================================
2026-08-30 10:30:32,394 - INFO - 🏁 اجرای ربات با موفقیت به پایان رسید
2026-08-30 11:30:31,628 - INFO - ==================================================
2026-08-30 11:30:31,628 - INFO - 🚀 شروع اجرای ربات
2026-08-30 11:30:31,628 - INFO - 📥 بخش ۱: دریافت ۱۰۰ کانفیگ آخر برای فایل JSON...
2026-08-30 11:30:31,628 - INFO - 📡 دریافت کانفیگ‌ها از https://t.me/s/ConfigsHUB برای فایل JSON
2026-08-30 11:30:32,256 - INFO - ✅ 20 کانفیگ از صفحه دریافت شد
2026-08-30 11:30:32,257 - INFO - 📊 از https://t.me/s/ConfigsHUB: 20 کانفیگ دریافت شد
2026-08-30 11:30:32,257 - INFO - 🔄 بعد از حذف تکراری: 20 کانفیگ برای JSON
2026-08-30 11:30:32,257 - WARNING - ⚠️ تعداد کانفیگ‌ها به 100 رسید (با None پر شد)
2026-08-30 11:30:32,258 - INFO - ✅ دقیقاً 100 کانفیگ در configs.json ذخیره شد
2026-08-30 11:30:32,258 - INFO - ✅ فایل configs.json با 20 کانفیگ واقعی به‌روز شد
2026-08-30 11:30:32,258 - INFO - 📝 نمونه کانفیگ اول: vless://34eb8260-d0aa-4d3d-8e30-8447fc57a60b@91.99...
2026-08-30 11:30:32,258 - INFO - 📤 بخش ۲: دریافت کانفیگ‌های جدید برای ارسال به کانال...
2026-08-30 11:30:32,258 - INFO - 📡 دریافت پست‌ها از https://t.me/s/ConfigsHUB برای ارسال به کانال
2026-08-30 11:30:32,852 - INFO - ✅ 20 پست دریافت شد
2026-08-30 11:30:32,853 - INFO - 💾 وضعیت به‌روز شد: ConfigsHUB/2031811
2026-08-30 11:30:32,853 - INFO - 📊 از https://t.me/s/ConfigsHUB: 20 کانفیگ جدید پیدا شد
2026-08-30 11:30:32,853 - INFO - 📊 تعداد کل کانفیگ‌های جدید: 20
2026-08-30 11:30:32,853 - INFO - 📤 ارسال 10 کانفیگ به کانال
2026-08-30 11:30:33,562 - INFO - HTTP Request: POST https://api.telegram.org/bot8316746677:AAF1IzRzODBtCvVWrL6dWtw7F8U3qb4DwXM/sendMessage "HTTP/1.1 200 OK"
2026-08-30 11:30:33,563 - INFO - ✅ پیام 1 از 1 ارسال شد
2026-08-30 11:30:34,565 - INFO - ==================================================
2026-08-30 11:30:34,565 - INFO - 🏁 اجرای ربات با موفقیت به پایان رسید
2026-08-30 12:30:30,263 - INFO - ==================================================
2026-08-30 12:30:30,263 - INFO - 🚀 شروع اجرای ربات
2026-08-30 12:30:30,263 - INFO - 📥 بخش ۱: دریافت ۱۰۰ کانفیگ آخر برای فایل JSON...
2026-08-30 12:30:30,263 - INFO - 📡 دریافت کانفیگ‌ها از https://t.me/s/ConfigsHUB برای فایل JSON
2026-08-30 12:30:30,911 - INFO - ✅ 18 کانفیگ از صفحه دریافت شد
2026-08-30 12:30:30,912 - INFO - 📊 از https://t.me/s/ConfigsHUB: 18 کانفیگ دریافت شد
2026-08-30 12:30:30,912 - INFO - 🔄 بعد از حذف تکراری: 18 کانفیگ برای JSON
2026-08-30 12:30:30,912 - WARNING - ⚠️ تعداد کانفیگ‌ها به 100 رسید (با None پر شد)
2026-08-30 12:30:30,912 - INFO - ✅ دقیقاً 100 کانفیگ در configs.json ذخیره شد
2026-08-30 12:30:30,912 - INFO - ✅ فایل configs.json با 18 کانفیگ واقعی به‌روز شد
2026-08-30 12:30:30,912 - INFO - 📝 نمونه کانفیگ اول: vless://419f25c1-bc35-412e-93fb-258efee859b5@162.3...
2026-08-30 12:30:30,912 - INFO - 📤 بخش ۲: دریافت کانفیگ‌های جدید برای ارسال به کانال...
2026-08-30 12:30:30,912 - INFO - 📡 دریافت پست‌ها از https://t.me/s/ConfigsHUB برای ارسال به کانال
2026-08-30 12:30:31,469 - INFO - ✅ 20 پست دریافت شد
2026-08-30 12:30:31,470 - INFO - 💾 وضعیت به‌روز شد: ConfigsHUB/2032011
2026-08-30 12:30:31,470 - INFO - 📊 از https://t.me/s/ConfigsHUB: 18 کانفیگ جدید پیدا شد
2026-08-30 12:30:31,470 - INFO - 📊 تعداد کل کانفیگ‌های جدید: 18
2026-08-30 12:30:31,470 - INFO - 📤 ارسال 10 کانفیگ به کانال
2026-08-30 12:30:32,451 - INFO - HTTP Request: POST https://api.telegram.org/bot8316746677:AAF1IzRzODBtCvVWrL6dWtw7F8U3qb4DwXM/sendMessage "HTTP/1.1 200 OK"
2026-08-30 12:30:32,452 - INFO - ✅ پیام 1 از 1 ارسال شد
2026-08-30 12:30:33,453 - INFO - ==================================================
2026-08-30 12:30:33,453 - INFO - 🏁 اجرای ربات با موفقیت به پایان رسید
2026-08-30 13:30:34,735 - INFO - ==================================================
2026-08-30 13:30:34,735 - INFO - 🚀 شروع اجرای ربات
2026-08-30 13:30:34,735 - INFO - 📥 بخش ۱: دریافت ۱۰۰ کانفیگ آخر برای فایل JSON...
2026-08-30 13:30:34,735 - INFO - 📡 دریافت کانفیگ‌ها از https://t.me/s/ConfigsHUB برای فایل JSON
2026-08-30 13:30:35,217 - INFO - ✅ 20 کانفیگ از صفحه دریافت شد
2026-08-30 13:30:35,217 - INFO - 📊 از https://t.me/s/ConfigsHUB: 20 کانفیگ دریافت شد
2026-08-30 13:30:35,218 - INFO - 🔄 بعد از حذف تکراری: 20 کانفیگ برای JSON
2026-08-30 13:30:35,218 - WARNING - ⚠️ تعداد کانفیگ‌ها به 100 رسید (با None پر شد)
2026-08-30 13:30:35,218 - INFO - ✅ دقیقاً 100 کانفیگ در configs.json ذخیره شد
2026-08-30 13:30:35,218 - INFO - ✅ فایل configs.json با 20 کانفیگ واقعی به‌روز شد
2026-08-30 13:30:35,218 - INFO - 📝 نمونه کانفیگ اول: vless://a18f7c2d-9e45-4b8a-af3c-1d5e7f9c8b2a@83.16...
2026-08-30 13:30:35,218 - INFO - 📤 بخش ۲: دریافت کانفیگ‌های جدید برای ارسال به کانال...
2026-08-30 13:30:35,218 - INFO - 📡 دریافت پست‌ها از https://t.me/s/ConfigsHUB برای ارسال به کانال
2026-08-30 13:30:35,663 - INFO - ✅ 20 پست دریافت شد
2026-08-30 13:30:35,664 - INFO - 💾 وضعیت به‌روز شد: ConfigsHUB/2032211
2026-08-30 13:30:35,664 - INFO - 📊 از https://t.me/s/ConfigsHUB: 20 کانفیگ جدید پیدا شد
2026-08-30 13:30:35,664 - INFO - 📊 تعداد کل کانفیگ‌های جدید: 20
2026-08-30 13:30:35,664 - INFO - 📤 ارسال 10 کانفیگ به کانال
2026-08-30 13:30:36,178 - INFO - HTTP Request: POST https://api.telegram.org/bot8316746677:AAF1IzRzODBtCvVWrL6dWtw7F8U3qb4DwXM/sendMessage "HTTP/1.1 200 OK"
2026-08-30 13:30:36,179 - INFO - ✅ پیام 1 از 1 ارسال شد
2026-08-30 13:30:37,180 - INFO - ==================================================
2026-08-30 13:30:37,181 - INFO - 🏁 اجرای ربات با موفقیت به پایان رسید
2026-08-30 14:30:26,500 - INFO - ==================================================
2026-08-30 14:30:26,500 - INFO - 🚀 شروع اجرای ربات
2026-08-30 14:30:26,500 - INFO - 📥 بخش ۱: دریافت ۱۰۰ کانفیگ آخر برای فایل JSON...
2026-08-30 14:30:26,500 - INFO - 📡 دریافت کانفیگ‌ها از https://t.me/s/ConfigsHUB برای فایل JSON
2026-08-30 14:30:26,994 - INFO - ✅ 20 کانفیگ از صفحه دریافت شد
2026-08-30 14:30:26,995 - INFO - 📊 از https://t.me/s/ConfigsHUB: 20 کانفیگ دریافت شد
2026-08-30 14:30:26,996 - INFO - 🔄 بعد از حذف تکراری: 20 کانفیگ برای JSON
2026-08-30 14:30:26,996 - WARNING - ⚠️ تعداد کانفیگ‌ها به 100 رسید (با None پر شد)
2026-08-30 14:30:26,996 - INFO - ✅ دقیقاً 100 کانفیگ در configs.json ذخیره شد
2026-08-30 14:30:26,996 - INFO - ✅ فایل configs.json با 20 کانفیگ واقعی به‌روز شد
2026-08-30 14:30:26,996 - INFO - 📝 نمونه کانفیگ اول: vless://35805133-21b5-4cbd-b06b-b5f38b9880ee@hamid...
2026-08-30 14:30:26,996 - INFO - 📤 بخش ۲: دریافت کانفیگ‌های جدید برای ارسال به کانال...
2026-08-30 14:30:26,996 - INFO - 📡 دریافت پست‌ها از https://t.me/s/ConfigsHUB برای ارسال به کانال
2026-08-30 14:30:27,446 - INFO - ✅ 20 پست دریافت شد
2026-08-30 14:30:27,447 - INFO - 💾 وضعیت به‌روز شد: ConfigsHUB/2032477
2026-08-30 14:30:27,447 - INFO - 📊 از https://t.me/s/ConfigsHUB: 20 کانفیگ جدید پیدا شد
2026-08-30 14:30:27,448 - INFO - 📊 تعداد کل کانفیگ‌های جدید: 20
2026-08-30 14:30:27,448 - INFO - 📤 ارسال 10 کانفیگ به کانال
2026-08-30 14:30:28,001 - INFO - HTTP Request: POST https://api.telegram.org/bot8316746677:AAF1IzRzODBtCvVWrL6dWtw7F8U3qb4DwXM/sendMessage "HTTP/1.1 200 OK"
2026-08-30 14:30:28,002 - INFO - ✅ پیام 1 از 1 ارسال شد
2026-08-30 14:30:29,003 - INFO - ==================================================
2026-08-30 14:30:29,004 - INFO - 🏁 اجرای ربات با موفقیت به پایان رسید
2026-08-30 15:15:42,893 - INFO - ==================================================
2026-08-30 15:15:42,893 - INFO - 🚀 شروع اجرای ربات
2026-08-30 15:15:42,893 - INFO - 📥 بخش ۱: دریافت ۱۰۰ کانفیگ آخر برای فایل JSON...
2026-08-30 15:15:42,893 - INFO - 📡 دریافت کانفیگ‌ها از https://t.me/s/ConfigsHUB برای فایل JSON
2026-08-30 15:15:43,433 - INFO - ✅ 18 کانفیگ از صفحه دریافت شد
2026-08-30 15:15:43,434 - INFO - 📊 از https://t.me/s/ConfigsHUB: 18 کانفیگ دریافت شد
2026-08-30 15:15:43,434 - INFO - 🔄 بعد از حذف تکراری: 16 کانفیگ برای JSON
2026-08-30 15:15:43,434 - WARNING - ⚠️ تعداد کانفیگ‌ها به 100 رسید (با None پر شد)
2026-08-30 15:15:43,434 - INFO - ✅ دقیقاً 100 کانفیگ در configs.json ذخیره شد
2026-08-30 15:15:43,434 - INFO - ✅ فایل configs.json با 16 کانفیگ واقعی به‌روز شد
2026-08-30 15:15:43,434 - INFO - 📝 نمونه کانفیگ اول: vless://d706eacb-df4e-48d2-a7bd-649ef28554a7@104.1...
2026-08-30 15:15:43,434 - INFO - 📤 بخش ۲: دریافت کانفیگ‌های جدید برای ارسال به کانال...
2026-08-30 15:15:43,434 - INFO - 📡 دریافت پست‌ها از https://t.me/s/ConfigsHUB برای ارسال به کانال
2026-08-30 15:15:43,872 - INFO - ✅ 20 پست دریافت شد
2026-08-30 15:15:43,873 - INFO - 💾 وضعیت به‌روز شد: ConfigsHUB/2032690
2026-08-30 15:15:43,873 - INFO - 📊 از https://t.me/s/ConfigsHUB: 18 کانفیگ جدید پیدا شد
2026-08-30 15:15:43,873 - INFO - 📊 تعداد کل کانفیگ‌های جدید: 18
2026-08-30 15:15:43,873 - INFO - 📤 ارسال 10 کانفیگ به کانال
2026-08-30 15:15:44,470 - INFO - HTTP Request: POST https://api.telegram.org/bot8316746677:AAF1IzRzODBtCvVWrL6dWtw7F8U3qb4DwXM/sendMessage "HTTP/1.1 200 OK"
2026-08-30 15:15:44,471 - INFO - ✅ پیام 1 از 1 ارسال شد
2026-08-30 15:15:45,472 - INFO - ==================================================
2026-08-30 15:15:45,472 - INFO - 🏁 اجرای ربات با موفقیت به پایان رسید
2026-08-30 15:30:34,396 - INFO - ==================================================
2026-08-30 15:30:34,396 - INFO - 🚀 شروع اجرای ربات
2026-08-30 15:30:34,396 - INFO - 📥 بخش ۱: دریافت ۱۰۰ کانفیگ آخر برای فایل JSON...
2026-08-30 15:30:34,396 - INFO - 📡 دریافت کانفیگ‌ها از https://t.me/s/ConfigsHUB برای فایل JSON
2026-08-30 15:30:35,319 - INFO - ✅ 18 کانفیگ از صفحه دریافت شد
2026-08-30 15:30:35,320 - INFO - 📊 از https://t.me/s/ConfigsHUB: 18 کانفیگ دریافت شد
2026-08-30 15:30:35,320 - INFO - 🔄 بعد از حذف تکراری: 18 کانفیگ برای JSON
2026-08-30 15:30:35,320 - WARNING - ⚠️ تعداد کانفیگ‌ها به 100 رسید (با None پر شد)
2026-08-30 15:30:35,320 - INFO - ✅ دقیقاً 100 کانفیگ در configs.json ذخیره شد
2026-08-30 15:30:35,320 - INFO - ✅ فایل configs.json با 18 کانفیگ واقعی به‌روز شد
2026-08-30 15:30:35,320 - INFO - 📝 نمونه کانفیگ اول: vless://f09ca7ff-bfc2-4f72-8cf4-a3c81100cc15@parr....
2026-08-30 15:30:35,320 - INFO - 📤 بخش ۲: دریافت کانفیگ‌های جدید برای ارسال به کانال...
2026-08-30 15:30:35,321 - INFO - 📡 دریافت پست‌ها از https://t.me/s/ConfigsHUB برای ارسال به کانال
2026-08-30 15:30:35,884 - INFO - ✅ 20 پست دریافت شد
2026-08-30 15:30:35,885 - INFO - 💾 وضعیت به‌روز شد: ConfigsHUB/2032771
2026-08-30 15:30:35,885 - INFO - 📊 از https://t.me/s/ConfigsHUB: 18 کانفیگ جدید پیدا شد
2026-08-30 15:30:35,885 - INFO - 📊 تعداد کل کانفیگ‌های جدید: 18
2026-08-30 15:30:35,885 - INFO - 📤 ارسال 10 کانفیگ به کانال
2026-08-30 15:30:36,583 - INFO - HTTP Request: POST https://api.telegram.org/bot8316746677:AAF1IzRzODBtCvVWrL6dWtw7F8U3qb4DwXM/sendMessage "HTTP/1.1 200 OK"
2026-08-30 15:30:36,584 - INFO - ✅ پیام 1 از 1 ارسال شد
2026-08-30 15:30:37,586 - INFO - ==================================================
2026-08-30 15:30:37,586 - INFO - 🏁 اجرای ربات با موفقیت به پایان رسید
2026-08-30 16:30:27,703 - INFO - ==================================================
2026-08-30 16:30:27,704 - INFO - 🚀 شروع اجرای ربات
2026-08-30 16:30:27,704 - INFO - 📥 بخش ۱: دریافت ۱۰۰ کانفیگ آخر برای فایل JSON...
2026-08-30 16:30:27,704 - INFO - 📡 دریافت کانفیگ‌ها از https://t.me/s/ConfigsHUB برای فایل JSON
2026-08-30 16:30:28,196 - INFO - ✅ 20 کانفیگ از صفحه دریافت شد
2026-08-30 16:30:28,197 - INFO - 📊 از https://t.me/s/ConfigsHUB: 20 کانفیگ دریافت شد
2026-08-30 16:30:28,197 - INFO - 🔄 بعد از حذف تکراری: 19 کانفیگ برای JSON
2026-08-30 16:30:28,198 - WARNING - ⚠️ تعداد کانفیگ‌ها به 100 رسید (با None پر شد)
2026-08-30 16:30:28,198 - INFO - ✅ دقیقاً 100 کانفیگ در configs.json ذخیره شد
2026-08-30 16:30:28,198 - INFO - ✅ فایل configs.json با 19 کانفیگ واقعی به‌روز شد
2026-08-30 16:30:28,198 - INFO - 📝 نمونه کانفیگ اول: vless://f09ca7ff-bfc2-4f72-8cf4-a3c81100cc15@parr....
2026-08-30 16:30:28,198 - INFO - 📤 بخش ۲: دریافت کانفیگ‌های جدید برای ارسال به کانال...
2026-08-30 16:30:28,198 - INFO - 📡 دریافت پست‌ها از https://t.me/s/ConfigsHUB برای ارسال به کانال
2026-08-30 16:30:28,605 - INFO - ✅ 20 پست دریافت شد
2026-08-30 16:30:28,606 - INFO - 💾 وضعیت به‌روز شد: ConfigsHUB/2032980
2026-08-30 16:30:28,606 - INFO - 📊 از https://t.me/s/ConfigsHUB: 20 کانفیگ جدید پیدا شد
2026-08-30 16:30:28,606 - INFO - 📊 تعداد کل کانفیگ‌های جدید: 20
2026-08-30 16:30:28,606 - INFO - 📤 ارسال 10 کانفیگ به کانال
2026-08-30 16:30:29,083 - INFO - HTTP Request: POST https://api.telegram.org/bot8316746677:AAF1IzRzODBtCvVWrL6dWtw7F8U3qb4DwXM/sendMessage "HTTP/1.1 200 OK"
2026-08-30 16:30:29,084 - INFO - ✅ پیام 1 از 1 ارسال شد
2026-08-30 16:30:30,085 - INFO - ==================================================
2026-08-30 16:30:30,086 - INFO - 🏁 اجرای ربات با موفقیت به پایان رسید
2026-08-30 17:30:31,706 - INFO - ==================================================
2026-08-30 17:30:31,706 - INFO - 🚀 شروع اجرای ربات
2026-08-30 17:30:31,706 - INFO - 📥 بخش ۱: دریافت ۱۰۰ کانفیگ آخر برای فایل JSON...
2026-08-30 17:30:31,706 - INFO - 📡 دریافت کانفیگ‌ها از https://t.me/s/ConfigsHUB برای فایل JSON
2026-08-30 17:30:32,448 - INFO - ✅ 17 کانفیگ از صفحه دریافت شد
2026-08-30 17:30:32,449 - INFO - 📊 از https://t.me/s/ConfigsHUB: 17 کانفیگ دریافت شد
2026-08-30 17:30:32,449 - INFO - 🔄 بعد از حذف تکراری: 17 کانفیگ برای JSON
2026-08-30 17:30:32,449 - WARNING - ⚠️ تعداد کانفیگ‌ها به 100 رسید (با None پر شد)
2026-08-30 17:30:32,449 - INFO - ✅ دقیقاً 100 کانفیگ در configs.json ذخیره شد
2026-08-30 17:30:32,450 - INFO - ✅ فایل configs.json با 17 کانفیگ واقعی به‌روز شد
2026-08-30 17:30:32,450 - INFO - 📝 نمونه کانفیگ اول: vless://2f35965a-9a9b-45fd-ba32-987296dfb6be@bg5.u...
2026-08-30 17:30:32,450 - INFO - 📤 بخش ۲: دریافت کانفیگ‌های جدید برای ارسال به کانال...
2026-08-30 17:30:32,450 - INFO - 📡 دریافت پست‌ها از https://t.me/s/ConfigsHUB برای ارسال به کانال
2026-08-30 17:30:33,019 - INFO - ✅ 20 پست دریافت شد
2026-08-30 17:30:33,021 - INFO - 💾 وضعیت به‌روز شد: ConfigsHUB/2033269
2026-08-30 17:30:33,021 - INFO - 📊 از https://t.me/s/ConfigsHUB: 17 کانفیگ جدید پیدا شد
2026-08-30 17:30:33,021 - INFO - 📊 تعداد کل کانفیگ‌های جدید: 17
2026-08-30 17:30:33,021 - INFO - 📤 ارسال 10 کانفیگ به کانال
2026-08-30 17:30:33,848 - INFO - HTTP Request: POST https://api.telegram.org/bot8316746677:AAF1IzRzODBtCvVWrL6dWtw7F8U3qb4DwXM/sendMessage "HTTP/1.1 200 OK"
2026-08-30 17:30:33,849 - INFO - ✅ پیام 1 از 1 ارسال شد
2026-08-30 17:30:34,851 - INFO - ==================================================
2026-08-30 17:30:34,851 - INFO - 🏁 اجرای ربات با موفقیت به پایان رسید
2026-08-30 18:30:28,401 - INFO - ==================================================
2026-08-30 18:30:28,401 - INFO - 🚀 شروع اجرای ربات
2026-08-30 18:30:28,401 - INFO - 📥 بخش ۱: دریافت ۱۰۰ کانفیگ آخر برای فایل JSON...
2026-08-30 18:30:28,401 - INFO - 📡 دریافت کانفیگ‌ها از https://t.me/s/ConfigsHUB برای فایل JSON
2026-08-30 18:30:28,994 - INFO - ✅ 15 کانفیگ از صفحه دریافت شد
2026-08-30 18:30:28,995 - INFO - 📊 از https://t.me/s/ConfigsHUB: 15 کانفیگ دریافت شد
2026-08-30 18:30:28,995 - INFO - 🔄 بعد از حذف تکراری: 15 کانفیگ برای JSON
2026-08-30 18:30:28,995 - WARNING - ⚠️ تعداد کانفیگ‌ها به 100 رسید (با None پر شد)
2026-08-30 18:30:29,025 - INFO - ✅ دقیقاً 100 کانفیگ در configs.json ذخیره شد
2026-08-30 18:30:29,025 - INFO - ✅ فایل configs.json با 15 کانفیگ واقعی به‌روز شد
2026-08-30 18:30:29,025 - INFO - 📝 نمونه کانفیگ اول: vless://50414e45-4c5f-5a45-5553-41d0125eaa85@1yzgv...
2026-08-30 18:30:29,025 - INFO - 📤 بخش ۲: دریافت کانفیگ‌های جدید برای ارسال به کانال...
2026-08-30 18:30:29,025 - INFO - 📡 دریافت پست‌ها از https://t.me/s/ConfigsHUB برای ارسال به کانال
2026-08-30 18:30:29,562 - INFO - ✅ 20 پست دریافت شد
2026-08-30 18:30:29,563 - INFO - 💾 وضعیت به‌روز شد: ConfigsHUB/2033469
2026-08-30 18:30:29,563 - INFO - 📊 از https://t.me/s/ConfigsHUB: 15 کانفیگ جدید پیدا شد
2026-08-30 18:30:29,563 - INFO - 📊 تعداد کل کانفیگ‌های جدید: 15
2026-08-30 18:30:29,563 - INFO - 📤 ارسال 10 کانفیگ به کانال
2026-08-30 18:30:30,205 - INFO - HTTP Request: POST https://api.telegram.org/bot8316746677:AAF1IzRzODBtCvVWrL6dWtw7F8U3qb4DwXM/sendMessage "HTTP/1.1 200 OK"
2026-08-30 18:30:30,206 - INFO - ✅ پیام 1 از 1 ارسال شد
2026-08-30 18:30:31,230 - INFO - ==================================================
2026-08-30 18:30:31,230 - INFO - 🏁 اجرای ربات با موفقیت به پایان رسید
2026-08-30 19:11:50,457 - INFO - ==================================================
2026-08-30 19:11:50,457 - INFO - 🚀 شروع اجرای ربات
2026-08-30 19:11:50,457 - INFO - 📥 بخش ۱: دریافت ۱۰۰ کانفیگ آخر برای فایل JSON...
2026-08-30 19:11:50,457 - INFO - 📡 دریافت کانفیگ‌ها از https://t.me/s/ConfigsHUB برای فایل JSON
2026-08-30 19:11:51,126 - INFO - ✅ 12 کانفیگ از صفحه دریافت شد
2026-08-30 19:11:51,127 - INFO - 📊 از https://t.me/s/ConfigsHUB: 12 کانفیگ دریافت شد
2026-08-30 19:11:51,127 - INFO - 🔄 بعد از حذف تکراری: 12 کانفیگ برای JSON
2026-08-30 19:11:51,127 - WARNING - ⚠️ تعداد کانفیگ‌ها به 100 رسید (با None پر شد)
2026-08-30 19:11:51,127 - INFO - ✅ دقیقاً 100 کانفیگ در configs.json ذخیره شد
2026-08-30 19:11:51,127 - INFO - ✅ فایل configs.json با 12 کانفیگ واقعی به‌روز شد
2026-08-30 19:11:51,127 - INFO - 📝 نمونه کانفیگ اول: vless://c7e9c591-2764-423a-afca-efbd010fd396@104.2...
2026-08-30 19:11:51,127 - INFO - 📤 بخش ۲: دریافت کانفیگ‌های جدید برای ارسال به کانال...
2026-08-30 19:11:51,128 - INFO - 📡 دریافت پست‌ها از https://t.me/s/ConfigsHUB برای ارسال به کانال
2026-08-30 19:11:51,704 - INFO - ✅ 20 پست دریافت شد
2026-08-30 19:11:51,706 - INFO - 💾 وضعیت به‌روز شد: ConfigsHUB/2033594
2026-08-30 19:11:51,706 - INFO - 📊 از https://t.me/s/ConfigsHUB: 12 کانفیگ جدید پیدا شد
2026-08-30 19:11:51,706 - INFO - 📊 تعداد کل کانفیگ‌های جدید: 12
2026-08-30 19:11:51,706 - INFO - 📤 ارسال 10 کانفیگ به کانال
2026-08-30 19:11:52,342 - INFO - HTTP Request: POST https://api.telegram.org/bot8316746677:AAF1IzRzODBtCvVWrL6dWtw7F8U3qb4DwXM/sendMessage "HTTP/1.1 200 OK"
2026-08-30 19:11:52,343 - INFO - ✅ پیام 1 از 1 ارسال شد
2026-08-30 19:11:53,344 - INFO - ==================================================
2026-08-30 19:11:53,344 - INFO - 🏁 اجرای ربات با موفقیت به پایان رسید
2026-08-30 19:30:29,313 - INFO - ==================================================
2026-08-30 19:30:29,313 - INFO - 🚀 شروع اجرای ربات
2026-08-30 19:30:29,314 - INFO - 📥 بخش ۱: دریافت ۱۰۰ کانفیگ آخر برای فایل JSON...
2026-08-30 19:30:29,314 - INFO - 📡 دریافت کانفیگ‌ها از https://t.me/s/ConfigsHUB برای فایل JSON
2026-08-30 19:30:29,925 - INFO - ✅ 17 کانفیگ از صفحه دریافت شد
2026-08-30 19:30:29,926 - INFO - 📊 از https://t.me/s/ConfigsHUB: 17 کانفیگ دریافت شد
2026-08-30 19:30:29,926 - INFO - 🔄 بعد از حذف تکراری: 17 کانفیگ برای JSON
2026-08-30 19:30:29,926 - WARNING - ⚠️ تعداد کانفیگ‌ها به 100 رسید (با None پر شد)
2026-08-30 19:30:29,927 - INFO - ✅ دقیقاً 100 کانفیگ در configs.json ذخیره شد
2026-08-30 19:30:29,927 - INFO - ✅ فایل configs.json با 17 کانفیگ واقعی به‌روز شد
2026-08-30 19:30:29,927 - INFO - 📝 نمونه کانفیگ اول: vless://60e2a548-96aa-4850-a279-1edab743c39b@132.2...
2026-08-30 19:30:29,927 - INFO - 📤 بخش ۲: دریافت کانفیگ‌های جدید برای ارسال به کانال...
2026-08-30 19:30:29,927 - INFO - 📡 دریافت پست‌ها از https://t.me/s/ConfigsHUB برای ارسال به کانال
2026-08-30 19:30:30,419 - INFO - ✅ 20 پست دریافت شد
2026-08-30 19:30:30,420 - INFO - 💾 وضعیت به‌روز شد: ConfigsHUB/2033661
2026-08-30 19:30:30,421 - INFO - 📊 از https://t.me/s/ConfigsHUB: 17 کانفیگ جدید پیدا شد
2026-08-30 19:30:30,421 - INFO - 📊 تعداد کل کانفیگ‌های جدید: 17
2026-08-30 19:30:30,421 - INFO - 📤 ارسال 10 کانفیگ به کانال
2026-08-30 19:30:31,199 - INFO - HTTP Request: POST https://api.telegram.org/bot8316746677:AAF1IzRzODBtCvVWrL6dWtw7F8U3qb4DwXM/sendMessage "HTTP/1.1 200 OK"
2026-08-30 19:30:31,200 - INFO - ✅ پیام 1 از 1 ارسال شد
2026-08-30 19:30:32,201 - INFO - ==================================================
2026-08-30 19:30:32,201 - INFO - 🏁 اجرای ربات با موفقیت به پایان رسید
2026-08-30 20:30:27,699 - INFO - ==================================================
2026-08-30 20:30:27,699 - INFO - 🚀 شروع اجرای ربات
2026-08-30 20:30:27,699 - INFO - 📥 بخش ۱: دریافت ۱۰۰ کانفیگ آخر برای فایل JSON...
2026-08-30 20:30:27,699 - INFO - 📡 دریافت کانفیگ‌ها از https://t.me/s/ConfigsHUB برای فایل JSON
2026-08-30 20:30:28,359 - INFO - ✅ 17 کانفیگ از صفحه دریافت شد
2026-08-30 20:30:28,360 - INFO - 📊 از https://t.me/s/ConfigsHUB: 17 کانفیگ دریافت شد
2026-08-30 20:30:28,361 - INFO - 🔄 بعد از حذف تکراری: 16 کانفیگ برای JSON
2026-08-30 20:30:28,361 - WARNING - ⚠️ تعداد کانفیگ‌ها به 100 رسید (با None پر شد)
2026-08-30 20:30:28,361 - INFO - ✅ دقیقاً 100 کانفیگ در configs.json ذخیره شد
2026-08-30 20:30:28,361 - INFO - ✅ فایل configs.json با 16 کانفیگ واقعی به‌روز شد
2026-08-30 20:30:28,361 - INFO - 📝 نمونه کانفیگ اول: vless://70e20b2e-3b1f-4c25-9a3d-9240570391bb@derma...
2026-08-30 20:30:28,361 - INFO - 📤 بخش ۲: دریافت کانفیگ‌های جدید برای ارسال به کانال...
2026-08-30 20:30:28,361 - INFO - 📡 دریافت پست‌ها از https://t.me/s/ConfigsHUB برای ارسال به کانال
2026-08-30 20:30:28,952 - INFO - ✅ 20 پست دریافت شد
2026-08-30 20:30:28,953 - INFO - 💾 وضعیت به‌روز شد: ConfigsHUB/2033836
2026-08-30 20:30:28,953 - INFO - 📊 از https://t.me/s/ConfigsHUB: 17 کانفیگ جدید پیدا شد
2026-08-30 20:30:28,954 - INFO - 📊 تعداد کل کانفیگ‌های جدید: 17
2026-08-30 20:30:28,954 - INFO - 📤 ارسال 10 کانفیگ به کانال
2026-08-30 20:30:29,766 - INFO - HTTP Request: POST https://api.telegram.org/bot8316746677:AAF1IzRzODBtCvVWrL6dWtw7F8U3qb4DwXM/sendMessage "HTTP/1.1 200 OK"
2026-08-30 20:30:29,767 - INFO - ✅ پیام 1 از 1 ارسال شد
2026-08-30 20:30:30,769 - INFO - ==================================================
2026-08-30 20:30:30,769 - INFO - 🏁 اجرای ربات با موفقیت به پایان رسید
2026-08-30 21:30:30,731 - INFO - ==================================================
2026-08-30 21:30:30,731 - INFO - 🚀 شروع اجرای ربات
2026-08-30 21:30:30,731 - INFO - 📥 بخش ۱: دریافت ۱۰۰ کانفیگ آخر برای فایل JSON...
2026-08-30 21:30:30,731 - INFO - 📡 دریافت کانفیگ‌ها از https://t.me/s/ConfigsHUB برای فایل JSON
2026-08-30 21:30:31,384 - INFO - ✅ 11 کانفیگ از صفحه دریافت شد
2026-08-30 21:30:31,385 - INFO - 📊 از https://t.me/s/ConfigsHUB: 11 کانفیگ دریافت شد
2026-08-30 21:30:31,385 - INFO - 🔄 بعد از حذف تکراری: 11 کانفیگ برای JSON
2026-08-30 21:30:31,385 - WARNING - ⚠️ تعداد کانفیگ‌ها به 100 رسید (با None پر شد)
2026-08-30 21:30:31,385 - INFO - ✅ دقیقاً 100 کانفیگ در configs.json ذخیره شد
2026-08-30 21:30:31,385 - INFO - ✅ فایل configs.json با 11 کانفیگ واقعی به‌روز شد
2026-08-30 21:30:31,385 - INFO - 📝 نمونه کانفیگ اول: vless://7a4a2a6e-645e-4b5e-a3ad-f59da40e3784@65.10...
2026-08-30 21:30:31,385 - INFO - 📤 بخش ۲: دریافت کانفیگ‌های جدید برای ارسال به کانال...
2026-08-30 21:30:31,385 - INFO - 📡 دریافت پست‌ها از https://t.me/s/ConfigsHUB برای ارسال به کانال
2026-08-30 21:30:31,943 - INFO - ✅ 20 پست دریافت شد
2026-08-30 21:30:31,944 - INFO - 💾 وضعیت به‌روز شد: ConfigsHUB/2033949
2026-08-30 21:30:31,945 - INFO - 📊 از https://t.me/s/ConfigsHUB: 11 کانفیگ جدید پیدا شد
2026-08-30 21:30:31,945 - INFO - 📊 تعداد کل کانفیگ‌های جدید: 11
2026-08-30 21:30:31,945 - INFO - 📤 ارسال 10 کانفیگ به کانال
2026-08-30 21:30:32,615 - INFO - HTTP Request: POST https://api.telegram.org/bot8316746677:AAF1IzRzODBtCvVWrL6dWtw7F8U3qb4DwXM/sendMessage "HTTP/1.1 200 OK"
2026-08-30 21:30:32,616 - INFO - ✅ پیام 1 از 1 ارسال شد
2026-08-30 21:30:33,618 - INFO - ==================================================
2026-08-30 21:30:33,618 - INFO - 🏁 اجرای ربات با موفقیت به پایان رسید
2026-08-30 22:30:29,893 - INFO - ==================================================
2026-08-30 22:30:29,893 - INFO - 🚀 شروع اجرای ربات
2026-08-30 22:30:29,893 - INFO - 📥 بخش ۱: دریافت ۱۰۰ کانفیگ آخر برای فایل JSON...
2026-08-30 22:30:29,893 - INFO - 📡 دریافت کانفیگ‌ها از https://t.me/s/ConfigsHUB برای فایل JSON
2026-08-30 22:30:30,573 - INFO - ✅ 17 کانفیگ از صفحه دریافت شد
2026-08-30 22:30:30,574 - INFO - 📊 از https://t.me/s/ConfigsHUB: 17 کانفیگ دریافت شد
2026-08-30 22:30:30,575 - INFO - 🔄 بعد از حذف تکراری: 14 کانفیگ برای JSON
2026-08-30 22:30:30,575 - WARNING - ⚠️ تعداد کانفیگ‌ها به 100 رسید (با None پر شد)
2026-08-30 22:30:30,575 - INFO - ✅ دقیقاً 100 کانفیگ در configs.json ذخیره شد
2026-08-30 22:30:30,575 - INFO - ✅ فایل configs.json با 14 کانفیگ واقعی به‌روز شد
2026-08-30 22:30:30,575 - INFO - 📝 نمونه کانفیگ اول: vless://8fca45ae-908d-4f99-863c-9c2160a31657@edge....
2026-08-30 22:30:30,575 - INFO - 📤 بخش ۲: دریافت کانفیگ‌های جدید برای ارسال به کانال...
2026-08-30 22:30:30,575 - INFO - 📡 دریافت پست‌ها از https://t.me/s/ConfigsHUB برای ارسال به کانال
2026-08-30 22:30:31,163 - INFO - ✅ 20 پست دریافت شد
2026-08-30 22:30:31,164 - INFO - 💾 وضعیت به‌روز شد: ConfigsHUB/2034065
2026-08-30 22:30:31,164 - INFO - 📊 از https://t.me/s/ConfigsHUB: 17 کانفیگ جدید پیدا شد
2026-08-30 22:30:31,164 - INFO - 📊 تعداد کل کانفیگ‌های جدید: 17
2026-08-30 22:30:31,165 - INFO - 📤 ارسال 10 کانفیگ به کانال
2026-08-30 22:30:31,857 - INFO - HTTP Request: POST https://api.telegram.org/bot8316746677:AAF1IzRzODBtCvVWrL6dWtw7F8U3qb4DwXM/sendMessage "HTTP/1.1 200 OK"
2026-08-30 22:30:31,858 - INFO - ✅ پیام 1 از 1 ارسال شد
2026-08-30 22:30:32,859 - INFO - ==================================================
2026-08-30 22:30:32,859 - INFO - 🏁 اجرای ربات با موفقیت به پایان رسید
2026-08-30 22:33:11,851 - INFO - ==================================================
2026-08-30 22:33:11,851 - INFO - 🚀 شروع اجرای ربات
2026-08-30 22:33:11,851 - INFO - 📥 بخش ۱: دریافت ۱۰۰ کانفیگ آخر برای فایل JSON...
2026-08-30 22:33:11,851 - INFO - 📡 دریافت کانفیگ‌ها از https://t.me/s/ConfigsHUB برای فایل JSON
2026-08-30 22:33:12,389 - INFO - ✅ 17 کانفیگ از صفحه دریافت شد
2026-08-30 22:33:12,389 - INFO - 📊 از https://t.me/s/ConfigsHUB: 17 کانفیگ دریافت شد
2026-08-30 22:33:12,390 - INFO - 🔄 بعد از حذف تکراری: 14 کانفیگ برای JSON
2026-08-30 22:33:12,390 - WARNING - ⚠️ تعداد کانفیگ‌ها به 100 رسید (با None پر شد)
2026-08-30 22:33:12,390 - INFO - ✅ دقیقاً 100 کانفیگ در configs.json ذخیره شد
2026-08-30 22:33:12,390 - INFO - ✅ فایل configs.json با 14 کانفیگ واقعی به‌روز شد
2026-08-30 22:33:12,390 - INFO - 📝 نمونه کانفیگ اول: vless://8fca45ae-908d-4f99-863c-9c2160a31657@edge....
2026-08-30 22:33:12,390 - INFO - 📤 بخش ۲: دریافت کانفیگ‌های جدید برای ارسال به کانال...
2026-08-30 22:33:12,390 - INFO - 📡 دریافت پست‌ها از https://t.me/s/ConfigsHUB برای ارسال به کانال
2026-08-30 22:33:12,836 - INFO - ✅ 20 پست دریافت شد
2026-08-30 22:33:12,837 - INFO - ⏭️ رد کردن پست تکراری: ConfigsHUB/2034065
2026-08-30 22:33:12,837 - INFO - 💾 وضعیت به‌روز شد: ConfigsHUB/2034065
2026-08-30 22:33:12,837 - INFO - 📊 از https://t.me/s/ConfigsHUB: 0 کانفیگ جدید پیدا شد
2026-08-30 22:33:12,837 - INFO - 📊 تعداد کل کانفیگ‌های جدید: 0
2026-08-30 22:33:12,837 - INFO - ℹ️ کانفیگ جدیدی برای ارسال وجود ندارد
2026-08-30 22:33:12,837 - INFO - ==================================================
2026-08-30 22:33:12,837 - INFO - 🏁 اجرای ربات با موفقیت به پایان رسید
2026-08-30 23:30:28,272 - INFO - ==================================================
2026-08-30 23:30:28,272 - INFO - 🚀 شروع اجرای ربات
2026-08-30 23:30:28,273 - INFO - 📥 بخش ۱: دریافت ۱۰۰ کانفیگ آخر برای فایل JSON...
2026-08-30 23:30:28,273 - INFO - 📡 دریافت کانفیگ‌ها از https://t.me/s/ConfigsHUB برای فایل JSON
2026-08-30 23:30:28,967 - INFO - ✅ 11 کانفیگ از صفحه دریافت شد
2026-08-30 23:30:28,968 - INFO - 📊 از https://t.me/s/ConfigsHUB: 11 کانفیگ دریافت شد
2026-08-30 23:30:28,968 - INFO - 🔄 بعد از حذف تکراری: 11 کانفیگ برای JSON
2026-08-30 23:30:28,968 - WARNING - ⚠️ تعداد کانفیگ‌ها به 100 رسید (با None پر شد)
2026-08-30 23:30:28,968 - INFO - ✅ دقیقاً 100 کانفیگ در configs.json ذخیره شد
2026-08-30 23:30:28,969 - INFO - ✅ فایل configs.json با 11 کانفیگ واقعی به‌روز شد
2026-08-30 23:30:28,969 - INFO - 📝 نمونه کانفیگ اول: vless://1dd334f9-8730-42fd-9c91-ffc1933c7db3@217.1...
2026-08-30 23:30:28,969 - INFO - 📤 بخش ۲: دریافت کانفیگ‌های جدید برای ارسال به کانال...
2026-08-30 23:30:28,969 - INFO - 📡 دریافت پست‌ها از https://t.me/s/ConfigsHUB برای ارسال به کانال
2026-08-30 23:30:29,607 - INFO - ✅ 20 پست دریافت شد
2026-08-30 23:30:29,609 - INFO - 💾 وضعیت به‌روز شد: ConfigsHUB/2034141
2026-08-30 23:30:29,609 - INFO - 📊 از https://t.me/s/ConfigsHUB: 11 کانفیگ جدید پیدا شد
2026-08-30 23:30:29,609 - INFO - 📊 تعداد کل کانفیگ‌های جدید: 11
2026-08-30 23:30:29,609 - INFO - 📤 ارسال 10 کانفیگ به کانال
2026-08-30 23:30:30,303 - INFO - HTTP Request: POST https://api.telegram.org/bot8316746677:AAF1IzRzODBtCvVWrL6dWtw7F8U3qb4DwXM/sendMessage "HTTP/1.1 200 OK"
2026-08-30 23:30:30,304 - INFO - ✅ پیام 1 از 1 ارسال شد
2026-08-30 23:30:31,305 - INFO - ==================================================
2026-08-30 23:30:31,305 - INFO - 🏁 اجرای ربات با موفقیت به پایان رسید
2026-08-31 00:30:32,765 - INFO - ==================================================
2026-08-31 00:30:32,765 - INFO - 🚀 شروع اجرای ربات
2026-08-31 00:30:32,766 - INFO - 📥 بخش ۱: دریافت ۱۰۰ کانفیگ آخر برای فایل JSON...
2026-08-31 00:30:32,766 - INFO - 📡 دریافت کانفیگ‌ها از https://t.me/s/ConfigsHUB برای فایل JSON
2026-08-31 00:30:33,315 - INFO - ✅ 19 کانفیگ از صفحه دریافت شد
2026-08-31 00:30:33,316 - INFO - 📊 از https://t.me/s/ConfigsHUB: 19 کانفیگ دریافت شد
2026-08-31 00:30:33,316 - INFO - 🔄 بعد از حذف تکراری: 18 کانفیگ برای JSON
2026-08-31 00:30:33,316 - WARNING - ⚠️ تعداد کانفیگ‌ها به 100 رسید (با None پر شد)
2026-08-31 00:30:33,316 - INFO - ✅ دقیقاً 100 کانفیگ در configs.json ذخیره شد
2026-08-31 00:30:33,316 - INFO - ✅ فایل configs.json با 18 کانفیگ واقعی به‌روز شد
2026-08-31 00:30:33,317 - INFO - 📝 نمونه کانفیگ اول: vless://5fb3ebfe-a998-4ffa-b854-3cffacbb9b67@91.10...
2026-08-31 00:30:33,317 - INFO - 📤 بخش ۲: دریافت کانفیگ‌های جدید برای ارسال به کانال...
2026-08-31 00:30:33,317 - INFO - 📡 دریافت پست‌ها از https://t.me/s/ConfigsHUB برای ارسال به کانال
2026-08-31 00:30:33,792 - INFO - ✅ 20 پست دریافت شد
2026-08-31 00:30:33,793 - INFO - 💾 وضعیت به‌روز شد: ConfigsHUB/2034203
2026-08-31 00:30:33,793 - INFO - 📊 از https://t.me/s/ConfigsHUB: 19 کانفیگ جدید پیدا شد
2026-08-31 00:30:33,793 - INFO - 📊 تعداد کل کانفیگ‌های جدید: 19
2026-08-31 00:30:33,793 - INFO - 📤 ارسال 10 کانفیگ به کانال
2026-08-31 00:30:34,330 - INFO - HTTP Request: POST https://api.telegram.org/bot8316746677:AAF1IzRzODBtCvVWrL6dWtw7F8U3qb4DwXM/sendMessage "HTTP/1.1 200 OK"
2026-08-31 00:30:34,331 - INFO - ✅ پیام 1 از 1 ارسال شد
2026-08-31 00:30:35,332 - INFO - ==================================================
2026-08-31 00:30:35,332 - INFO - 🏁 اجرای ربات با موفقیت به پایان رسید
2026-08-31 01:14:05,052 - INFO - ==================================================
2026-08-31 01:14:05,052 - INFO - 🚀 شروع اجرای ربات
2026-08-31 01:14:05,052 - INFO - 📥 بخش ۱: دریافت ۱۰۰ کانفیگ آخر برای فایل JSON...
2026-08-31 01:14:05,052 - INFO - 📡 دریافت کانفیگ‌ها از https://t.me/s/ConfigsHUB برای فایل JSON
2026-08-31 01:14:05,528 - INFO - ✅ 2 کانفیگ از صفحه دریافت شد
2026-08-31 01:14:05,529 - INFO - 📊 از https://t.me/s/ConfigsHUB: 2 کانفیگ دریافت شد
2026-08-31 01:14:05,529 - INFO - 🔄 بعد از حذف تکراری: 2 کانفیگ برای JSON
2026-08-31 01:14:05,530 - WARNING - ⚠️ تعداد کانفیگ‌ها به 100 رسید (با None پر شد)
2026-08-31 01:14:05,530 - INFO - ✅ دقیقاً 100 کانفیگ در configs.json ذخیره شد
2026-08-31 01:14:05,530 - INFO - ✅ فایل configs.json با 2 کانفیگ واقعی به‌روز شد
2026-08-31 01:14:05,530 - INFO - 📝 نمونه کانفیگ اول: vless://b2c43c2d-01fb-48ee-9a1c-8f1ee3227e10@104.2...
2026-08-31 01:14:05,530 - INFO - 📤 بخش ۲: دریافت کانفیگ‌های جدید برای ارسال به کانال...
2026-08-31 01:14:05,530 - INFO - 📡 دریافت پست‌ها از https://t.me/s/ConfigsHUB برای ارسال به کانال
2026-08-31 01:14:05,944 - INFO - ✅ 20 پست دریافت شد
2026-08-31 01:14:05,946 - INFO - 💾 وضعیت به‌روز شد: ConfigsHUB/2034239
2026-08-31 01:14:05,946 - INFO - 📊 از https://t.me/s/ConfigsHUB: 2 کانفیگ جدید پیدا شد
2026-08-31 01:14:05,946 - INFO - 📊 تعداد کل کانفیگ‌های جدید: 2
2026-08-31 01:14:05,946 - INFO - 📤 ارسال 2 کانفیگ به کانال
2026-08-31 01:14:06,438 - INFO - HTTP Request: POST https://api.telegram.org/bot8316746677:AAF1IzRzODBtCvVWrL6dWtw7F8U3qb4DwXM/sendMessage "HTTP/1.1 200 OK"
2026-08-31 01:14:06,439 - INFO - ✅ پیام 1 از 1 ارسال شد
2026-08-31 01:14:07,441 - INFO - ==================================================
2026-08-31 01:14:07,441 - INFO - 🏁 اجرای ربات با موفقیت به پایان رسید
2026-08-31 01:30:28,560 - INFO - ==================================================
2026-08-31 01:30:28,560 - INFO - 🚀 شروع اجرای ربات
2026-08-31 01:30:28,561 - INFO - 📥 بخش ۱: دریافت ۱۰۰ کانفیگ آخر برای فایل JSON...
2026-08-31 01:30:28,561 - INFO - 📡 دریافت کانفیگ‌ها از https://t.me/s/ConfigsHUB برای فایل JSON
2026-08-31 01:30:29,198 - INFO - ✅ 11 کانفیگ از صفحه دریافت شد
2026-08-31 01:30:29,199 - INFO - 📊 از https://t.me/s/ConfigsHUB: 11 کانفیگ دریافت شد
2026-08-31 01:30:29,199 - INFO - 🔄 بعد از حذف تکراری: 11 کانفیگ برای JSON
2026-08-31 01:30:29,199 - WARNING - ⚠️ تعداد کانفیگ‌ها به 100 رسید (با None پر شد)
2026-08-31 01:30:29,200 - INFO - ✅ دقیقاً 100 کانفیگ در configs.json ذخیره شد
2026-08-31 01:30:29,200 - INFO - ✅ فایل configs.json با 11 کانفیگ واقعی به‌روز شد
2026-08-31 01:30:29,200 - INFO - 📝 نمونه کانفیگ اول: vless://35805133-21b5-4cbd-b06b-b5f38b9880ee@hamid...
2026-08-31 01:30:29,200 - INFO - 📤 بخش ۲: دریافت کانفیگ‌های جدید برای ارسال به کانال...
2026-08-31 01:30:29,200 - INFO - 📡 دریافت پست‌ها از https://t.me/s/ConfigsHUB برای ارسال به کانال
2026-08-31 01:30:29,718 - INFO - ✅ 20 پست دریافت شد
2026-08-31 01:30:29,719 - INFO - 💾 وضعیت به‌روز شد: ConfigsHUB/2034250
2026-08-31 01:30:29,719 - INFO - 📊 از https://t.me/s/ConfigsHUB: 11 کانفیگ جدید پیدا شد
2026-08-31 01:30:29,719 - INFO - 📊 تعداد کل کانفیگ‌های جدید: 11
2026-08-31 01:30:29,719 - INFO - 📤 ارسال 10 کانفیگ به کانال
2026-08-31 01:30:30,285 - INFO - HTTP Request: POST https://api.telegram.org/bot8316746677:AAF1IzRzODBtCvVWrL6dWtw7F8U3qb4DwXM/sendMessage "HTTP/1.1 200 OK"
2026-08-31 01:30:30,286 - INFO - ✅ پیام 1 از 1 ارسال شد
2026-08-31 01:30:31,288 - INFO - ==================================================
2026-08-31 01:30:31,288 - INFO - 🏁 اجرای ربات با موفقیت به پایان رسید
2026-08-31 02:30:27,238 - INFO - ==================================================
2026-08-31 02:30:27,238 - INFO - 🚀 شروع اجرای ربات
2026-08-31 02:30:27,238 - INFO - 📥 بخش ۱: دریافت ۱۰۰ کانفیگ آخر برای فایل JSON...
2026-08-31 02:30:27,238 - INFO - 📡 دریافت کانفیگ‌ها از https://t.me/s/ConfigsHUB برای فایل JSON
2026-08-31 02:30:27,802 - INFO - ✅ 6 کانفیگ از صفحه دریافت شد
2026-08-31 02:30:27,803 - INFO - 📊 از https://t.me/s/ConfigsHUB: 6 کانفیگ دریافت شد
2026-08-31 02:30:27,803 - INFO - 🔄 بعد از حذف تکراری: 6 کانفیگ برای JSON
2026-08-31 02:30:27,803 - WARNING - ⚠️ تعداد کانفیگ‌ها به 100 رسید (با None پر شد)
2026-08-31 02:30:27,804 - INFO - ✅ دقیقاً 100 کانفیگ در configs.json ذخیره شد
2026-08-31 02:30:27,804 - INFO - ✅ فایل configs.json با 6 کانفیگ واقعی به‌روز شد
2026-08-31 02:30:27,804 - INFO - 📝 نمونه کانفیگ اول: vless://OwLimbo@65.20.84.60:443?encryption=none&se...
2026-08-31 02:30:27,804 - INFO - 📤 بخش ۲: دریافت کانفیگ‌های جدید برای ارسال به کانال...
2026-08-31 02:30:27,804 - INFO - 📡 دریافت پست‌ها از https://t.me/s/ConfigsHUB برای ارسال به کانال
2026-08-31 02:30:28,215 - INFO - ✅ 20 پست دریافت شد
2026-08-31 02:30:28,216 - INFO - 💾 وضعیت به‌روز شد: ConfigsHUB/2034277
2026-08-31 02:30:28,216 - INFO - 📊 از https://t.me/s/ConfigsHUB: 6 کانفیگ جدید پیدا شد
2026-08-31 02:30:28,216 - INFO - 📊 تعداد کل کانفیگ‌های جدید: 6
2026-08-31 02:30:28,216 - INFO - 📤 ارسال 6 کانفیگ به کانال
2026-08-31 02:30:28,777 - INFO - HTTP Request: POST https://api.telegram.org/bot8316746677:AAF1IzRzODBtCvVWrL6dWtw7F8U3qb4DwXM/sendMessage "HTTP/1.1 200 OK"
2026-08-31 02:30:28,778 - INFO - ✅ پیام 1 از 1 ارسال شد
2026-08-31 02:30:29,780 - INFO - ==================================================
2026-08-31 02:30:29,780 - INFO - 🏁 اجرای ربات با موفقیت به پایان رسید
2026-08-31 03:30:30,550 - INFO - ==================================================
2026-08-31 03:30:30,550 - INFO - 🚀 شروع اجرای ربات
2026-08-31 03:30:30,550 - INFO - 📥 بخش ۱: دریافت ۱۰۰ کانفیگ آخر برای فایل JSON...
2026-08-31 03:30:30,550 - INFO - 📡 دریافت کانفیگ‌ها از https://t.me/s/ConfigsHUB برای فایل JSON
2026-08-31 03:30:31,076 - INFO - ✅ 7 کانفیگ از صفحه دریافت شد
2026-08-31 03:30:31,077 - INFO - 📊 از https://t.me/s/ConfigsHUB: 7 کانفیگ دریافت شد
2026-08-31 03:30:31,077 - INFO - 🔄 بعد از حذف تکراری: 7 کانفیگ برای JSON
2026-08-31 03:30:31,077 - WARNING - ⚠️ تعداد کانفیگ‌ها به 100 رسید (با None پر شد)
2026-08-31 03:30:31,078 - INFO - ✅ دقیقاً 100 کانفیگ در configs.json ذخیره شد
2026-08-31 03:30:31,078 - INFO - ✅ فایل configs.json با 7 کانفیگ واقعی به‌روز شد
2026-08-31 03:30:31,078 - INFO - 📝 نمونه کانفیگ اول: vless://d53f098c-c146-4c16-b8fc-263743fdb6b3@203.2...
2026-08-31 03:30:31,078 - INFO - 📤 بخش ۲: دریافت کانفیگ‌های جدید برای ارسال به کانال...
2026-08-31 03:30:31,078 - INFO - 📡 دریافت پست‌ها از https://t.me/s/ConfigsHUB برای ارسال به کانال
2026-08-31 03:30:31,477 - INFO - ✅ 20 پست دریافت شد
2026-08-31 03:30:31,479 - INFO - 💾 وضعیت به‌روز شد: ConfigsHUB/2034316
2026-08-31 03:30:31,479 - INFO - 📊 از https://t.me/s/ConfigsHUB: 7 کانفیگ جدید پیدا شد
2026-08-31 03:30:31,479 - INFO - 📊 تعداد کل کانفیگ‌های جدید: 7
2026-08-31 03:30:31,479 - INFO - 📤 ارسال 7 کانفیگ به کانال
2026-08-31 03:30:32,212 - INFO - HTTP Request: POST https://api.telegram.org/bot8316746677:AAF1IzRzODBtCvVWrL6dWtw7F8U3qb4DwXM/sendMessage "HTTP/1.1 200 OK"
2026-08-31 03:30:32,213 - INFO - ✅ پیام 1 از 1 ارسال شد
2026-08-31 03:30:33,214 - INFO - ==================================================
2026-08-31 03:30:33,214 - INFO - 🏁 اجرای ربات با موفقیت به پایان رسید
2026-08-31 04:30:41,417 - INFO - ==================================================
2026-08-31 04:30:41,417 - INFO - 🚀 شروع اجرای ربات
2026-08-31 04:30:41,417 - INFO - 📥 بخش ۱: دریافت ۱۰۰ کانفیگ آخر برای فایل JSON...
2026-08-31 04:30:41,417 - INFO - 📡 دریافت کانفیگ‌ها از https://t.me/s/ConfigsHUB برای فایل JSON
2026-08-31 04:30:41,958 - INFO - ✅ 15 کانفیگ از صفحه دریافت شد
2026-08-31 04:30:41,959 - INFO - 📊 از https://t.me/s/ConfigsHUB: 15 کانفیگ دریافت شد
2026-08-31 04:30:41,959 - INFO - 🔄 بعد از حذف تکراری: 13 کانفیگ برای JSON
2026-08-31 04:30:41,959 - WARNING - ⚠️ تعداد کانفیگ‌ها به 100 رسید (با None پر شد)
2026-08-31 04:30:41,960 - INFO - ✅ دقیقاً 100 کانفیگ در configs.json ذخیره شد
2026-08-31 04:30:41,960 - INFO - ✅ فایل configs.json با 13 کانفیگ واقعی به‌روز شد
2026-08-31 04:30:41,960 - INFO - 📝 نمونه کانفیگ اول: vless://2f35965a-9a9b-45fd-ba32-987296dfb6be@rs5.u...
2026-08-31 04:30:41,960 - INFO - 📤 بخش ۲: دریافت کانفیگ‌های جدید برای ارسال به کانال...
2026-08-31 04:30:41,960 - INFO - 📡 دریافت پست‌ها از https://t.me/s/ConfigsHUB برای ارسال به کانال
2026-08-31 04:30:42,447 - INFO - ✅ 20 پست دریافت شد
2026-08-31 04:30:42,448 - INFO - 💾 وضعیت به‌روز شد: ConfigsHUB/2034355
2026-08-31 04:30:42,448 - INFO - 📊 از https://t.me/s/ConfigsHUB: 15 کانفیگ جدید پیدا شد
2026-08-31 04:30:42,448 - INFO - 📊 تعداد کل کانفیگ‌های جدید: 15
2026-08-31 04:30:42,448 - INFO - 📤 ارسال 10 کانفیگ به کانال
2026-08-31 04:30:43,078 - INFO - HTTP Request: POST https://api.telegram.org/bot8316746677:AAF1IzRzODBtCvVWrL6dWtw7F8U3qb4DwXM/sendMessage "HTTP/1.1 200 OK"
2026-08-31 04:30:43,079 - INFO - ✅ پیام 1 از 1 ارسال شد
2026-08-31 04:30:44,080 - INFO - ==================================================
2026-08-31 04:30:44,080 - INFO - 🏁 اجرای ربات با موفقیت به پایان رسید
2026-08-31 05:30:27,077 - INFO - ==================================================
2026-08-31 05:30:27,077 - INFO - 🚀 شروع اجرای ربات
2026-08-31 05:30:27,078 - INFO - 📥 بخش ۱: دریافت ۱۰۰ کانفیگ آخر برای فایل JSON...
2026-08-31 05:30:27,078 - INFO - 📡 دریافت کانفیگ‌ها از https://t.me/s/ConfigsHUB برای فایل JSON
2026-08-31 05:30:27,588 - INFO - ✅ 13 کانفیگ از صفحه دریافت شد
2026-08-31 05:30:27,589 - INFO - 📊 از https://t.me/s/ConfigsHUB: 13 کانفیگ دریافت شد
2026-08-31 05:30:27,589 - INFO - 🔄 بعد از حذف تکراری: 13 کانفیگ برای JSON
2026-08-31 05:30:27,589 - WARNING - ⚠️ تعداد کانفیگ‌ها به 100 رسید (با None پر شد)
2026-08-31 05:30:27,590 - INFO - ✅ دقیقاً 100 کانفیگ در configs.json ذخیره شد
2026-08-31 05:30:27,590 - INFO - ✅ فایل configs.json با 13 کانفیگ واقعی به‌روز شد
2026-08-31 05:30:27,590 - INFO - 📝 نمونه کانفیگ اول: vless://fc7f5780-4c4e-11f1-a3f8-b58432c62d9c@jsv-i...
2026-08-31 05:30:27,590 - INFO - 📤 بخش ۲: دریافت کانفیگ‌های جدید برای ارسال به کانال...
2026-08-31 05:30:27,590 - INFO - 📡 دریافت پست‌ها از https://t.me/s/ConfigsHUB برای ارسال به کانال
2026-08-31 05:30:28,014 - INFO - ✅ 20 پست دریافت شد
2026-08-31 05:30:28,016 - INFO - 💾 وضعیت به‌روز شد: ConfigsHUB/2034471
2026-08-31 05:30:28,016 - INFO - 📊 از https://t.me/s/ConfigsHUB: 13 کانفیگ جدید پیدا شد
2026-08-31 05:30:28,016 - INFO - 📊 تعداد کل کانفیگ‌های جدید: 13
2026-08-31 05:30:28,016 - INFO - 📤 ارسال 10 کانفیگ به کانال
2026-08-31 05:30:28,521 - INFO - HTTP Request: POST https://api.telegram.org/bot8316746677:AAF1IzRzODBtCvVWrL6dWtw7F8U3qb4DwXM/sendMessage "HTTP/1.1 200 OK"
2026-08-31 05:30:28,522 - INFO - ✅ پیام 1 از 1 ارسال شد
2026-08-31 05:30:29,523 - INFO - ==================================================
2026-08-31 05:30:29,524 - INFO - 🏁 اجرای ربات با موفقیت به پایان رسید
2026-08-31 06:30:29,860 - INFO - ==================================================
2026-08-31 06:30:29,860 - INFO - 🚀 شروع اجرای ربات
2026-08-31 06:30:29,860 - INFO - 📥 بخش ۱: دریافت ۱۰۰ کانفیگ آخر برای فایل JSON...
2026-08-31 06:30:29,861 - INFO - 📡 دریافت کانفیگ‌ها از https://t.me/s/ConfigsHUB برای فایل JSON
2026-08-31 06:30:30,622 - INFO - ✅ 10 کانفیگ از صفحه دریافت شد
2026-08-31 06:30:30,623 - INFO - 📊 از https://t.me/s/ConfigsHUB: 10 کانفیگ دریافت شد
2026-08-31 06:30:30,623 - INFO - 🔄 بعد از حذف تکراری: 9 کانفیگ برای JSON
2026-08-31 06:30:30,623 - WARNING - ⚠️ تعداد کانفیگ‌ها به 100 رسید (با None پر شد)
2026-08-31 06:30:30,624 - INFO - ✅ دقیقاً 100 کانفیگ در configs.json ذخیره شد
2026-08-31 06:30:30,624 - INFO - ✅ فایل configs.json با 9 کانفیگ واقعی به‌روز شد
2026-08-31 06:30:30,624 - INFO - 📝 نمونه کانفیگ اول: vless://b5ca5ab3-8cbc-4ac3-89da-9cd360589ecb@213.1...
2026-08-31 06:30:30,624 - INFO - 📤 بخش ۲: دریافت کانفیگ‌های جدید برای ارسال به کانال...
2026-08-31 06:30:30,624 - INFO - 📡 دریافت پست‌ها از https://t.me/s/ConfigsHUB برای ارسال به کانال
2026-08-31 06:30:31,245 - INFO - ✅ 20 پست دریافت شد
2026-08-31 06:30:31,247 - INFO - 💾 وضعیت به‌روز شد: ConfigsHUB/2034588
2026-08-31 06:30:31,247 - INFO - 📊 از https://t.me/s/ConfigsHUB: 10 کانفیگ جدید پیدا شد
2026-08-31 06:30:31,247 - INFO - 📊 تعداد کل کانفیگ‌های جدید: 10
2026-08-31 06:30:31,247 - INFO - 📤 ارسال 9 کانفیگ به کانال
2026-08-31 06:30:31,958 - INFO - HTTP Request: POST https://api.telegram.org/bot8316746677:AAF1IzRzODBtCvVWrL6dWtw7F8U3qb4DwXM/sendMessage "HTTP/1.1 200 OK"
2026-08-31 06:30:31,959 - INFO - ✅ پیام 1 از 1 ارسال شد
2026-08-31 06:30:32,961 - INFO - ==================================================
2026-08-31 06:30:32,961 - INFO - 🏁 اجرای ربات با موفقیت به پایان رسید
2026-08-31 07:30:28,555 - INFO - ==================================================
2026-08-31 07:30:28,556 - INFO - 🚀 شروع اجرای ربات
2026-08-31 07:30:28,556 - INFO - 📥 بخش ۱: دریافت ۱۰۰ کانفیگ آخر برای فایل JSON...
2026-08-31 07:30:28,556 - INFO - 📡 دریافت کانفیگ‌ها از https://t.me/s/ConfigsHUB برای فایل JSON
2026-08-31 07:30:29,042 - INFO - ✅ 18 کانفیگ از صفحه دریافت شد
2026-08-31 07:30:29,043 - INFO - 📊 از https://t.me/s/ConfigsHUB: 18 کانفیگ دریافت شد
2026-08-31 07:30:29,044 - INFO - 🔄 بعد از حذف تکراری: 18 کانفیگ برای JSON
2026-08-31 07:30:29,044 - WARNING - ⚠️ تعداد کانفیگ‌ها به 100 رسید (با None پر شد)
2026-08-31 07:30:29,044 - INFO - ✅ دقیقاً 100 کانفیگ در configs.json ذخیره شد
2026-08-31 07:30:29,044 - INFO - ✅ فایل configs.json با 18 کانفیگ واقعی به‌روز شد
2026-08-31 07:30:29,044 - INFO - 📝 نمونه کانفیگ اول: vless://5fb3ebfe-a998-4ffa-b854-3cffacbb9b67@91.10...
2026-08-31 07:30:29,044 - INFO - 📤 بخش ۲: دریافت کانفیگ‌های جدید برای ارسال به کانال...
2026-08-31 07:30:29,044 - INFO - 📡 دریافت پست‌ها از https://t.me/s/ConfigsHUB برای ارسال به کانال
2026-08-31 07:30:29,432 - INFO - ✅ 20 پست دریافت شد
2026-08-31 07:30:29,434 - INFO - 💾 وضعیت به‌روز شد: ConfigsHUB/2034771
2026-08-31 07:30:29,434 - INFO - 📊 از https://t.me/s/ConfigsHUB: 18 کانفیگ جدید پیدا شد
2026-08-31 07:30:29,434 - INFO - 📊 تعداد کل کانفیگ‌های جدید: 18
2026-08-31 07:30:29,434 - INFO - 📤 ارسال 10 کانفیگ به کانال
2026-08-31 07:30:30,001 - INFO - HTTP Request: POST https://api.telegram.org/bot8316746677:AAF1IzRzODBtCvVWrL6dWtw7F8U3qb4DwXM/sendMessage "HTTP/1.1 200 OK"
2026-08-31 07:30:30,002 - INFO - ✅ پیام 1 از 1 ارسال شد
2026-08-31 07:30:31,004 - INFO - ==================================================
2026-08-31 07:30:31,004 - INFO - 🏁 اجرای ربات با موفقیت به پایان رسید
2026-08-31 08:24:59,368 - INFO - ==================================================
2026-08-31 08:24:59,369 - INFO - 🚀 شروع اجرای ربات
2026-08-31 08:24:59,369 - INFO - 📥 بخش ۱: دریافت ۱۰۰ کانفیگ آخر برای فایل JSON...
2026-08-31 08:24:59,369 - INFO - 📡 دریافت کانفیگ‌ها از https://t.me/s/ConfigsHUB برای فایل JSON
2026-08-31 08:25:00,039 - INFO - ✅ 15 کانفیگ از صفحه دریافت شد
2026-08-31 08:25:00,040 - INFO - 📊 از https://t.me/s/ConfigsHUB: 15 کانفیگ دریافت شد
2026-08-31 08:25:00,040 - INFO - 🔄 بعد از حذف تکراری: 15 کانفیگ برای JSON
2026-08-31 08:25:00,040 - WARNING - ⚠️ تعداد کانفیگ‌ها به 100 رسید (با None پر شد)
2026-08-31 08:25:00,041 - INFO - ✅ دقیقاً 100 کانفیگ در configs.json ذخیره شد
2026-08-31 08:25:00,041 - INFO - ✅ فایل configs.json با 15 کانفیگ واقعی به‌روز شد
2026-08-31 08:25:00,041 - INFO - 📝 نمونه کانفیگ اول: vless://a1d262a9-6d57-4ff0-99e4-594782c2ca7c@5.75....
2026-08-31 08:25:00,041 - INFO - 📤 بخش ۲: دریافت کانفیگ‌های جدید برای ارسال به کانال...
2026-08-31 08:25:00,041 - INFO - 📡 دریافت پست‌ها از https://t.me/s/ConfigsHUB برای ارسال به کانال
2026-08-31 08:25:00,616 - INFO - ✅ 20 پست دریافت شد
2026-08-31 08:25:00,617 - INFO - 💾 وضعیت به‌روز شد: ConfigsHUB/2034903
2026-08-31 08:25:00,617 - INFO - 📊 از https://t.me/s/ConfigsHUB: 15 کانفیگ جدید پیدا شد
2026-08-31 08:25:00,617 - INFO - 📊 تعداد کل کانفیگ‌های جدید: 15
2026-08-31 08:25:00,617 - INFO - 📤 ارسال 10 کانفیگ به کانال
2026-08-31 08:25:01,278 - INFO - HTTP Request: POST https://api.telegram.org/bot8316746677:AAF1IzRzODBtCvVWrL6dWtw7F8U3qb4DwXM/sendMessage "HTTP/1.1 200 OK"
2026-08-31 08:25:01,279 - INFO - ✅ پیام 1 از 1 ارسال شد
2026-08-31 08:25:02,280 - INFO - ==================================================
2026-08-31 08:25:02,280 - INFO - 🏁 اجرای ربات با موفقیت به پایان رسید
2026-08-31 08:30:33,916 - INFO - ==================================================
2026-08-31 08:30:33,917 - INFO - 🚀 شروع اجرای ربات
2026-08-31 08:30:33,917 - INFO - 📥 بخش ۱: دریافت ۱۰۰ کانفیگ آخر برای فایل JSON...
2026-08-31 08:30:33,917 - INFO - 📡 دریافت کانفیگ‌ها از https://t.me/s/ConfigsHUB برای فایل JSON
2026-08-31 08:30:34,443 - INFO - ✅ 15 کانفیگ از صفحه دریافت شد
2026-08-31 08:30:34,444 - INFO - 📊 از https://t.me/s/ConfigsHUB: 15 کانفیگ دریافت شد
2026-08-31 08:30:34,444 - INFO - 🔄 بعد از حذف تکراری: 15 کانفیگ برای JSON
2026-08-31 08:30:34,444 - WARNING - ⚠️ تعداد کانفیگ‌ها به 100 رسید (با None پر شد)
2026-08-31 08:30:34,444 - INFO - ✅ دقیقاً 100 کانفیگ در configs.json ذخیره شد
2026-08-31 08:30:34,445 - INFO - ✅ فایل configs.json با 15 کانفیگ واقعی به‌روز شد
2026-08-31 08:30:34,445 - INFO - 📝 نمونه کانفیگ اول: vless://a1d262a9-6d57-4ff0-99e4-594782c2ca7c@5.75....
2026-08-31 08:30:34,445 - INFO - 📤 بخش ۲: دریافت کانفیگ‌های جدید برای ارسال به کانال...
2026-08-31 08:30:34,445 - INFO - 📡 دریافت پست‌ها از https://t.me/s/ConfigsHUB برای ارسال به کانال
2026-08-31 08:30:34,863 - INFO - ✅ 20 پست دریافت شد
2026-08-31 08:30:34,864 - INFO - ⏭️ رد کردن پست تکراری: ConfigsHUB/2034903
2026-08-31 08:30:34,864 - INFO - 💾 وضعیت به‌روز شد: ConfigsHUB/2034903
2026-08-31 08:30:34,864 - INFO - 📊 از https://t.me/s/ConfigsHUB: 0 کانفیگ جدید پیدا شد
2026-08-31 08:30:34,864 - INFO - 📊 تعداد کل کانفیگ‌های جدید: 0
2026-08-31 08:30:34,864 - INFO - ℹ️ کانفیگ جدیدی برای ارسال وجود ندارد
2026-08-31 08:30:34,864 - INFO - ==================================================
2026-08-31 08:30:34,864 - INFO - 🏁 اجرای ربات با موفقیت به پایان رسید
2026-08-31 09:30:27,560 - INFO - ==================================================
2026-08-31 09:30:27,561 - INFO - 🚀 شروع اجرای ربات
2026-08-31 09:30:27,561 - INFO - 📥 بخش ۱: دریافت ۱۰۰ کانفیگ آخر برای فایل JSON...
2026-08-31 09:30:27,561 - INFO - 📡 دریافت کانفیگ‌ها از https://t.me/s/ConfigsHUB برای فایل JSON
2026-08-31 09:30:28,202 - INFO - ✅ 18 کانفیگ از صفحه دریافت شد
2026-08-31 09:30:28,203 - INFO - 📊 از https://t.me/s/ConfigsHUB: 18 کانفیگ دریافت شد
2026-08-31 09:30:28,203 - INFO - 🔄 بعد از حذف تکراری: 11 کانفیگ برای JSON
2026-08-31 09:30:28,203 - WARNING - ⚠️ تعداد کانفیگ‌ها به 100 رسید (با None پر شد)
2026-08-31 09:30:28,204 - INFO - ✅ دقیقاً 100 کانفیگ در configs.json ذخیره شد
2026-08-31 09:30:28,204 - INFO - ✅ فایل configs.json با 11 کانفیگ واقعی به‌روز شد
2026-08-31 09:30:28,204 - INFO - 📝 نمونه کانفیگ اول: vless://8f6ccdb2-2b4e-4834-a90b-344bff490402@alaFI...
2026-08-31 09:30:28,204 - INFO - 📤 بخش ۲: دریافت کانفیگ‌های جدید برای ارسال به کانال...
2026-08-31 09:30:28,204 - INFO - 📡 دریافت پست‌ها از https://t.me/s/ConfigsHUB برای ارسال به کانال
2026-08-31 09:30:28,713 - INFO - ✅ 20 پست دریافت شد
2026-08-31 09:30:28,714 - INFO - 💾 وضعیت به‌روز شد: ConfigsHUB/2035081
2026-08-31 09:30:28,714 - INFO - 📊 از https://t.me/s/ConfigsHUB: 18 کانفیگ جدید پیدا شد
2026-08-31 09:30:28,715 - INFO - 📊 تعداد کل کانفیگ‌های جدید: 18
2026-08-31 09:30:28,715 - INFO - 📤 ارسال 10 کانفیگ به کانال
2026-08-31 09:30:29,342 - INFO - HTTP Request: POST https://api.telegram.org/bot8316746677:AAF1IzRzODBtCvVWrL6dWtw7F8U3qb4DwXM/sendMessage "HTTP/1.1 200 OK"
2026-08-31 09:30:29,343 - INFO - ✅ پیام 1 از 1 ارسال شد
2026-08-31 09:30:30,344 - INFO - ==================================================
2026-08-31 09:30:30,344 - INFO - 🏁 اجرای ربات با موفقیت به پایان رسید
2026-08-31 10:30:29,452 - INFO - ==================================================
2026-08-31 10:30:29,452 - INFO - 🚀 شروع اجرای ربات
2026-08-31 10:30:29,452 - INFO - 📥 بخش ۱: دریافت ۱۰۰ کانفیگ آخر برای فایل JSON...
2026-08-31 10:30:29,452 - INFO - 📡 دریافت کانفیگ‌ها از https://t.me/s/ConfigsHUB برای فایل JSON
2026-08-31 10:30:29,925 - INFO - ✅ 15 کانفیگ از صفحه دریافت شد
2026-08-31 10:30:29,926 - INFO - 📊 از https://t.me/s/ConfigsHUB: 15 کانفیگ دریافت شد
2026-08-31 10:30:29,926 - INFO - 🔄 بعد از حذف تکراری: 15 کانفیگ برای JSON
2026-08-31 10:30:29,926 - WARNING - ⚠️ تعداد کانفیگ‌ها به 100 رسید (با None پر شد)
2026-08-31 10:30:29,926 - INFO - ✅ دقیقاً 100 کانفیگ در configs.json ذخیره شد
2026-08-31 10:30:29,926 - INFO - ✅ فایل configs.json با 15 کانفیگ واقعی به‌روز شد
2026-08-31 10:30:29,926 - INFO - 📝 نمونه کانفیگ اول: vless://a61abe08-05d6-f72d-58ab-b92576abd790@finla...
2026-08-31 10:30:29,927 - INFO - 📤 بخش ۲: دریافت کانفیگ‌های جدید برای ارسال به کانال...
2026-08-31 10:30:29,927 - INFO - 📡 دریافت پست‌ها از https://t.me/s/ConfigsHUB برای ارسال به کانال
2026-08-31 10:30:30,309 - INFO - ✅ 20 پست دریافت شد
2026-08-31 10:30:30,310 - INFO - 💾 وضعیت به‌روز شد: ConfigsHUB/2035258
2026-08-31 10:30:30,310 - INFO - 📊 از https://t.me/s/ConfigsHUB: 15 کانفیگ جدید پیدا شد
2026-08-31 10:30:30,310 - INFO - 📊 تعداد کل کانفیگ‌های جدید: 15
2026-08-31 10:30:30,310 - INFO - 📤 ارسال 10 کانفیگ به کانال
2026-08-31 10:30:30,876 - INFO - HTTP Request: POST https://api.telegram.org/bot8316746677:AAF1IzRzODBtCvVWrL6dWtw7F8U3qb4DwXM/sendMessage "HTTP/1.1 200 OK"
2026-08-31 10:30:30,877 - INFO - ✅ پیام 1 از 1 ارسال شد
2026-08-31 10:30:31,879 - INFO - ==================================================
2026-08-31 10:30:31,879 - INFO - 🏁 اجرای ربات با موفقیت به پایان رسید
2026-08-31 11:30:28,505 - INFO - ==================================================
2026-08-31 11:30:28,505 - INFO - 🚀 شروع اجرای ربات
2026-08-31 11:30:28,505 - INFO - 📥 بخش ۱: دریافت ۱۰۰ کانفیگ آخر برای فایل JSON...
2026-08-31 11:30:28,505 - INFO - 📡 دریافت کانفیگ‌ها از https://t.me/s/ConfigsHUB برای فایل JSON
2026-08-31 11:30:28,974 - INFO - ✅ 17 کانفیگ از صفحه دریافت شد
2026-08-31 11:30:28,975 - INFO - 📊 از https://t.me/s/ConfigsHUB: 17 کانفیگ دریافت شد
2026-08-31 11:30:28,975 - INFO - 🔄 بعد از حذف تکراری: 17 کانفیگ برای JSON
2026-08-31 11:30:28,975 - WARNING - ⚠️ تعداد کانفیگ‌ها به 100 رسید (با None پر شد)
2026-08-31 11:30:28,976 - INFO - ✅ دقیقاً 100 کانفیگ در configs.json ذخیره شد
2026-08-31 11:30:28,976 - INFO - ✅ فایل configs.json با 17 کانفیگ واقعی به‌روز شد
2026-08-31 11:30:28,976 - INFO - 📝 نمونه کانفیگ اول: vless://2c3553a1-ec44-41b8-a116-5e25989e38a2@tsa-p...
2026-08-31 11:30:28,976 - INFO - 📤 بخش ۲: دریافت کانفیگ‌های جدید برای ارسال به کانال...
2026-08-31 11:30:28,976 - INFO - 📡 دریافت پست‌ها از https://t.me/s/ConfigsHUB برای ارسال به کانال
2026-08-31 11:30:29,389 - INFO - ✅ 20 پست دریافت شد
2026-08-31 11:30:29,390 - INFO - 💾 وضعیت به‌روز شد: ConfigsHUB/2035431
2026-08-31 11:30:29,390 - INFO - 📊 از https://t.me/s/ConfigsHUB: 17 کانفیگ جدید پیدا شد
2026-08-31 11:30:29,390 - INFO - 📊 تعداد کل کانفیگ‌های جدید: 17
2026-08-31 11:30:29,390 - INFO - 📤 ارسال 10 کانفیگ به کانال
2026-08-31 11:30:29,852 - INFO - HTTP Request: POST https://api.telegram.org/bot8316746677:AAF1IzRzODBtCvVWrL6dWtw7F8U3qb4DwXM/sendMessage "HTTP/1.1 200 OK"
2026-08-31 11:30:29,853 - INFO - ✅ پیام 1 از 1 ارسال شد
2026-08-31 11:30:30,855 - INFO - ==================================================
2026-08-31 11:30:30,855 - INFO - 🏁 اجرای ربات با موفقیت به پایان رسید
2026-08-31 12:30:28,973 - INFO - ==================================================
2026-08-31 12:30:28,973 - INFO - 🚀 شروع اجرای ربات
2026-08-31 12:30:28,973 - INFO - 📥 بخش ۱: دریافت ۱۰۰ کانفیگ آخر برای فایل JSON...
2026-08-31 12:30:28,973 - INFO - 📡 دریافت کانفیگ‌ها از https://t.me/s/ConfigsHUB برای فایل JSON
2026-08-31 12:30:29,482 - INFO - ✅ 20 کانفیگ از صفحه دریافت شد
2026-08-31 12:30:29,483 - INFO - 📊 از https://t.me/s/ConfigsHUB: 20 کانفیگ دریافت شد
2026-08-31 12:30:29,483 - INFO - 🔄 بعد از حذف تکراری: 20 کانفیگ برای JSON
2026-08-31 12:30:29,483 - WARNING - ⚠️ تعداد کانفیگ‌ها به 100 رسید (با None پر شد)
2026-08-31 12:30:29,483 - INFO - ✅ دقیقاً 100 کانفیگ در configs.json ذخیره شد
2026-08-31 12:30:29,484 - INFO - ✅ فایل configs.json با 20 کانفیگ واقعی به‌روز شد
2026-08-31 12:30:29,484 - INFO - 📝 نمونه کانفیگ اول: vless://2642f590-2bce-4031-8f93-7eed983621f5@45.33...
2026-08-31 12:30:29,484 - INFO - 📤 بخش ۲: دریافت کانفیگ‌های جدید برای ارسال به کانال...
2026-08-31 12:30:29,484 - INFO - 📡 دریافت پست‌ها از https://t.me/s/ConfigsHUB برای ارسال به کانال
2026-08-31 12:30:29,869 - INFO - ✅ 20 پست دریافت شد
2026-08-31 12:30:29,870 - INFO - 💾 وضعیت به‌روز شد: ConfigsHUB/2035674
2026-08-31 12:30:29,870 - INFO - 📊 از https://t.me/s/ConfigsHUB: 20 کانفیگ جدید پیدا شد
2026-08-31 12:30:29,870 - INFO - 📊 تعداد کل کانفیگ‌های جدید: 20
2026-08-31 12:30:29,870 - INFO - 📤 ارسال 10 کانفیگ به کانال
2026-08-31 12:30:30,352 - INFO - HTTP Request: POST https://api.telegram.org/bot8316746677:AAF1IzRzODBtCvVWrL6dWtw7F8U3qb4DwXM/sendMessage "HTTP/1.1 200 OK"
2026-08-31 12:30:30,353 - INFO - ✅ پیام 1 از 1 ارسال شد
2026-08-31 12:30:31,355 - INFO - ==================================================
2026-08-31 12:30:31,355 - INFO - 🏁 اجرای ربات با موفقیت به پایان رسید
2026-08-31 13:30:41,895 - INFO - ==================================================
2026-08-31 13:30:41,895 - INFO - 🚀 شروع اجرای ربات
2026-08-31 13:30:41,895 - INFO - 📥 بخش ۱: دریافت ۱۰۰ کانفیگ آخر برای فایل JSON...
2026-08-31 13:30:41,895 - INFO - 📡 دریافت کانفیگ‌ها از https://t.me/s/ConfigsHUB برای فایل JSON
2026-08-31 13:30:42,513 - INFO - ✅ 19 کانفیگ از صفحه دریافت شد
2026-08-31 13:30:42,514 - INFO - 📊 از https://t.me/s/ConfigsHUB: 19 کانفیگ دریافت شد
2026-08-31 13:30:42,514 - INFO - 🔄 بعد از حذف تکراری: 17 کانفیگ برای JSON
2026-08-31 13:30:42,514 - WARNING - ⚠️ تعداد کانفیگ‌ها به 100 رسید (با None پر شد)
2026-08-31 13:30:42,514 - INFO - ✅ دقیقاً 100 کانفیگ در configs.json ذخیره شد
2026-08-31 13:30:42,514 - INFO - ✅ فایل configs.json با 17 کانفیگ واقعی به‌روز شد
2026-08-31 13:30:42,514 - INFO - 📝 نمونه کانفیگ اول: trojan://6c862415-30d2-4813-8e49-42e99a0bd415@104....
2026-08-31 13:30:42,514 - INFO - 📤 بخش ۲: دریافت کانفیگ‌های جدید برای ارسال به کانال...
2026-08-31 13:30:42,515 - INFO - 📡 دریافت پست‌ها از https://t.me/s/ConfigsHUB برای ارسال به کانال
2026-08-31 13:30:43,075 - INFO - ✅ 20 پست دریافت شد
2026-08-31 13:30:43,076 - INFO - 💾 وضعیت به‌روز شد: ConfigsHUB/2035891
2026-08-31 13:30:43,076 - INFO - 📊 از https://t.me/s/ConfigsHUB: 19 کانفیگ جدید پیدا شد
2026-08-31 13:30:43,076 - INFO - 📊 تعداد کل کانفیگ‌های جدید: 19
2026-08-31 13:30:43,076 - INFO - 📤 ارسال 10 کانفیگ به کانال
2026-08-31 13:30:43,899 - INFO - HTTP Request: POST https://api.telegram.org/bot8316746677:AAF1IzRzODBtCvVWrL6dWtw7F8U3qb4DwXM/sendMessage "HTTP/1.1 200 OK"
2026-08-31 13:30:43,900 - INFO - ✅ پیام 1 از 1 ارسال شد
2026-08-31 13:30:44,902 - INFO - ==================================================
2026-08-31 13:30:44,902 - INFO - 🏁 اجرای ربات با موفقیت به پایان رسید
2026-08-31 14:30:31,771 - INFO - ==================================================
2026-08-31 14:30:31,771 - INFO - 🚀 شروع اجرای ربات
2026-08-31 14:30:31,771 - INFO - 📥 بخش ۱: دریافت ۱۰۰ کانفیگ آخر برای فایل JSON...
2026-08-31 14:30:31,771 - INFO - 📡 دریافت کانفیگ‌ها از https://t.me/s/ConfigsHUB برای فایل JSON
2026-08-31 14:30:32,428 - INFO - ✅ 19 کانفیگ از صفحه دریافت شد
2026-08-31 14:30:32,429 - INFO - 📊 از https://t.me/s/ConfigsHUB: 19 کانفیگ دریافت شد
2026-08-31 14:30:32,429 - INFO - 🔄 بعد از حذف تکراری: 17 کانفیگ برای JSON
2026-08-31 14:30:32,429 - WARNING - ⚠️ تعداد کانفیگ‌ها به 100 رسید (با None پر شد)
2026-08-31 14:30:32,429 - INFO - ✅ دقیقاً 100 کانفیگ در configs.json ذخیره شد
2026-08-31 14:30:32,429 - INFO - ✅ فایل configs.json با 17 کانفیگ واقعی به‌روز شد
2026-08-31 14:30:32,430 - INFO - 📝 نمونه کانفیگ اول: vless://049e56d8-0ba0-49e3-b764-ee04122b9f00@57.13...
2026-08-31 14:30:32,430 - INFO - 📤 بخش ۲: دریافت کانفیگ‌های جدید برای ارسال به کانال...
2026-08-31 14:30:32,430 - INFO - 📡 دریافت پست‌ها از https://t.me/s/ConfigsHUB برای ارسال به کانال
2026-08-31 14:30:33,082 - INFO - ✅ 20 پست دریافت شد
2026-08-31 14:30:33,084 - INFO - 💾 وضعیت به‌روز شد: ConfigsHUB/2036121
2026-08-31 14:30:33,084 - INFO - 📊 از https://t.me/s/ConfigsHUB: 19 کانفیگ جدید پیدا شد
2026-08-31 14:30:33,084 - INFO - 📊 تعداد کل کانفیگ‌های جدید: 19
2026-08-31 14:30:33,084 - INFO - 📤 ارسال 10 کانفیگ به کانال
2026-08-31 14:30:33,769 - INFO - HTTP Request: POST https://api.telegram.org/bot8316746677:AAF1IzRzODBtCvVWrL6dWtw7F8U3qb4DwXM/sendMessage "HTTP/1.1 200 OK"
2026-08-31 14:30:33,770 - INFO - ✅ پیام 1 از 1 ارسال شد
2026-08-31 14:30:34,772 - INFO - ==================================================
2026-08-31 14:30:34,772 - INFO - 🏁 اجرای ربات با موفقیت به پایان رسید
2026-08-31 15:30:39,453 - INFO - ==================================================
2026-08-31 15:30:39,453 - INFO - 🚀 شروع اجرای ربات
2026-08-31 15:30:39,453 - INFO - 📥 بخش ۱: دریافت ۱۰۰ کانفیگ آخر برای فایل JSON...
2026-08-31 15:30:39,453 - INFO - 📡 دریافت کانفیگ‌ها از https://t.me/s/ConfigsHUB برای فایل JSON
2026-08-31 15:30:39,982 - INFO - ✅ 20 کانفیگ از صفحه دریافت شد
2026-08-31 15:30:39,982 - INFO - 📊 از https://t.me/s/ConfigsHUB: 20 کانفیگ دریافت شد
2026-08-31 15:30:39,983 - INFO - 🔄 بعد از حذف تکراری: 19 کانفیگ برای JSON
2026-08-31 15:30:39,983 - WARNING - ⚠️ تعداد کانفیگ‌ها به 100 رسید (با None پر شد)
2026-08-31 15:30:39,983 - INFO - ✅ دقیقاً 100 کانفیگ در configs.json ذخیره شد
2026-08-31 15:30:39,983 - INFO - ✅ فایل configs.json با 19 کانفیگ واقعی به‌روز شد
2026-08-31 15:30:39,983 - INFO - 📝 نمونه کانفیگ اول: vless://2f35965a-9a9b-45fd-ba32-987296dfb6be@45.9....
2026-08-31 15:30:39,983 - INFO - 📤 بخش ۲: دریافت کانفیگ‌های جدید برای ارسال به کانال...
2026-08-31 15:30:39,983 - INFO - 📡 دریافت پست‌ها از https://t.me/s/ConfigsHUB برای ارسال به کانال
2026-08-31 15:30:40,445 - INFO - ✅ 20 پست دریافت شد
2026-08-31 15:30:40,447 - INFO - 💾 وضعیت به‌روز شد: ConfigsHUB/2036368
2026-08-31 15:30:40,447 - INFO - 📊 از https://t.me/s/ConfigsHUB: 20 کانفیگ جدید پیدا شد
2026-08-31 15:30:40,447 - INFO - 📊 تعداد کل کانفیگ‌های جدید: 20
2026-08-31 15:30:40,447 - INFO - 📤 ارسال 10 کانفیگ به کانال
2026-08-31 15:30:40,930 - INFO - HTTP Request: POST https://api.telegram.org/bot8316746677:AAF1IzRzODBtCvVWrL6dWtw7F8U3qb4DwXM/sendMessage "HTTP/1.1 200 OK"
2026-08-31 15:30:40,931 - INFO - ✅ پیام 1 از 1 ارسال شد
2026-08-31 15:30:41,932 - INFO - ==================================================
2026-08-31 15:30:41,932 - INFO - 🏁 اجرای ربات با موفقیت به پایان رسید
2026-08-31 16:30:30,864 - INFO - ==================================================
2026-08-31 16:30:30,864 - INFO - 🚀 شروع اجرای ربات
2026-08-31 16:30:30,865 - INFO - 📥 بخش ۱: دریافت ۱۰۰ کانفیگ آخر برای فایل JSON...
2026-08-31 16:30:30,865 - INFO - 📡 دریافت کانفیگ‌ها از https://t.me/s/ConfigsHUB برای فایل JSON
2026-08-31 16:30:31,468 - INFO - ✅ 20 کانفیگ از صفحه دریافت شد
2026-08-31 16:30:31,469 - INFO - 📊 از https://t.me/s/ConfigsHUB: 20 کانفیگ دریافت شد
2026-08-31 16:30:31,469 - INFO - 🔄 بعد از حذف تکراری: 19 کانفیگ برای JSON
2026-08-31 16:30:31,469 - WARNING - ⚠️ تعداد کانفیگ‌ها به 100 رسید (با None پر شد)
2026-08-31 16:30:31,470 - INFO - ✅ دقیقاً 100 کانفیگ در configs.json ذخیره شد
2026-08-31 16:30:31,470 - INFO - ✅ فایل configs.json با 19 کانفیگ واقعی به‌روز شد
2026-08-31 16:30:31,470 - INFO - 📝 نمونه کانفیگ اول: vless://2f35965a-9a9b-45fd-ba32-987296dfb6be@rs1.u...
2026-08-31 16:30:31,470 - INFO - 📤 بخش ۲: دریافت کانفیگ‌های جدید برای ارسال به کانال...
2026-08-31 16:30:31,470 - INFO - 📡 دریافت پست‌ها از https://t.me/s/ConfigsHUB برای ارسال به کانال
2026-08-31 16:30:32,043 - INFO - ✅ 20 پست دریافت شد
2026-08-31 16:30:32,044 - INFO - 💾 وضعیت به‌روز شد: ConfigsHUB/2036640
2026-08-31 16:30:32,044 - INFO - 📊 از https://t.me/s/ConfigsHUB: 20 کانفیگ جدید پیدا شد
2026-08-31 16:30:32,044 - INFO - 📊 تعداد کل کانفیگ‌های جدید: 20
2026-08-31 16:30:32,045 - INFO - 📤 ارسال 10 کانفیگ به کانال
2026-08-31 16:30:32,855 - INFO - HTTP Request: POST https://api.telegram.org/bot8316746677:AAF1IzRzODBtCvVWrL6dWtw7F8U3qb4DwXM/sendMessage "HTTP/1.1 200 OK"
2026-08-31 16:30:32,856 - INFO - ✅ پیام 1 از 1 ارسال شد
2026-08-31 16:30:33,857 - INFO - ==================================================
2026-08-31 16:30:33,857 - INFO - 🏁 اجرای ربات با موفقیت به پایان رسید
2026-08-31 16:54:35,430 - INFO - ==================================================
2026-08-31 16:54:35,430 - INFO - 🚀 شروع اجرای ربات
2026-08-31 16:54:35,431 - INFO - 📥 بخش ۱: دریافت ۱۰۰ کانفیگ آخر برای فایل JSON...
2026-08-31 16:54:35,431 - INFO - 📡 دریافت کانفیگ‌ها از https://t.me/s/ConfigsHUB برای فایل JSON
2026-08-31 16:54:36,072 - INFO - ✅ 14 کانفیگ از صفحه دریافت شد
2026-08-31 16:54:36,073 - INFO - 📊 از https://t.me/s/ConfigsHUB: 14 کانفیگ دریافت شد
2026-08-31 16:54:36,073 - INFO - 🔄 بعد از حذف تکراری: 10 کانفیگ برای JSON
2026-08-31 16:54:36,073 - WARNING - ⚠️ تعداد کانفیگ‌ها به 100 رسید (با None پر شد)
2026-08-31 16:54:36,074 - INFO - ✅ دقیقاً 100 کانفیگ در configs.json ذخیره شد
2026-08-31 16:54:36,074 - INFO - ✅ فایل configs.json با 10 کانفیگ واقعی به‌روز شد
2026-08-31 16:54:36,074 - INFO - 📝 نمونه کانفیگ اول: ss://Y2hhY2hhMjAtaWV0Zi1wb2x5MTMwNTo5dHFoTWRJclRrZ...
2026-08-31 16:54:36,074 - INFO - 📤 بخش ۲: دریافت کانفیگ‌های جدید برای ارسال به کانال...
2026-08-31 16:54:36,074 - INFO - 📡 دریافت پست‌ها از https://t.me/s/ConfigsHUB برای ارسال به کانال
2026-08-31 16:54:36,607 - INFO - ✅ 20 پست دریافت شد
2026-08-31 16:54:36,608 - INFO - 💾 وضعیت به‌روز شد: ConfigsHUB/2036726
2026-08-31 16:54:36,608 - INFO - 📊 از https://t.me/s/ConfigsHUB: 14 کانفیگ جدید پیدا شد
2026-08-31 16:54:36,608 - INFO - 📊 تعداد کل کانفیگ‌های جدید: 14
2026-08-31 16:54:36,609 - INFO - 📤 ارسال 10 کانفیگ به کانال
2026-08-31 16:54:37,206 - INFO - HTTP Request: POST https://api.telegram.org/bot8316746677:AAF1IzRzODBtCvVWrL6dWtw7F8U3qb4DwXM/sendMessage "HTTP/1.1 200 OK"
2026-08-31 16:54:37,207 - INFO - ✅ پیام 1 از 1 ارسال شد
2026-08-31 16:54:38,209 - INFO - ==================================================
2026-08-31 16:54:38,209 - INFO - 🏁 اجرای ربات با موفقیت به پایان رسید
2026-08-31 17:30:33,090 - INFO - ==================================================
2026-08-31 17:30:33,091 - INFO - 🚀 شروع اجرای ربات
2026-08-31 17:30:33,091 - INFO - 📥 بخش ۱: دریافت ۱۰۰ کانفیگ آخر برای فایل JSON...
2026-08-31 17:30:33,091 - INFO - 📡 دریافت کانفیگ‌ها از https://t.me/s/ConfigsHUB برای فایل JSON
2026-08-31 17:30:33,568 - INFO - ✅ 19 کانفیگ از صفحه دریافت شد
2026-08-31 17:30:33,569 - INFO - 📊 از https://t.me/s/ConfigsHUB: 19 کانفیگ دریافت شد
2026-08-31 17:30:33,569 - INFO - 🔄 بعد از حذف تکراری: 19 کانفیگ برای JSON
2026-08-31 17:30:33,569 - WARNING - ⚠️ تعداد کانفیگ‌ها به 100 رسید (با None پر شد)
2026-08-31 17:30:33,569 - INFO - ✅ دقیقاً 100 کانفیگ در configs.json ذخیره شد
2026-08-31 17:30:33,569 - INFO - ✅ فایل configs.json با 19 کانفیگ واقعی به‌روز شد
2026-08-31 17:30:33,569 - INFO - 📝 نمونه کانفیگ اول: vless://533895c1-c9c4-a99a-51f8-68137bc8b24a@69.46...
2026-08-31 17:30:33,569 - INFO - 📤 بخش ۲: دریافت کانفیگ‌های جدید برای ارسال به کانال...
2026-08-31 17:30:33,570 - INFO - 📡 دریافت پست‌ها از https://t.me/s/ConfigsHUB برای ارسال به کانال
2026-08-31 17:30:33,967 - INFO - ✅ 20 پست دریافت شد
2026-08-31 17:30:33,968 - INFO - 💾 وضعیت به‌روز شد: ConfigsHUB/2036866
2026-08-31 17:30:33,968 - INFO - 📊 از https://t.me/s/ConfigsHUB: 19 کانفیگ جدید پیدا شد
2026-08-31 17:30:33,968 - INFO - 📊 تعداد کل کانفیگ‌های جدید: 19
2026-08-31 17:30:33,968 - INFO - 📤 ارسال 10 کانفیگ به کانال
2026-08-31 17:30:34,410 - INFO - HTTP Request: POST https://api.telegram.org/bot8316746677:AAF1IzRzODBtCvVWrL6dWtw7F8U3qb4DwXM/sendMessage "HTTP/1.1 200 OK"
2026-08-31 17:30:34,411 - INFO - ✅ پیام 1 از 1 ارسال شد
2026-08-31 17:30:35,412 - INFO - ==================================================
2026-08-31 17:30:35,412 - INFO - 🏁 اجرای ربات با موفقیت به پایان رسید
2026-08-31 18:30:35,600 - INFO - ==================================================
2026-08-31 18:30:35,600 - INFO - 🚀 شروع اجرای ربات
2026-08-31 18:30:35,600 - INFO - 📥 بخش ۱: دریافت ۱۰۰ کانفیگ آخر برای فایل JSON...
2026-08-31 18:30:35,600 - INFO - 📡 دریافت کانفیگ‌ها از https://t.me/s/ConfigsHUB برای فایل JSON
2026-08-31 18:30:36,298 - INFO - ✅ 20 کانفیگ از صفحه دریافت شد
2026-08-31 18:30:36,299 - INFO - 📊 از https://t.me/s/ConfigsHUB: 20 کانفیگ دریافت شد
2026-08-31 18:30:36,299 - INFO - 🔄 بعد از حذف تکراری: 20 کانفیگ برای JSON
2026-08-31 18:30:36,299 - WARNING - ⚠️ تعداد کانفیگ‌ها به 100 رسید (با None پر شد)
2026-08-31 18:30:36,313 - INFO - ✅ دقیقاً 100 کانفیگ در configs.json ذخیره شد
2026-08-31 18:30:36,313 - INFO - ✅ فایل configs.json با 20 کانفیگ واقعی به‌روز شد
2026-08-31 18:30:36,313 - INFO - 📝 نمونه کانفیگ اول: vless://8c105407-82fb-4dd1-8df4-916d34a7d3fe@194.4...
2026-08-31 18:30:36,313 - INFO - 📤 بخش ۲: دریافت کانفیگ‌های جدید برای ارسال به کانال...
2026-08-31 18:30:36,313 - INFO - 📡 دریافت پست‌ها از https://t.me/s/ConfigsHUB برای ارسال به کانال
2026-08-31 18:30:36,888 - INFO - ✅ 20 پست دریافت شد
2026-08-31 18:30:36,889 - INFO - 💾 وضعیت به‌روز شد: ConfigsHUB/2037113
2026-08-31 18:30:36,889 - INFO - 📊 از https://t.me/s/ConfigsHUB: 20 کانفیگ جدید پیدا شد
2026-08-31 18:30:36,889 - INFO - 📊 تعداد کل کانفیگ‌های جدید: 20
2026-08-31 18:30:36,889 - INFO - 📤 ارسال 10 کانفیگ به کانال
2026-08-31 18:30:37,867 - INFO - HTTP Request: POST https://api.telegram.org/bot8316746677:AAF1IzRzODBtCvVWrL6dWtw7F8U3qb4DwXM/sendMessage "HTTP/1.1 200 OK"
2026-08-31 18:30:37,869 - INFO - ✅ پیام 1 از 1 ارسال شد
2026-08-31 18:30:38,870 - INFO - ==================================================
2026-08-31 18:30:38,870 - INFO - 🏁 اجرای ربات با موفقیت به پایان رسید
2026-08-31 19:30:37,599 - INFO - ==================================================
2026-08-31 19:30:37,599 - INFO - 🚀 شروع اجرای ربات
2026-08-31 19:30:37,599 - INFO - 📥 بخش ۱: دریافت ۱۰۰ کانفیگ آخر برای فایل JSON...
2026-08-31 19:30:37,599 - INFO - 📡 دریافت کانفیگ‌ها از https://t.me/s/ConfigsHUB برای فایل JSON
2026-08-31 19:30:38,118 - INFO - ✅ 18 کانفیگ از صفحه دریافت شد
2026-08-31 19:30:38,119 - INFO - 📊 از https://t.me/s/ConfigsHUB: 18 کانفیگ دریافت شد
2026-08-31 19:30:38,119 - INFO - 🔄 بعد از حذف تکراری: 18 کانفیگ برای JSON
2026-08-31 19:30:38,119 - WARNING - ⚠️ تعداد کانفیگ‌ها به 100 رسید (با None پر شد)
2026-08-31 19:30:38,119 - INFO - ✅ دقیقاً 100 کانفیگ در configs.json ذخیره شد
2026-08-31 19:30:38,119 - INFO - ✅ فایل configs.json با 18 کانفیگ واقعی به‌روز شد
2026-08-31 19:30:38,119 - INFO - 📝 نمونه کانفیگ اول: vless://c35050ce-01ab-45a9-91b8-54cec637d0a8@ellio...
2026-08-31 19:30:38,119 - INFO - 📤 بخش ۲: دریافت کانفیگ‌های جدید برای ارسال به کانال...
2026-08-31 19:30:38,119 - INFO - 📡 دریافت پست‌ها از https://t.me/s/ConfigsHUB برای ارسال به کانال
2026-08-31 19:30:38,559 - INFO - ✅ 20 پست دریافت شد
2026-08-31 19:30:38,559 - INFO - 💾 وضعیت به‌روز شد: ConfigsHUB/2037341
2026-08-31 19:30:38,559 - INFO - 📊 از https://t.me/s/ConfigsHUB: 18 کانفیگ جدید پیدا شد
2026-08-31 19:30:38,559 - INFO - 📊 تعداد کل کانفیگ‌های جدید: 18
2026-08-31 19:30:38,559 - INFO - 📤 ارسال 10 کانفیگ به کانال
2026-08-31 19:30:39,072 - INFO - HTTP Request: POST https://api.telegram.org/bot8316746677:AAF1IzRzODBtCvVWrL6dWtw7F8U3qb4DwXM/sendMessage "HTTP/1.1 200 OK"
2026-08-31 19:30:39,073 - INFO - ✅ پیام 1 از 1 ارسال شد
2026-08-31 19:30:40,074 - INFO - ==================================================
2026-08-31 19:30:40,074 - INFO - 🏁 اجرای ربات با موفقیت به پایان رسید
2026-08-31 20:30:29,058 - INFO - ==================================================
2026-08-31 20:30:29,058 - INFO - 🚀 شروع اجرای ربات
2026-08-31 20:30:29,058 - INFO - 📥 بخش ۱: دریافت ۱۰۰ کانفیگ آخر برای فایل JSON...
2026-08-31 20:30:29,058 - INFO - 📡 دریافت کانفیگ‌ها از https://t.me/s/ConfigsHUB برای فایل JSON
2026-08-31 20:30:29,527 - INFO - ✅ 19 کانفیگ از صفحه دریافت شد
2026-08-31 20:30:29,528 - INFO - 📊 از https://t.me/s/ConfigsHUB: 19 کانفیگ دریافت شد
2026-08-31 20:30:29,528 - INFO - 🔄 بعد از حذف تکراری: 19 کانفیگ برای JSON
2026-08-31 20:30:29,528 - WARNING - ⚠️ تعداد کانفیگ‌ها به 100 رسید (با None پر شد)
2026-08-31 20:30:29,627 - INFO - ✅ دقیقاً 100 کانفیگ در configs.json ذخیره شد
2026-08-31 20:30:29,627 - INFO - ✅ فایل configs.json با 19 کانفیگ واقعی به‌روز شد
2026-08-31 20:30:29,627 - INFO - 📝 نمونه کانفیگ اول: vless://e6d369db-22be-4f30-8685-455c717aaa8c@157.2...
2026-08-31 20:30:29,627 - INFO - 📤 بخش ۲: دریافت کانفیگ‌های جدید برای ارسال به کانال...
2026-08-31 20:30:29,627 - INFO - 📡 دریافت پست‌ها از https://t.me/s/ConfigsHUB برای ارسال به کانال
2026-08-31 20:30:30,054 - INFO - ✅ 20 پست دریافت شد
2026-08-31 20:30:30,055 - INFO - 💾 وضعیت به‌روز شد: ConfigsHUB/2037579
2026-08-31 20:30:30,056 - INFO - 📊 از https://t.me/s/ConfigsHUB: 19 کانفیگ جدید پیدا شد
2026-08-31 20:30:30,056 - INFO - 📊 تعداد کل کانفیگ‌های جدید: 19
2026-08-31 20:30:30,056 - INFO - 📤 ارسال 10 کانفیگ به کانال
2026-08-31 20:30:30,568 - INFO - HTTP Request: POST https://api.telegram.org/bot8316746677:AAF1IzRzODBtCvVWrL6dWtw7F8U3qb4DwXM/sendMessage "HTTP/1.1 200 OK"
2026-08-31 20:30:30,570 - INFO - ✅ پیام 1 از 1 ارسال شد
2026-08-31 20:30:31,571 - INFO - ==================================================
2026-08-31 20:30:31,571 - INFO - 🏁 اجرای ربات با موفقیت به پایان رسید
2026-08-31 21:30:32,335 - INFO - ==================================================
2026-08-31 21:30:32,335 - INFO - 🚀 شروع اجرای ربات
2026-08-31 21:30:32,335 - INFO - 📥 بخش ۱: دریافت ۱۰۰ کانفیگ آخر برای فایل JSON...
2026-08-31 21:30:32,335 - INFO - 📡 دریافت کانفیگ‌ها از https://t.me/s/ConfigsHUB برای فایل JSON
2026-08-31 21:30:33,412 - INFO - ✅ 8 کانفیگ از صفحه دریافت شد
2026-08-31 21:30:33,413 - INFO - 📊 از https://t.me/s/ConfigsHUB: 8 کانفیگ دریافت شد
2026-08-31 21:30:33,414 - INFO - 🔄 بعد از حذف تکراری: 7 کانفیگ برای JSON
2026-08-31 21:30:33,414 - WARNING - ⚠️ تعداد کانفیگ‌ها به 100 رسید (با None پر شد)
2026-08-31 21:30:33,414 - INFO - ✅ دقیقاً 100 کانفیگ در configs.json ذخیره شد
2026-08-31 21:30:33,414 - INFO - ✅ فایل configs.json با 7 کانفیگ واقعی به‌روز شد
2026-08-31 21:30:33,414 - INFO - 📝 نمونه کانفیگ اول: vless://e4514801-0d5a-42ba-869f-39bd605aef9e@16.61...
2026-08-31 21:30:33,414 - INFO - 📤 بخش ۲: دریافت کانفیگ‌های جدید برای ارسال به کانال...
2026-08-31 21:30:33,414 - INFO - 📡 دریافت پست‌ها از https://t.me/s/ConfigsHUB برای ارسال به کانال
2026-08-31 21:30:34,350 - INFO - ✅ 20 پست دریافت شد
2026-08-31 21:30:34,351 - INFO - 💾 وضعیت به‌روز شد: ConfigsHUB/2037722
2026-08-31 21:30:34,351 - INFO - 📊 از https://t.me/s/ConfigsHUB: 8 کانفیگ جدید پیدا شد
2026-08-31 21:30:34,351 - INFO - 📊 تعداد کل کانفیگ‌های جدید: 8
2026-08-31 21:30:34,351 - INFO - 📤 ارسال 7 کانفیگ به کانال
2026-08-31 21:30:34,857 - INFO - HTTP Request: POST https://api.telegram.org/bot8316746677:AAF1IzRzODBtCvVWrL6dWtw7F8U3qb4DwXM/sendMessage "HTTP/1.1 200 OK"
2026-08-31 21:30:34,858 - INFO - ✅ پیام 1 از 1 ارسال شد
2026-08-31 21:30:35,859 - INFO - ==================================================
2026-08-31 21:30:35,859 - INFO - 🏁 اجرای ربات با موفقیت به پایان رسید
2026-08-31 21:49:27,936 - INFO - ==================================================
2026-08-31 21:49:27,937 - INFO - 🚀 شروع اجرای ربات
2026-08-31 21:49:27,937 - INFO - 📥 بخش ۱: دریافت ۱۰۰ کانفیگ آخر برای فایل JSON...
2026-08-31 21:49:27,937 - INFO - 📡 دریافت کانفیگ‌ها از https://t.me/s/ConfigsHUB برای فایل JSON
2026-08-31 21:49:28,424 - INFO - ✅ 20 کانفیگ از صفحه دریافت شد
2026-08-31 21:49:28,425 - INFO - 📊 از https://t.me/s/ConfigsHUB: 20 کانفیگ دریافت شد
2026-08-31 21:49:28,425 - INFO - 🔄 بعد از حذف تکراری: 20 کانفیگ برای JSON
2026-08-31 21:49:28,425 - WARNING - ⚠️ تعداد کانفیگ‌ها به 100 رسید (با None پر شد)
2026-08-31 21:49:28,426 - INFO - ✅ دقیقاً 100 کانفیگ در configs.json ذخیره شد
2026-08-31 21:49:28,426 - INFO - ✅ فایل configs.json با 20 کانفیگ واقعی به‌روز شد
2026-08-31 21:49:28,426 - INFO - 📝 نمونه کانفیگ اول: vless://542fd687-5160-4f80-9223-56678567dd29@104.1...
2026-08-31 21:49:28,426 - INFO - 📤 بخش ۲: دریافت کانفیگ‌های جدید برای ارسال به کانال...
2026-08-31 21:49:28,426 - INFO - 📡 دریافت پست‌ها از https://t.me/s/ConfigsHUB برای ارسال به کانال
2026-08-31 21:49:28,842 - INFO - ✅ 20 پست دریافت شد
2026-08-31 21:49:28,844 - INFO - 💾 وضعیت به‌روز شد: ConfigsHUB/2037792
2026-08-31 21:49:28,844 - INFO - 📊 از https://t.me/s/ConfigsHUB: 20 کانفیگ جدید پیدا شد
2026-08-31 21:49:28,844 - INFO - 📊 تعداد کل کانفیگ‌های جدید: 20
2026-08-31 21:49:28,844 - INFO - 📤 ارسال 10 کانفیگ به کانال
2026-08-31 21:49:29,378 - INFO - HTTP Request: POST https://api.telegram.org/bot8316746677:AAF1IzRzODBtCvVWrL6dWtw7F8U3qb4DwXM/sendMessage "HTTP/1.1 200 OK"
2026-08-31 21:49:29,379 - INFO - ✅ پیام 1 از 1 ارسال شد
2026-08-31 21:49:30,381 - INFO - ==================================================
2026-08-31 21:49:30,381 - INFO - 🏁 اجرای ربات با موفقیت به پایان رسید
2026-08-31 22:30:35,023 - INFO - ==================================================
2026-08-31 22:30:35,023 - INFO - 🚀 شروع اجرای ربات
2026-08-31 22:30:35,023 - INFO - 📥 بخش ۱: دریافت ۱۰۰ کانفیگ آخر برای فایل JSON...
2026-08-31 22:30:35,023 - INFO - 📡 دریافت کانفیگ‌ها از https://t.me/s/ConfigsHUB برای فایل JSON
2026-08-31 22:30:35,749 - INFO - ✅ 17 کانفیگ از صفحه دریافت شد
2026-08-31 22:30:35,750 - INFO - 📊 از https://t.me/s/ConfigsHUB: 17 کانفیگ دریافت شد
2026-08-31 22:30:35,750 - INFO - 🔄 بعد از حذف تکراری: 16 کانفیگ برای JSON
2026-08-31 22:30:35,750 - WARNING - ⚠️ تعداد کانفیگ‌ها به 100 رسید (با None پر شد)
2026-08-31 22:30:35,751 - INFO - ✅ دقیقاً 100 کانفیگ در configs.json ذخیره شد
2026-08-31 22:30:35,751 - INFO - ✅ فایل configs.json با 16 کانفیگ واقعی به‌روز شد
2026-08-31 22:30:35,751 - INFO - 📝 نمونه کانفیگ اول: vless://e4514801-0d5a-42ba-869f-39bd605aef9e@16.61...
2026-08-31 22:30:35,751 - INFO - 📤 بخش ۲: دریافت کانفیگ‌های جدید برای ارسال به کانال...
2026-08-31 22:30:35,751 - INFO - 📡 دریافت پست‌ها از https://t.me/s/ConfigsHUB برای ارسال به کانال
2026-08-31 22:30:36,341 - INFO - ✅ 20 پست دریافت شد
2026-08-31 22:30:36,343 - INFO - 💾 وضعیت به‌روز شد: ConfigsHUB/2037903
2026-08-31 22:30:36,343 - INFO - 📊 از https://t.me/s/ConfigsHUB: 17 کانفیگ جدید پیدا شد
2026-08-31 22:30:36,343 - INFO - 📊 تعداد کل کانفیگ‌های جدید: 17
2026-08-31 22:30:36,343 - INFO - 📤 ارسال 10 کانفیگ به کانال
2026-08-31 22:30:37,036 - INFO - HTTP Request: POST https://api.telegram.org/bot8316746677:AAF1IzRzODBtCvVWrL6dWtw7F8U3qb4DwXM/sendMessage "HTTP/1.1 200 OK"
2026-08-31 22:30:37,037 - INFO - ✅ پیام 1 از 1 ارسال شد
2026-08-31 22:30:38,039 - INFO - ==================================================
2026-08-31 22:30:38,039 - INFO - 🏁 اجرای ربات با موفقیت به پایان رسید
2026-08-31 23:30:27,457 - INFO - ==================================================
2026-08-31 23:30:27,457 - INFO - 🚀 شروع اجرای ربات
2026-08-31 23:30:27,457 - INFO - 📥 بخش ۱: دریافت ۱۰۰ کانفیگ آخر برای فایل JSON...
2026-08-31 23:30:27,457 - INFO - 📡 دریافت کانفیگ‌ها از https://t.me/s/ConfigsHUB برای فایل JSON
2026-08-31 23:30:27,919 - INFO - ✅ 18 کانفیگ از صفحه دریافت شد
2026-08-31 23:30:27,920 - INFO - 📊 از https://t.me/s/ConfigsHUB: 18 کانفیگ دریافت شد
2026-08-31 23:30:27,920 - INFO - 🔄 بعد از حذف تکراری: 18 کانفیگ برای JSON
2026-08-31 23:30:27,920 - WARNING - ⚠️ تعداد کانفیگ‌ها به 100 رسید (با None پر شد)
2026-08-31 23:30:27,920 - INFO - ✅ دقیقاً 100 کانفیگ در configs.json ذخیره شد
2026-08-31 23:30:27,921 - INFO - ✅ فایل configs.json با 18 کانفیگ واقعی به‌روز شد
2026-08-31 23:30:27,921 - INFO - 📝 نمونه کانفیگ اول: vless://dc7be1e6-ba1c-4ed3-b9e9-b60c895ea83d@1.1.1...
2026-08-31 23:30:27,921 - INFO - 📤 بخش ۲: دریافت کانفیگ‌های جدید برای ارسال به کانال...
2026-08-31 23:30:27,921 - INFO - 📡 دریافت پست‌ها از https://t.me/s/ConfigsHUB برای ارسال به کانال
2026-08-31 23:30:28,358 - INFO - ✅ 20 پست دریافت شد
2026-08-31 23:30:28,360 - INFO - 💾 وضعیت به‌روز شد: ConfigsHUB/2038058
2026-08-31 23:30:28,360 - INFO - 📊 از https://t.me/s/ConfigsHUB: 18 کانفیگ جدید پیدا شد
2026-08-31 23:30:28,360 - INFO - 📊 تعداد کل کانفیگ‌های جدید: 18
2026-08-31 23:30:28,360 - INFO - 📤 ارسال 10 کانفیگ به کانال
2026-08-31 23:30:28,845 - INFO - HTTP Request: POST https://api.telegram.org/bot8316746677:AAF1IzRzODBtCvVWrL6dWtw7F8U3qb4DwXM/sendMessage "HTTP/1.1 200 OK"
2026-08-31 23:30:28,846 - INFO - ✅ پیام 1 از 1 ارسال شد
2026-08-31 23:30:29,848 - INFO - ==================================================
2026-08-31 23:30:29,848 - INFO - 🏁 اجرای ربات با موفقیت به پایان رسید
2026-09-01 00:30:28,365 - INFO - ==================================================
2026-09-01 00:30:28,365 - INFO - 🚀 شروع اجرای ربات
2026-09-01 00:30:28,365 - INFO - 📥 بخش ۱: دریافت ۱۰۰ کانفیگ آخر برای فایل JSON...
2026-09-01 00:30:28,365 - INFO - 📡 دریافت کانفیگ‌ها از https://t.me/s/ConfigsHUB برای فایل JSON
2026-09-01 00:30:28,826 - INFO - ✅ 17 کانفیگ از صفحه دریافت شد
2026-09-01 00:30:28,827 - INFO - 📊 از https://t.me/s/ConfigsHUB: 17 کانفیگ دریافت شد
2026-09-01 00:30:28,827 - INFO - 🔄 بعد از حذف تکراری: 16 کانفیگ برای JSON
2026-09-01 00:30:28,827 - WARNING - ⚠️ تعداد کانفیگ‌ها به 100 رسید (با None پر شد)
2026-09-01 00:30:28,828 - INFO - ✅ دقیقاً 100 کانفیگ در configs.json ذخیره شد
2026-09-01 00:30:28,828 - INFO - ✅ فایل configs.json با 16 کانفیگ واقعی به‌روز شد
2026-09-01 00:30:28,828 - INFO - 📝 نمونه کانفیگ اول: vless://cae8fae3-6866-487c-8a71-75ea32884097@helix...
2026-09-01 00:30:28,828 - INFO - 📤 بخش ۲: دریافت کانفیگ‌های جدید برای ارسال به کانال...
2026-09-01 00:30:28,828 - INFO - 📡 دریافت پست‌ها از https://t.me/s/ConfigsHUB برای ارسال به کانال
2026-09-01 00:30:29,209 - INFO - ✅ 20 پست دریافت شد
2026-09-01 00:30:29,210 - INFO - 💾 وضعیت به‌روز شد: ConfigsHUB/2038164
2026-09-01 00:30:29,210 - INFO - 📊 از https://t.me/s/ConfigsHUB: 17 کانفیگ جدید پیدا شد
2026-09-01 00:30:29,210 - INFO - 📊 تعداد کل کانفیگ‌های جدید: 17
2026-09-01 00:30:29,211 - INFO - 📤 ارسال 10 کانفیگ به کانال
2026-09-01 00:30:29,729 - INFO - HTTP Request: POST https://api.telegram.org/bot8316746677:AAF1IzRzODBtCvVWrL6dWtw7F8U3qb4DwXM/sendMessage "HTTP/1.1 200 OK"
2026-09-01 00:30:29,730 - INFO - ✅ پیام 1 از 1 ارسال شد
2026-09-01 00:30:30,731 - INFO - ==================================================
2026-09-01 00:30:30,732 - INFO - 🏁 اجرای ربات با موفقیت به پایان رسید
2026-09-01 01:07:19,117 - INFO - ==================================================
2026-09-01 01:07:19,117 - INFO - 🚀 شروع اجرای ربات
2026-09-01 01:07:19,117 - INFO - 📥 بخش ۱: دریافت ۱۰۰ کانفیگ آخر برای فایل JSON...
2026-09-01 01:07:19,117 - INFO - 📡 دریافت کانفیگ‌ها از https://t.me/s/ConfigsHUB برای فایل JSON
2026-09-01 01:07:19,603 - INFO - ✅ 3 کانفیگ از صفحه دریافت شد
2026-09-01 01:07:19,604 - INFO - 📊 از https://t.me/s/ConfigsHUB: 3 کانفیگ دریافت شد
2026-09-01 01:07:19,604 - INFO - 🔄 بعد از حذف تکراری: 3 کانفیگ برای JSON
2026-09-01 01:07:19,604 - WARNING - ⚠️ تعداد کانفیگ‌ها به 100 رسید (با None پر شد)
2026-09-01 01:07:19,604 - INFO - ✅ دقیقاً 100 کانفیگ در configs.json ذخیره شد
2026-09-01 01:07:19,604 - INFO - ✅ فایل configs.json با 3 کانفیگ واقعی به‌روز شد
2026-09-01 01:07:19,605 - INFO - 📝 نمونه کانفیگ اول: vmess://eyJhZGQiOiIxMzAuOTQuOTMuNjMiLCJhaWQiOiIwIi...
2026-09-01 01:07:19,605 - INFO - 📤 بخش ۲: دریافت کانفیگ‌های جدید برای ارسال به کانال...
2026-09-01 01:07:19,605 - INFO - 📡 دریافت پست‌ها از https://t.me/s/ConfigsHUB برای ارسال به کانال
2026-09-01 01:07:19,969 - INFO - ✅ 20 پست دریافت شد
2026-09-01 01:07:19,970 - INFO - 💾 وضعیت به‌روز شد: ConfigsHUB/2038227
2026-09-01 01:07:19,970 - INFO - 📊 از https://t.me/s/ConfigsHUB: 3 کانفیگ جدید پیدا شد
2026-09-01 01:07:19,970 - INFO - 📊 تعداد کل کانفیگ‌های جدید: 3
2026-09-01 01:07:19,970 - INFO - 📤 ارسال 3 کانفیگ به کانال
2026-09-01 01:07:20,475 - INFO - HTTP Request: POST https://api.telegram.org/bot8316746677:AAF1IzRzODBtCvVWrL6dWtw7F8U3qb4DwXM/sendMessage "HTTP/1.1 200 OK"
2026-09-01 01:07:20,475 - INFO - ✅ پیام 1 از 1 ارسال شد
2026-09-01 01:07:21,477 - INFO - ==================================================
2026-09-01 01:07:21,478 - INFO - 🏁 اجرای ربات با موفقیت به پایان رسید
2026-09-01 01:30:27,865 - INFO - ==================================================
2026-09-01 01:30:27,865 - INFO - 🚀 شروع اجرای ربات
2026-09-01 01:30:27,865 - INFO - 📥 بخش ۱: دریافت ۱۰۰ کانفیگ آخر برای فایل JSON...
2026-09-01 01:30:27,865 - INFO - 📡 دریافت کانفیگ‌ها از https://t.me/s/ConfigsHUB برای فایل JSON
2026-09-01 01:30:28,378 - INFO - ✅ 5 کانفیگ از صفحه دریافت شد
2026-09-01 01:30:28,379 - INFO - 📊 از https://t.me/s/ConfigsHUB: 5 کانفیگ دریافت شد
2026-09-01 01:30:28,379 - INFO - 🔄 بعد از حذف تکراری: 5 کانفیگ برای JSON
2026-09-01 01:30:28,379 - WARNING - ⚠️ تعداد کانفیگ‌ها به 100 رسید (با None پر شد)
2026-09-01 01:30:28,380 - INFO - ✅ دقیقاً 100 کانفیگ در configs.json ذخیره شد
2026-09-01 01:30:28,380 - INFO - ✅ فایل configs.json با 5 کانفیگ واقعی به‌روز شد
2026-09-01 01:30:28,380 - INFO - 📝 نمونه کانفیگ اول: vmess://eyJhZGQiOiIxMzAuOTQuOTMuNjMiLCJhaWQiOiIwIi...
2026-09-01 01:30:28,380 - INFO - 📤 بخش ۲: دریافت کانفیگ‌های جدید برای ارسال به کانال...
2026-09-01 01:30:28,380 - INFO - 📡 دریافت پست‌ها از https://t.me/s/ConfigsHUB برای ارسال به کانال
2026-09-01 01:30:28,821 - INFO - ✅ 20 پست دریافت شد
2026-09-01 01:30:28,822 - INFO - 💾 وضعیت به‌روز شد: ConfigsHUB/2038229
2026-09-01 01:30:28,822 - INFO - 📊 از https://t.me/s/ConfigsHUB: 5 کانفیگ جدید پیدا شد
2026-09-01 01:30:28,822 - INFO - 📊 تعداد کل کانفیگ‌های جدید: 5
2026-09-01 01:30:28,822 - INFO - 📤 ارسال 5 کانفیگ به کانال
2026-09-01 01:30:29,320 - INFO - HTTP Request: POST https://api.telegram.org/bot8316746677:AAF1IzRzODBtCvVWrL6dWtw7F8U3qb4DwXM/sendMessage "HTTP/1.1 200 OK"
2026-09-01 01:30:29,322 - INFO - ✅ پیام 1 از 1 ارسال شد
2026-09-01 01:30:30,323 - INFO - ==================================================
2026-09-01 01:30:30,323 - INFO - 🏁 اجرای ربات با موفقیت به پایان رسید
2026-09-01 02:30:29,150 - INFO - ==================================================
2026-09-01 02:30:29,150 - INFO - 🚀 شروع اجرای ربات
2026-09-01 02:30:29,150 - INFO - 📥 بخش ۱: دریافت ۱۰۰ کانفیگ آخر برای فایل JSON...
2026-09-01 02:30:29,151 - INFO - 📡 دریافت کانفیگ‌ها از https://t.me/s/ConfigsHUB برای فایل JSON
2026-09-01 02:30:29,565 - INFO - ✅ 5 کانفیگ از صفحه دریافت شد
2026-09-01 02:30:29,566 - INFO - 📊 از https://t.me/s/ConfigsHUB: 5 کانفیگ دریافت شد
2026-09-01 02:30:29,566 - INFO - 🔄 بعد از حذف تکراری: 5 کانفیگ برای JSON
2026-09-01 02:30:29,566 - WARNING - ⚠️ تعداد کانفیگ‌ها به 100 رسید (با None پر شد)
2026-09-01 02:30:29,566 - INFO - ✅ دقیقاً 100 کانفیگ در configs.json ذخیره شد
2026-09-01 02:30:29,566 - INFO - ✅ فایل configs.json با 5 کانفیگ واقعی به‌روز شد
2026-09-01 02:30:29,566 - INFO - 📝 نمونه کانفیگ اول: vless://86c50e3a-5b87-49dd-bd20-03c7f2735e40@suppo...
2026-09-01 02:30:29,566 - INFO - 📤 بخش ۲: دریافت کانفیگ‌های جدید برای ارسال به کانال...
2026-09-01 02:30:29,566 - INFO - 📡 دریافت پست‌ها از https://t.me/s/ConfigsHUB برای ارسال به کانال
2026-09-01 02:30:29,935 - INFO - ✅ 20 پست دریافت شد
2026-09-01 02:30:29,936 - INFO - 💾 وضعیت به‌روز شد: ConfigsHUB/2038269
2026-09-01 02:30:29,936 - INFO - 📊 از https://t.me/s/ConfigsHUB: 5 کانفیگ جدید پیدا شد
2026-09-01 02:30:29,936 - INFO - 📊 تعداد کل کانفیگ‌های جدید: 5
2026-09-01 02:30:29,936 - INFO - 📤 ارسال 5 کانفیگ به کانال
2026-09-01 02:30:30,425 - INFO - HTTP Request: POST https://api.telegram.org/bot8316746677:AAF1IzRzODBtCvVWrL6dWtw7F8U3qb4DwXM/sendMessage "HTTP/1.1 200 OK"
2026-09-01 02:30:30,426 - INFO - ✅ پیام 1 از 1 ارسال شد
2026-09-01 02:30:31,427 - INFO - ==================================================
2026-09-01 02:30:31,427 - INFO - 🏁 اجرای ربات با موفقیت به پایان رسید
2026-09-01 03:30:27,675 - INFO - ==================================================
2026-09-01 03:30:27,675 - INFO - 🚀 شروع اجرای ربات
2026-09-01 03:30:27,675 - INFO - 📥 بخش ۱: دریافت ۱۰۰ کانفیگ آخر برای فایل JSON...
2026-09-01 03:30:27,675 - INFO - 📡 دریافت کانفیگ‌ها از https://t.me/s/ConfigsHUB برای فایل JSON
2026-09-01 03:30:28,204 - INFO - ✅ 11 کانفیگ از صفحه دریافت شد
2026-09-01 03:30:28,205 - INFO - 📊 از https://t.me/s/ConfigsHUB: 11 کانفیگ دریافت شد
2026-09-01 03:30:28,205 - INFO - 🔄 بعد از حذف تکراری: 10 کانفیگ برای JSON
2026-09-01 03:30:28,205 - WARNING - ⚠️ تعداد کانفیگ‌ها به 100 رسید (با None پر شد)
2026-09-01 03:30:28,206 - INFO - ✅ دقیقاً 100 کانفیگ در configs.json ذخیره شد
2026-09-01 03:30:28,206 - INFO - ✅ فایل configs.json با 10 کانفیگ واقعی به‌روز شد
2026-09-01 03:30:28,206 - INFO - 📝 نمونه کانفیگ اول: vless://5bfc6650-8b56-0012-b0e9-b98fc6367c0d@82.40...
2026-09-01 03:30:28,206 - INFO - 📤 بخش ۲: دریافت کانفیگ‌های جدید برای ارسال به کانال...
2026-09-01 03:30:28,206 - INFO - 📡 دریافت پست‌ها از https://t.me/s/ConfigsHUB برای ارسال به کانال
2026-09-01 03:30:28,605 - INFO - ✅ 20 پست دریافت شد
2026-09-01 03:30:28,606 - INFO - 💾 وضعیت به‌روز شد: ConfigsHUB/2038335
2026-09-01 03:30:28,606 - INFO - 📊 از https://t.me/s/ConfigsHUB: 11 کانفیگ جدید پیدا شد
2026-09-01 03:30:28,606 - INFO - 📊 تعداد کل کانفیگ‌های جدید: 11
2026-09-01 03:30:28,606 - INFO - 📤 ارسال 10 کانفیگ به کانال
2026-09-01 03:30:29,149 - INFO - HTTP Request: POST https://api.telegram.org/bot8316746677:AAF1IzRzODBtCvVWrL6dWtw7F8U3qb4DwXM/sendMessage "HTTP/1.1 200 OK"
2026-09-01 03:30:29,150 - INFO - ✅ پیام 1 از 1 ارسال شد
2026-09-01 03:30:30,152 - INFO - ==================================================
2026-09-01 03:30:30,152 - INFO - 🏁 اجرای ربات با موفقیت به پایان رسید
2026-09-01 04:30:29,575 - INFO - ==================================================
2026-09-01 04:30:29,575 - INFO - 🚀 شروع اجرای ربات
2026-09-01 04:30:29,575 - INFO - 📥 بخش ۱: دریافت ۱۰۰ کانفیگ آخر برای فایل JSON...
2026-09-01 04:30:29,575 - INFO - 📡 دریافت کانفیگ‌ها از https://t.me/s/ConfigsHUB برای فایل JSON
2026-09-01 04:30:30,237 - INFO - ✅ 4 کانفیگ از صفحه دریافت شد
2026-09-01 04:30:30,238 - INFO - 📊 از https://t.me/s/ConfigsHUB: 4 کانفیگ دریافت شد
2026-09-01 04:30:30,239 - INFO - 🔄 بعد از حذف تکراری: 4 کانفیگ برای JSON
2026-09-01 04:30:30,239 - WARNING - ⚠️ تعداد کانفیگ‌ها به 100 رسید (با None پر شد)
2026-09-01 04:30:30,239 - INFO - ✅ دقیقاً 100 کانفیگ در configs.json ذخیره شد
2026-09-01 04:30:30,239 - INFO - ✅ فایل configs.json با 4 کانفیگ واقعی به‌روز شد
2026-09-01 04:30:30,239 - INFO - 📝 نمونه کانفیگ اول: vless://817e28a0-c624-428c-8659-9fa02c233992@tre14...
2026-09-01 04:30:30,239 - INFO - 📤 بخش ۲: دریافت کانفیگ‌های جدید برای ارسال به کانال...
2026-09-01 04:30:30,239 - INFO - 📡 دریافت پست‌ها از https://t.me/s/ConfigsHUB برای ارسال به کانال
2026-09-01 04:30:30,801 - INFO - ✅ 20 پست دریافت شد
2026-09-01 04:30:30,802 - INFO - 💾 وضعیت به‌روز شد: ConfigsHUB/2038361
2026-09-01 04:30:30,802 - INFO - 📊 از https://t.me/s/ConfigsHUB: 4 کانفیگ جدید پیدا شد
2026-09-01 04:30:30,802 - INFO - 📊 تعداد کل کانفیگ‌های جدید: 4
2026-09-01 04:30:30,803 - INFO - 📤 ارسال 4 کانفیگ به کانال
2026-09-01 04:30:31,483 - INFO - HTTP Request: POST https://api.telegram.org/bot8316746677:AAF1IzRzODBtCvVWrL6dWtw7F8U3qb4DwXM/sendMessage "HTTP/1.1 200 OK"
2026-09-01 04:30:31,484 - INFO - ✅ پیام 1 از 1 ارسال شد
2026-09-01 04:30:32,486 - INFO - ==================================================
2026-09-01 04:30:32,486 - INFO - 🏁 اجرای ربات با موفقیت به پایان رسید
2026-09-01 05:32:18,998 - INFO - ==================================================
2026-09-01 05:32:18,998 - INFO - 🚀 شروع اجرای ربات
2026-09-01 05:32:18,998 - INFO - 📥 بخش ۱: دریافت ۱۰۰ کانفیگ آخر برای فایل JSON...
2026-09-01 05:32:18,998 - INFO - 📡 دریافت کانفیگ‌ها از https://t.me/s/ConfigsHUB برای فایل JSON
2026-09-01 05:32:19,431 - INFO - ✅ 17 کانفیگ از صفحه دریافت شد
2026-09-01 05:32:19,432 - INFO - 📊 از https://t.me/s/ConfigsHUB: 17 کانفیگ دریافت شد
2026-09-01 05:32:19,432 - INFO - 🔄 بعد از حذف تکراری: 13 کانفیگ برای JSON
2026-09-01 05:32:19,432 - WARNING - ⚠️ تعداد کانفیگ‌ها به 100 رسید (با None پر شد)
2026-09-01 05:32:19,432 - INFO - ✅ دقیقاً 100 کانفیگ در configs.json ذخیره شد
2026-09-01 05:32:19,432 - INFO - ✅ فایل configs.json با 13 کانفیگ واقعی به‌روز شد
2026-09-01 05:32:19,432 - INFO - 📝 نمونه کانفیگ اول: vless://3536e1fa-0850-44d1-b123-925ce12476cf@206.7...
2026-09-01 05:32:19,432 - INFO - 📤 بخش ۲: دریافت کانفیگ‌های جدید برای ارسال به کانال...
2026-09-01 05:32:19,433 - INFO - 📡 دریافت پست‌ها از https://t.me/s/ConfigsHUB برای ارسال به کانال
2026-09-01 05:32:19,826 - INFO - ✅ 20 پست دریافت شد
2026-09-01 05:32:19,828 - INFO - 💾 وضعیت به‌روز شد: ConfigsHUB/2038513
2026-09-01 05:32:19,828 - INFO - 📊 از https://t.me/s/ConfigsHUB: 17 کانفیگ جدید پیدا شد
2026-09-01 05:32:19,828 - INFO - 📊 تعداد کل کانفیگ‌های جدید: 17
2026-09-01 05:32:19,828 - INFO - 📤 ارسال 10 کانفیگ به کانال
2026-09-01 05:32:20,322 - INFO - HTTP Request: POST https://api.telegram.org/bot8316746677:AAF1IzRzODBtCvVWrL6dWtw7F8U3qb4DwXM/sendMessage "HTTP/1.1 200 OK"
2026-09-01 05:32:20,323 - INFO - ✅ پیام 1 از 1 ارسال شد
2026-09-01 05:32:21,324 - INFO - ==================================================
2026-09-01 05:32:21,325 - INFO - 🏁 اجرای ربات با موفقیت به پایان رسید
2026-09-01 06:30:33,978 - INFO - ==================================================
2026-09-01 06:30:33,978 - INFO - 🚀 شروع اجرای ربات
2026-09-01 06:30:33,978 - INFO - 📥 بخش ۱: دریافت ۱۰۰ کانفیگ آخر برای فایل JSON...
2026-09-01 06:30:33,978 - INFO - 📡 دریافت کانفیگ‌ها از https://t.me/s/ConfigsHUB برای فایل JSON
2026-09-01 06:30:34,506 - INFO - ✅ 17 کانفیگ از صفحه دریافت شد
2026-09-01 06:30:34,507 - INFO - 📊 از https://t.me/s/ConfigsHUB: 17 کانفیگ دریافت شد
2026-09-01 06:30:34,507 - INFO - 🔄 بعد از حذف تکراری: 17 کانفیگ برای JSON
2026-09-01 06:30:34,507 - WARNING - ⚠️ تعداد کانفیگ‌ها به 100 رسید (با None پر شد)
2026-09-01 06:30:34,508 - INFO - ✅ دقیقاً 100 کانفیگ در configs.json ذخیره شد
2026-09-01 06:30:34,508 - INFO - ✅ فایل configs.json با 17 کانفیگ واقعی به‌روز شد
2026-09-01 06:30:34,508 - INFO - 📝 نمونه کانفیگ اول: vless://8975546a-375c-4966-8064-19fc0f66f30a@31.76...
2026-09-01 06:30:34,508 - INFO - 📤 بخش ۲: دریافت کانفیگ‌های جدید برای ارسال به کانال...
2026-09-01 06:30:34,508 - INFO - 📡 دریافت پست‌ها از https://t.me/s/ConfigsHUB برای ارسال به کانال
2026-09-01 06:30:34,963 - INFO - ✅ 20 پست دریافت شد
2026-09-01 06:30:34,964 - INFO - 💾 وضعیت به‌روز شد: ConfigsHUB/2038709
2026-09-01 06:30:34,964 - INFO - 📊 از https://t.me/s/ConfigsHUB: 17 کانفیگ جدید پیدا شد
2026-09-01 06:30:34,964 - INFO - 📊 تعداد کل کانفیگ‌های جدید: 17
2026-09-01 06:30:34,964 - INFO - 📤 ارسال 10 کانفیگ به کانال
2026-09-01 06:30:35,733 - INFO - HTTP Request: POST https://api.telegram.org/bot8316746677:AAF1IzRzODBtCvVWrL6dWtw7F8U3qb4DwXM/sendMessage "HTTP/1.1 200 OK"
2026-09-01 06:30:35,734 - INFO - ✅ پیام 1 از 1 ارسال شد
2026-09-01 06:30:36,735 - INFO - ==================================================
2026-09-01 06:30:36,735 - INFO - 🏁 اجرای ربات با موفقیت به پایان رسید
2026-09-01 07:30:31,851 - INFO - ==================================================
2026-09-01 07:30:31,851 - INFO - 🚀 شروع اجرای ربات
2026-09-01 07:30:31,851 - INFO - 📥 بخش ۱: دریافت ۱۰۰ کانفیگ آخر برای فایل JSON...
2026-09-01 07:30:31,851 - INFO - 📡 دریافت کانفیگ‌ها از https://t.me/s/ConfigsHUB برای فایل JSON
2026-09-01 07:30:32,538 - INFO - ✅ 16 کانفیگ از صفحه دریافت شد
2026-09-01 07:30:32,539 - INFO - 📊 از https://t.me/s/ConfigsHUB: 16 کانفیگ دریافت شد
2026-09-01 07:30:32,539 - INFO - 🔄 بعد از حذف تکراری: 15 کانفیگ برای JSON
2026-09-01 07:30:32,539 - WARNING - ⚠️ تعداد کانفیگ‌ها به 100 رسید (با None پر شد)
2026-09-01 07:30:32,540 - INFO - ✅ دقیقاً 100 کانفیگ در configs.json ذخیره شد
2026-09-01 07:30:32,540 - INFO - ✅ فایل configs.json با 15 کانفیگ واقعی به‌روز شد
2026-09-01 07:30:32,540 - INFO - 📝 نمونه کانفیگ اول: vless://c7a9c7f0-4a6b-414e-bdfc-8ad8980f858b@direc...
2026-09-01 07:30:32,540 - INFO - 📤 بخش ۲: دریافت کانفیگ‌های جدید برای ارسال به کانال...
2026-09-01 07:30:32,540 - INFO - 📡 دریافت پست‌ها از https://t.me/s/ConfigsHUB برای ارسال به کانال
2026-09-01 07:30:33,108 - INFO - ✅ 20 پست دریافت شد
2026-09-01 07:30:33,109 - INFO - 💾 وضعیت به‌روز شد: ConfigsHUB/2038921
2026-09-01 07:30:33,110 - INFO - 📊 از https://t.me/s/ConfigsHUB: 16 کانفیگ جدید پیدا شد
2026-09-01 07:30:33,110 - INFO - 📊 تعداد کل کانفیگ‌های جدید: 16
2026-09-01 07:30:33,110 - INFO - 📤 ارسال 10 کانفیگ به کانال
2026-09-01 07:30:33,819 - INFO - HTTP Request: POST https://api.telegram.org/bot8316746677:AAF1IzRzODBtCvVWrL6dWtw7F8U3qb4DwXM/sendMessage "HTTP/1.1 200 OK"
2026-09-01 07:30:33,820 - INFO - ✅ پیام 1 از 1 ارسال شد
2026-09-01 07:30:34,822 - INFO - ==================================================
2026-09-01 07:30:34,822 - INFO - 🏁 اجرای ربات با موفقیت به پایان رسید
2026-09-01 07:32:14,804 - INFO - ==================================================
2026-09-01 07:32:14,805 - INFO - 🚀 شروع اجرای ربات
2026-09-01 07:32:14,805 - INFO - 📥 بخش ۱: دریافت ۱۰۰ کانفیگ آخر برای فایل JSON...
2026-09-01 07:32:14,805 - INFO - 📡 دریافت کانفیگ‌ها از https://t.me/s/ConfigsHUB برای فایل JSON
2026-09-01 07:32:15,224 - INFO - ✅ 16 کانفیگ از صفحه دریافت شد
2026-09-01 07:32:15,225 - INFO - 📊 از https://t.me/s/ConfigsHUB: 16 کانفیگ دریافت شد
2026-09-01 07:32:15,225 - INFO - 🔄 بعد از حذف تکراری: 15 کانفیگ برای JSON
2026-09-01 07:32:15,226 - WARNING - ⚠️ تعداد کانفیگ‌ها به 100 رسید (با None پر شد)
2026-09-01 07:32:15,226 - INFO - ✅ دقیقاً 100 کانفیگ در configs.json ذخیره شد
2026-09-01 07:32:15,226 - INFO - ✅ فایل configs.json با 15 کانفیگ واقعی به‌روز شد
2026-09-01 07:32:15,226 - INFO - 📝 نمونه کانفیگ اول: vless://c7a9c7f0-4a6b-414e-bdfc-8ad8980f858b@direc...
2026-09-01 07:32:15,226 - INFO - 📤 بخش ۲: دریافت کانفیگ‌های جدید برای ارسال به کانال...
2026-09-01 07:32:15,226 - INFO - 📡 دریافت پست‌ها از https://t.me/s/ConfigsHUB برای ارسال به کانال
2026-09-01 07:32:15,605 - INFO - ✅ 20 پست دریافت شد
2026-09-01 07:32:15,605 - INFO - ⏭️ رد کردن پست تکراری: ConfigsHUB/2038921
2026-09-01 07:32:15,606 - INFO - 💾 وضعیت به‌روز شد: ConfigsHUB/2038921
2026-09-01 07:32:15,606 - INFO - 📊 از https://t.me/s/ConfigsHUB: 0 کانفیگ جدید پیدا شد
2026-09-01 07:32:15,606 - INFO - 📊 تعداد کل کانفیگ‌های جدید: 0
2026-09-01 07:32:15,606 - INFO - ℹ️ کانفیگ جدیدی برای ارسال وجود ندارد
2026-09-01 07:32:15,606 - INFO - ==================================================
2026-09-01 07:32:15,606 - INFO - 🏁 اجرای ربات با موفقیت به پایان رسید
2026-09-01 08:30:33,635 - INFO - ==================================================
2026-09-01 08:30:33,635 - INFO - 🚀 شروع اجرای ربات
2026-09-01 08:30:33,635 - INFO - 📥 بخش ۱: دریافت ۱۰۰ کانفیگ آخر برای فایل JSON...
2026-09-01 08:30:33,636 - INFO - 📡 دریافت کانفیگ‌ها از https://t.me/s/ConfigsHUB برای فایل JSON
2026-09-01 08:30:34,234 - INFO - ✅ 19 کانفیگ از صفحه دریافت شد
2026-09-01 08:30:34,235 - INFO - 📊 از https://t.me/s/ConfigsHUB: 19 کانفیگ دریافت شد
2026-09-01 08:30:34,235 - INFO - 🔄 بعد از حذف تکراری: 19 کانفیگ برای JSON
2026-09-01 08:30:34,235 - WARNING - ⚠️ تعداد کانفیگ‌ها به 100 رسید (با None پر شد)
2026-09-01 08:30:34,235 - INFO - ✅ دقیقاً 100 کانفیگ در configs.json ذخیره شد
2026-09-01 08:30:34,236 - INFO - ✅ فایل configs.json با 19 کانفیگ واقعی به‌روز شد
2026-09-01 08:30:34,236 - INFO - 📝 نمونه کانفیگ اول: vless://caec0d8d-ab2f-4247-b97d-7fb1a34ab195@180.1...
2026-09-01 08:30:34,236 - INFO - 📤 بخش ۲: دریافت کانفیگ‌های جدید برای ارسال به کانال...
2026-09-01 08:30:34,236 - INFO - 📡 دریافت پست‌ها از https://t.me/s/ConfigsHUB برای ارسال به کانال
2026-09-01 08:30:34,711 - INFO - ✅ 20 پست دریافت شد
2026-09-01 08:30:34,713 - INFO - 💾 وضعیت به‌روز شد: ConfigsHUB/2039112
2026-09-01 08:30:34,713 - INFO - 📊 از https://t.me/s/ConfigsHUB: 19 کانفیگ جدید پیدا شد
2026-09-01 08:30:34,713 - INFO - 📊 تعداد کل کانفیگ‌های جدید: 19
2026-09-01 08:30:34,713 - INFO - 📤 ارسال 10 کانفیگ به کانال
2026-09-01 08:30:35,345 - INFO - HTTP Request: POST https://api.telegram.org/bot8316746677:AAF1IzRzODBtCvVWrL6dWtw7F8U3qb4DwXM/sendMessage "HTTP/1.1 200 OK"
2026-09-01 08:30:35,346 - INFO - ✅ پیام 1 از 1 ارسال شد
2026-09-01 08:30:36,347 - INFO - ==================================================
2026-09-01 08:30:36,347 - INFO - 🏁 اجرای ربات با موفقیت به پایان رسید
2026-09-01 09:30:39,418 - INFO - ==================================================
2026-09-01 09:30:39,418 - INFO - 🚀 شروع اجرای ربات
2026-09-01 09:30:39,418 - INFO - 📥 بخش ۱: دریافت ۱۰۰ کانفیگ آخر برای فایل JSON...
2026-09-01 09:30:39,418 - INFO - 📡 دریافت کانفیگ‌ها از https://t.me/s/ConfigsHUB برای فایل JSON
2026-09-01 09:30:40,591 - INFO - ✅ 13 کانفیگ از صفحه دریافت شد
2026-09-01 09:30:40,592 - INFO - 📊 از https://t.me/s/ConfigsHUB: 13 کانفیگ دریافت شد
2026-09-01 09:30:40,592 - INFO - 🔄 بعد از حذف تکراری: 13 کانفیگ برای JSON
2026-09-01 09:30:40,592 - WARNING - ⚠️ تعداد کانفیگ‌ها به 100 رسید (با None پر شد)
2026-09-01 09:30:40,611 - INFO - ✅ دقیقاً 100 کانفیگ در configs.json ذخیره شد
2026-09-01 09:30:40,611 - INFO - ✅ فایل configs.json با 13 کانفیگ واقعی به‌روز شد
2026-09-01 09:30:40,611 - INFO - 📝 نمونه کانفیگ اول: vless://c7a9c7f0-4a6b-414e-bdfc-8ad8980f858b@direc...
2026-09-01 09:30:40,611 - INFO - 📤 بخش ۲: دریافت کانفیگ‌های جدید برای ارسال به کانال...
2026-09-01 09:30:40,611 - INFO - 📡 دریافت پست‌ها از https://t.me/s/ConfigsHUB برای ارسال به کانال
2026-09-01 09:30:42,298 - INFO - ✅ 20 پست دریافت شد
2026-09-01 09:30:42,299 - INFO - 💾 وضعیت به‌روز شد: ConfigsHUB/2039345
2026-09-01 09:30:42,299 - INFO - 📊 از https://t.me/s/ConfigsHUB: 13 کانفیگ جدید پیدا شد
2026-09-01 09:30:42,299 - INFO - 📊 تعداد کل کانفیگ‌های جدید: 13
2026-09-01 09:30:42,299 - INFO - 📤 ارسال 10 کانفیگ به کانال
2026-09-01 09:30:43,106 - INFO - HTTP Request: POST https://api.telegram.org/bot8316746677:AAF1IzRzODBtCvVWrL6dWtw7F8U3qb4DwXM/sendMessage "HTTP/1.1 200 OK"
2026-09-01 09:30:43,107 - INFO - ✅ پیام 1 از 1 ارسال شد
2026-09-01 09:30:44,108 - INFO - ==================================================
2026-09-01 09:30:44,108 - INFO - 🏁 اجرای ربات با موفقیت به پایان رسید
2026-09-01 10:30:29,402 - INFO - ==================================================
2026-09-01 10:30:29,402 - INFO - 🚀 شروع اجرای ربات
2026-09-01 10:30:29,402 - INFO - 📥 بخش ۱: دریافت ۱۰۰ کانفیگ آخر برای فایل JSON...
2026-09-01 10:30:29,403 - INFO - 📡 دریافت کانفیگ‌ها از https://t.me/s/ConfigsHUB برای فایل JSON
2026-09-01 10:30:30,101 - INFO - ✅ 19 کانفیگ از صفحه دریافت شد
2026-09-01 10:30:30,102 - INFO - 📊 از https://t.me/s/ConfigsHUB: 19 کانفیگ دریافت شد
2026-09-01 10:30:30,103 - INFO - 🔄 بعد از حذف تکراری: 19 کانفیگ برای JSON
2026-09-01 10:30:30,103 - WARNING - ⚠️ تعداد کانفیگ‌ها به 100 رسید (با None پر شد)
2026-09-01 10:30:30,103 - INFO - ✅ دقیقاً 100 کانفیگ در configs.json ذخیره شد
2026-09-01 10:30:30,103 - INFO - ✅ فایل configs.json با 19 کانفیگ واقعی به‌روز شد
2026-09-01 10:30:30,103 - INFO - 📝 نمونه کانفیگ اول: vless://b81b4d1b-7f20-48f1-82dc-d24bef898cab@ww3.l...
2026-09-01 10:30:30,103 - INFO - 📤 بخش ۲: دریافت کانفیگ‌های جدید برای ارسال به کانال...
2026-09-01 10:30:30,103 - INFO - 📡 دریافت پست‌ها از https://t.me/s/ConfigsHUB برای ارسال به کانال
2026-09-01 10:30:30,674 - INFO - ✅ 20 پست دریافت شد
2026-09-01 10:30:30,676 - INFO - 💾 وضعیت به‌روز شد: ConfigsHUB/2039582
2026-09-01 10:30:30,676 - INFO - 📊 از https://t.me/s/ConfigsHUB: 19 کانفیگ جدید پیدا شد
2026-09-01 10:30:30,676 - INFO - 📊 تعداد کل کانفیگ‌های جدید: 19
2026-09-01 10:30:30,676 - INFO - 📤 ارسال 10 کانفیگ به کانال
2026-09-01 10:30:31,397 - INFO - HTTP Request: POST https://api.telegram.org/bot8316746677:AAF1IzRzODBtCvVWrL6dWtw7F8U3qb4DwXM/sendMessage "HTTP/1.1 200 OK"
2026-09-01 10:30:31,398 - INFO - ✅ پیام 1 از 1 ارسال شد
2026-09-01 10:30:32,399 - INFO - ==================================================
2026-09-01 10:30:32,400 - INFO - 🏁 اجرای ربات با موفقیت به پایان رسید
2026-09-01 11:30:27,484 - INFO - ==================================================
2026-09-01 11:30:27,484 - INFO - 🚀 شروع اجرای ربات
2026-09-01 11:30:27,485 - INFO - 📥 بخش ۱: دریافت ۱۰۰ کانفیگ آخر برای فایل JSON...
2026-09-01 11:30:27,485 - INFO - 📡 دریافت کانفیگ‌ها از https://t.me/s/ConfigsHUB برای فایل JSON
2026-09-01 11:30:28,000 - INFO - ✅ 18 کانفیگ از صفحه دریافت شد
2026-09-01 11:30:28,001 - INFO - 📊 از https://t.me/s/ConfigsHUB: 18 کانفیگ دریافت شد
2026-09-01 11:30:28,001 - INFO - 🔄 بعد از حذف تکراری: 17 کانفیگ برای JSON
2026-09-01 11:30:28,001 - WARNING - ⚠️ تعداد کانفیگ‌ها به 100 رسید (با None پر شد)
2026-09-01 11:30:28,002 - INFO - ✅ دقیقاً 100 کانفیگ در configs.json ذخیره شد
2026-09-01 11:30:28,002 - INFO - ✅ فایل configs.json با 17 کانفیگ واقعی به‌روز شد
2026-09-01 11:30:28,002 - INFO - 📝 نمونه کانفیگ اول: vless://03e5f7fb-d569-403b-8740-9e3b4f7dd94a@151.2...
2026-09-01 11:30:28,002 - INFO - 📤 بخش ۲: دریافت کانفیگ‌های جدید برای ارسال به کانال...
2026-09-01 11:30:28,002 - INFO - 📡 دریافت پست‌ها از https://t.me/s/ConfigsHUB برای ارسال به کانال
2026-09-01 11:30:28,460 - INFO - ✅ 20 پست دریافت شد
2026-09-01 11:30:28,461 - INFO - 💾 وضعیت به‌روز شد: ConfigsHUB/2039848
2026-09-01 11:30:28,461 - INFO - 📊 از https://t.me/s/ConfigsHUB: 18 کانفیگ جدید پیدا شد
2026-09-01 11:30:28,461 - INFO - 📊 تعداد کل کانفیگ‌های جدید: 18
2026-09-01 11:30:28,461 - INFO - 📤 ارسال 10 کانفیگ به کانال
2026-09-01 11:30:28,991 - INFO - HTTP Request: POST https://api.telegram.org/bot8316746677:AAF1IzRzODBtCvVWrL6dWtw7F8U3qb4DwXM/sendMessage "HTTP/1.1 200 OK"
2026-09-01 11:30:28,992 - INFO - ✅ پیام 1 از 1 ارسال شد
2026-09-01 11:30:29,994 - INFO - ==================================================
2026-09-01 11:30:29,994 - INFO - 🏁 اجرای ربات با موفقیت به پایان رسید
2026-09-01 12:30:29,355 - INFO - ==================================================
2026-09-01 12:30:29,355 - INFO - 🚀 شروع اجرای ربات
2026-09-01 12:30:29,356 - INFO - 📥 بخش ۱: دریافت ۱۰۰ کانفیگ آخر برای فایل JSON...
2026-09-01 12:30:29,356 - INFO - 📡 دریافت کانفیگ‌ها از https://t.me/s/ConfigsHUB برای فایل JSON
2026-09-01 12:30:29,848 - INFO - ✅ 19 کانفیگ از صفحه دریافت شد
2026-09-01 12:30:29,849 - INFO - 📊 از https://t.me/s/ConfigsHUB: 19 کانفیگ دریافت شد
2026-09-01 12:30:29,849 - INFO - 🔄 بعد از حذف تکراری: 19 کانفیگ برای JSON
2026-09-01 12:30:29,849 - WARNING - ⚠️ تعداد کانفیگ‌ها به 100 رسید (با None پر شد)
2026-09-01 12:30:29,849 - INFO - ✅ دقیقاً 100 کانفیگ در configs.json ذخیره شد
2026-09-01 12:30:29,850 - INFO - ✅ فایل configs.json با 19 کانفیگ واقعی به‌روز شد
2026-09-01 12:30:29,850 - INFO - 📝 نمونه کانفیگ اول: vless://a13df940-020c-465f-bc89-ee5279b5cd6a@198.6...
2026-09-01 12:30:29,850 - INFO - 📤 بخش ۲: دریافت کانفیگ‌های جدید برای ارسال به کانال...
2026-09-01 12:30:29,850 - INFO - 📡 دریافت پست‌ها از https://t.me/s/ConfigsHUB برای ارسال به کانال
2026-09-01 12:30:30,270 - INFO - ✅ 20 پست دریافت شد
2026-09-01 12:30:30,272 - INFO - 💾 وضعیت به‌روز شد: ConfigsHUB/2040123
2026-09-01 12:30:30,272 - INFO - 📊 از https://t.me/s/ConfigsHUB: 19 کانفیگ جدید پیدا شد
2026-09-01 12:30:30,272 - INFO - 📊 تعداد کل کانفیگ‌های جدید: 19
2026-09-01 12:30:30,272 - INFO - 📤 ارسال 10 کانفیگ به کانال
2026-09-01 12:30:30,919 - INFO - HTTP Request: POST https://api.telegram.org/bot8316746677:AAF1IzRzODBtCvVWrL6dWtw7F8U3qb4DwXM/sendMessage "HTTP/1.1 200 OK"
2026-09-01 12:30:30,920 - INFO - ✅ پیام 1 از 1 ارسال شد
2026-09-01 12:30:31,921 - INFO - ==================================================
2026-09-01 12:30:31,921 - INFO - 🏁 اجرای ربات با موفقیت به پایان رسید
2026-09-01 13:18:31,461 - INFO - ==================================================
2026-09-01 13:18:31,461 - INFO - 🚀 شروع اجرای ربات
2026-09-01 13:18:31,461 - INFO - 📥 بخش ۱: دریافت ۱۰۰ کانفیگ آخر برای فایل JSON...
2026-09-01 13:18:31,461 - INFO - 📡 دریافت کانفیگ‌ها از https://t.me/s/ConfigsHUB برای فایل JSON
2026-09-01 13:18:31,950 - INFO - ✅ 14 کانفیگ از صفحه دریافت شد
2026-09-01 13:18:31,951 - INFO - 📊 از https://t.me/s/ConfigsHUB: 14 کانفیگ دریافت شد
2026-09-01 13:18:31,951 - INFO - 🔄 بعد از حذف تکراری: 14 کانفیگ برای JSON
2026-09-01 13:18:31,951 - WARNING - ⚠️ تعداد کانفیگ‌ها به 100 رسید (با None پر شد)
2026-09-01 13:18:31,951 - INFO - ✅ دقیقاً 100 کانفیگ در configs.json ذخیره شد
2026-09-01 13:18:31,951 - INFO - ✅ فایل configs.json با 14 کانفیگ واقعی به‌روز شد
2026-09-01 13:18:31,952 - INFO - 📝 نمونه کانفیگ اول: vless://56ba5d34-ef22-4ba6-8090-4188b807df54@163.8...
2026-09-01 13:18:31,952 - INFO - 📤 بخش ۲: دریافت کانفیگ‌های جدید برای ارسال به کانال...
2026-09-01 13:18:31,952 - INFO - 📡 دریافت پست‌ها از https://t.me/s/ConfigsHUB برای ارسال به کانال
2026-09-01 13:18:32,403 - INFO - ✅ 20 پست دریافت شد
2026-09-01 13:18:32,404 - INFO - 💾 وضعیت به‌روز شد: ConfigsHUB/2040337
2026-09-01 13:18:32,404 - INFO - 📊 از https://t.me/s/ConfigsHUB: 14 کانفیگ جدید پیدا شد
2026-09-01 13:18:32,404 - INFO - 📊 تعداد کل کانفیگ‌های جدید: 14
2026-09-01 13:18:32,404 - INFO - 📤 ارسال 10 کانفیگ به کانال
2026-09-01 13:18:32,961 - INFO - HTTP Request: POST https://api.telegram.org/bot8316746677:AAF1IzRzODBtCvVWrL6dWtw7F8U3qb4DwXM/sendMessage "HTTP/1.1 200 OK"
2026-09-01 13:18:32,962 - INFO - ✅ پیام 1 از 1 ارسال شد
2026-09-01 13:18:33,964 - INFO - ==================================================
2026-09-01 13:18:33,964 - INFO - 🏁 اجرای ربات با موفقیت به پایان رسید
2026-09-01 13:30:28,797 - INFO - ==================================================
2026-09-01 13:30:28,797 - INFO - 🚀 شروع اجرای ربات
2026-09-01 13:30:28,797 - INFO - 📥 بخش ۱: دریافت ۱۰۰ کانفیگ آخر برای فایل JSON...
2026-09-01 13:30:28,797 - INFO - 📡 دریافت کانفیگ‌ها از https://t.me/s/ConfigsHUB برای فایل JSON
2026-09-01 13:30:29,252 - INFO - ✅ 19 کانفیگ از صفحه دریافت شد
2026-09-01 13:30:29,253 - INFO - 📊 از https://t.me/s/ConfigsHUB: 19 کانفیگ دریافت شد
2026-09-01 13:30:29,254 - INFO - 🔄 بعد از حذف تکراری: 19 کانفیگ برای JSON
2026-09-01 13:30:29,254 - WARNING - ⚠️ تعداد کانفیگ‌ها به 100 رسید (با None پر شد)
2026-09-01 13:30:29,254 - INFO - ✅ دقیقاً 100 کانفیگ در configs.json ذخیره شد
2026-09-01 13:30:29,254 - INFO - ✅ فایل configs.json با 19 کانفیگ واقعی به‌روز شد
2026-09-01 13:30:29,254 - INFO - 📝 نمونه کانفیگ اول: vless://435bda4c-fe5e-42c9-a3ad-15334943b38a@104.1...
2026-09-01 13:30:29,254 - INFO - 📤 بخش ۲: دریافت کانفیگ‌های جدید برای ارسال به کانال...
2026-09-01 13:30:29,254 - INFO - 📡 دریافت پست‌ها از https://t.me/s/ConfigsHUB برای ارسال به کانال
2026-09-01 13:30:29,674 - INFO - ✅ 20 پست دریافت شد
2026-09-01 13:30:29,675 - INFO - 💾 وضعیت به‌روز شد: ConfigsHUB/2040404
2026-09-01 13:30:29,675 - INFO - 📊 از https://t.me/s/ConfigsHUB: 19 کانفیگ جدید پیدا شد
2026-09-01 13:30:29,675 - INFO - 📊 تعداد کل کانفیگ‌های جدید: 19
2026-09-01 13:30:29,676 - INFO - 📤 ارسال 10 کانفیگ به کانال
2026-09-01 13:30:30,135 - INFO - HTTP Request: POST https://api.telegram.org/bot8316746677:AAF1IzRzODBtCvVWrL6dWtw7F8U3qb4DwXM/sendMessage "HTTP/1.1 200 OK"
2026-09-01 13:30:30,136 - INFO - ✅ پیام 1 از 1 ارسال شد
2026-09-01 13:30:31,138 - INFO - ==================================================
2026-09-01 13:30:31,138 - INFO - 🏁 اجرای ربات با موفقیت به پایان رسید
2026-09-01 14:30:29,163 - INFO - ==================================================
2026-09-01 14:30:29,164 - INFO - 🚀 شروع اجرای ربات
2026-09-01 14:30:29,164 - INFO - 📥 بخش ۱: دریافت ۱۰۰ کانفیگ آخر برای فایل JSON...
2026-09-01 14:30:29,164 - INFO - 📡 دریافت کانفیگ‌ها از https://t.me/s/ConfigsHUB برای فایل JSON
2026-09-01 14:30:30,889 - INFO - ✅ 18 کانفیگ از صفحه دریافت شد
2026-09-01 14:30:30,890 - INFO - 📊 از https://t.me/s/ConfigsHUB: 18 کانفیگ دریافت شد
2026-09-01 14:30:30,890 - INFO - 🔄 بعد از حذف تکراری: 17 کانفیگ برای JSON
2026-09-01 14:30:30,890 - WARNING - ⚠️ تعداد کانفیگ‌ها به 100 رسید (با None پر شد)
2026-09-01 14:30:30,890 - INFO - ✅ دقیقاً 100 کانفیگ در configs.json ذخیره شد
2026-09-01 14:30:30,890 - INFO - ✅ فایل configs.json با 17 کانفیگ واقعی به‌روز شد
2026-09-01 14:30:30,890 - INFO - 📝 نمونه کانفیگ اول: vless://3d8dcb15-e310-41bc-8d2d-a2ab323cfbb9@tun.n...
2026-09-01 14:30:30,890 - INFO - 📤 بخش ۲: دریافت کانفیگ‌های جدید برای ارسال به کانال...
2026-09-01 14:30:30,890 - INFO - 📡 دریافت پست‌ها از https://t.me/s/ConfigsHUB برای ارسال به کانال
2026-09-01 14:30:31,445 - INFO - ✅ 20 پست دریافت شد
2026-09-01 14:30:31,446 - INFO - 💾 وضعیت به‌روز شد: ConfigsHUB/2040602
2026-09-01 14:30:31,446 - INFO - 📊 از https://t.me/s/ConfigsHUB: 18 کانفیگ جدید پیدا شد
2026-09-01 14:30:31,446 - INFO - 📊 تعداد کل کانفیگ‌های جدید: 18
2026-09-01 14:30:31,446 - INFO - 📤 ارسال 10 کانفیگ به کانال
2026-09-01 14:30:32,133 - INFO - HTTP Request: POST https://api.telegram.org/bot8316746677:AAF1IzRzODBtCvVWrL6dWtw7F8U3qb4DwXM/sendMessage "HTTP/1.1 200 OK"
2026-09-01 14:30:32,134 - INFO - ✅ پیام 1 از 1 ارسال شد
2026-09-01 14:30:33,135 - INFO - ==================================================
2026-09-01 14:30:33,135 - INFO - 🏁 اجرای ربات با موفقیت به پایان رسید
2026-09-01 15:30:30,895 - INFO - ==================================================
2026-09-01 15:30:30,895 - INFO - 🚀 شروع اجرای ربات
2026-09-01 15:30:30,895 - INFO - 📥 بخش ۱: دریافت ۱۰۰ کانفیگ آخر برای فایل JSON...
2026-09-01 15:30:30,895 - INFO - 📡 دریافت کانفیگ‌ها از https://t.me/s/ConfigsHUB برای فایل JSON
2026-09-01 15:30:31,398 - INFO - ✅ 20 کانفیگ از صفحه دریافت شد
2026-09-01 15:30:31,399 - INFO - 📊 از https://t.me/s/ConfigsHUB: 20 کانفیگ دریافت شد
2026-09-01 15:30:31,399 - INFO - 🔄 بعد از حذف تکراری: 20 کانفیگ برای JSON
2026-09-01 15:30:31,399 - WARNING - ⚠️ تعداد کانفیگ‌ها به 100 رسید (با None پر شد)
2026-09-01 15:30:31,400 - INFO - ✅ دقیقاً 100 کانفیگ در configs.json ذخیره شد
2026-09-01 15:30:31,400 - INFO - ✅ فایل configs.json با 20 کانفیگ واقعی به‌روز شد
2026-09-01 15:30:31,400 - INFO - 📝 نمونه کانفیگ اول: vless://50414e45-4c5f-5a45-5553-6221afad00a6@18m.i...
2026-09-01 15:30:31,400 - INFO - 📤 بخش ۲: دریافت کانفیگ‌های جدید برای ارسال به کانال...
2026-09-01 15:30:31,400 - INFO - 📡 دریافت پست‌ها از https://t.me/s/ConfigsHUB برای ارسال به کانال
2026-09-01 15:30:31,812 - INFO - ✅ 20 پست دریافت شد
2026-09-01 15:30:31,814 - INFO - 💾 وضعیت به‌روز شد: ConfigsHUB/2040787
2026-09-01 15:30:31,814 - INFO - 📊 از https://t.me/s/ConfigsHUB: 20 کانفیگ جدید پیدا شد
2026-09-01 15:30:31,814 - INFO - 📊 تعداد کل کانفیگ‌های جدید: 20
2026-09-01 15:30:31,815 - INFO - 📤 ارسال 10 کانفیگ به کانال
2026-09-01 15:30:32,320 - INFO - HTTP Request: POST https://api.telegram.org/bot8316746677:AAF1IzRzODBtCvVWrL6dWtw7F8U3qb4DwXM/sendMessage "HTTP/1.1 200 OK"
2026-09-01 15:30:32,321 - INFO - ✅ پیام 1 از 1 ارسال شد
2026-09-01 15:30:33,322 - INFO - ==================================================
2026-09-01 15:30:33,322 - INFO - 🏁 اجرای ربات با موفقیت به پایان رسید
2026-09-01 16:30:29,616 - INFO - ==================================================
2026-09-01 16:30:29,616 - INFO - 🚀 شروع اجرای ربات
2026-09-01 16:30:29,616 - INFO - 📥 بخش ۱: دریافت ۱۰۰ کانفیگ آخر برای فایل JSON...
2026-09-01 16:30:29,616 - INFO - 📡 دریافت کانفیگ‌ها از https://t.me/s/ConfigsHUB برای فایل JSON
2026-09-01 16:30:30,282 - INFO - ✅ 20 کانفیگ از صفحه دریافت شد
2026-09-01 16:30:30,283 - INFO - 📊 از https://t.me/s/ConfigsHUB: 20 کانفیگ دریافت شد
2026-09-01 16:30:30,283 - INFO - 🔄 بعد از حذف تکراری: 17 کانفیگ برای JSON
2026-09-01 16:30:30,284 - WARNING - ⚠️ تعداد کانفیگ‌ها به 100 رسید (با None پر شد)
2026-09-01 16:30:30,284 - INFO - ✅ دقیقاً 100 کانفیگ در configs.json ذخیره شد
2026-09-01 16:30:30,284 - INFO - ✅ فایل configs.json با 17 کانفیگ واقعی به‌روز شد
2026-09-01 16:30:30,284 - INFO - 📝 نمونه کانفیگ اول: vless://474fec66-dc5c-4e11-a8b3-d7d65ef2206b@104.1...
2026-09-01 16:30:30,284 - INFO - 📤 بخش ۲: دریافت کانفیگ‌های جدید برای ارسال به کانال...
2026-09-01 16:30:30,284 - INFO - 📡 دریافت پست‌ها از https://t.me/s/ConfigsHUB برای ارسال به کانال
2026-09-01 16:30:30,847 - INFO - ✅ 20 پست دریافت شد
2026-09-01 16:30:30,849 - INFO - 💾 وضعیت به‌روز شد: ConfigsHUB/2041004
2026-09-01 16:30:30,849 - INFO - 📊 از https://t.me/s/ConfigsHUB: 20 کانفیگ جدید پیدا شد
2026-09-01 16:30:30,849 - INFO - 📊 تعداد کل کانفیگ‌های جدید: 20
2026-09-01 16:30:30,849 - INFO - 📤 ارسال 10 کانفیگ به کانال
2026-09-01 16:30:31,607 - INFO - HTTP Request: POST https://api.telegram.org/bot8316746677:AAF1IzRzODBtCvVWrL6dWtw7F8U3qb4DwXM/sendMessage "HTTP/1.1 200 OK"
2026-09-01 16:30:31,608 - INFO - ✅ پیام 1 از 1 ارسال شد
2026-09-01 16:30:32,609 - INFO - ==================================================
2026-09-01 16:30:32,609 - INFO - 🏁 اجرای ربات با موفقیت به پایان رسید
2026-09-01 17:30:33,907 - INFO - ==================================================
2026-09-01 17:30:33,908 - INFO - 🚀 شروع اجرای ربات
2026-09-01 17:30:33,908 - INFO - 📥 بخش ۱: دریافت ۱۰۰ کانفیگ آخر برای فایل JSON...
2026-09-01 17:30:33,908 - INFO - 📡 دریافت کانفیگ‌ها از https://t.me/s/ConfigsHUB برای فایل JSON
2026-09-01 17:30:34,423 - INFO - ✅ 17 کانفیگ از صفحه دریافت شد
2026-09-01 17:30:34,424 - INFO - 📊 از https://t.me/s/ConfigsHUB: 17 کانفیگ دریافت شد
2026-09-01 17:30:34,424 - INFO - 🔄 بعد از حذف تکراری: 17 کانفیگ برای JSON
2026-09-01 17:30:34,425 - WARNING - ⚠️ تعداد کانفیگ‌ها به 100 رسید (با None پر شد)
2026-09-01 17:30:34,425 - INFO - ✅ دقیقاً 100 کانفیگ در configs.json ذخیره شد
2026-09-01 17:30:34,425 - INFO - ✅ فایل configs.json با 17 کانفیگ واقعی به‌روز شد
2026-09-01 17:30:34,425 - INFO - 📝 نمونه کانفیگ اول: vless://86c2939c-4506-4028-cdc9-6fe073890e81@k2.cl...
2026-09-01 17:30:34,425 - INFO - 📤 بخش ۲: دریافت کانفیگ‌های جدید برای ارسال به کانال...
2026-09-01 17:30:34,425 - INFO - 📡 دریافت پست‌ها از https://t.me/s/ConfigsHUB برای ارسال به کانال
2026-09-01 17:30:34,882 - INFO - ✅ 20 پست دریافت شد
2026-09-01 17:30:34,884 - INFO - 💾 وضعیت به‌روز شد: ConfigsHUB/2041291
2026-09-01 17:30:34,884 - INFO - 📊 از https://t.me/s/ConfigsHUB: 17 کانفیگ جدید پیدا شد
2026-09-01 17:30:34,884 - INFO - 📊 تعداد کل کانفیگ‌های جدید: 17
2026-09-01 17:30:34,884 - INFO - 📤 ارسال 10 کانفیگ به کانال
2026-09-01 17:30:35,482 - INFO - HTTP Request: POST https://api.telegram.org/bot8316746677:AAF1IzRzODBtCvVWrL6dWtw7F8U3qb4DwXM/sendMessage "HTTP/1.1 200 OK"
2026-09-01 17:30:35,483 - INFO - ✅ پیام 1 از 1 ارسال شد
2026-09-01 17:30:36,484 - INFO - ==================================================
2026-09-01 17:30:36,485 - INFO - 🏁 اجرای ربات با موفقیت به پایان رسید
2026-09-01 17:43:20,237 - INFO - ==================================================
2026-09-01 17:43:20,237 - INFO - 🚀 شروع اجرای ربات
2026-09-01 17:43:20,238 - INFO - 📥 بخش ۱: دریافت ۱۰۰ کانفیگ آخر برای فایل JSON...
2026-09-01 17:43:20,238 - INFO - 📡 دریافت کانفیگ‌ها از https://t.me/s/ConfigsHUB برای فایل JSON
2026-09-01 17:43:20,903 - INFO - ✅ 20 کانفیگ از صفحه دریافت شد
2026-09-01 17:43:20,904 - INFO - 📊 از https://t.me/s/ConfigsHUB: 20 کانفیگ دریافت شد
2026-09-01 17:43:20,904 - INFO - 🔄 بعد از حذف تکراری: 20 کانفیگ برای JSON
2026-09-01 17:43:20,904 - WARNING - ⚠️ تعداد کانفیگ‌ها به 100 رسید (با None پر شد)
2026-09-01 17:43:20,905 - INFO - ✅ دقیقاً 100 کانفیگ در configs.json ذخیره شد
2026-09-01 17:43:20,905 - INFO - ✅ فایل configs.json با 20 کانفیگ واقعی به‌روز شد
2026-09-01 17:43:20,905 - INFO - 📝 نمونه کانفیگ اول: vless://435bda4c-fe5e-42c9-a3ad-15334943b38a@104.1...
2026-09-01 17:43:20,905 - INFO - 📤 بخش ۲: دریافت کانفیگ‌های جدید برای ارسال به کانال...
2026-09-01 17:43:20,905 - INFO - 📡 دریافت پست‌ها از https://t.me/s/ConfigsHUB برای ارسال به کانال
2026-09-01 17:43:21,506 - INFO - ✅ 20 پست دریافت شد
2026-09-01 17:43:21,507 - INFO - 💾 وضعیت به‌روز شد: ConfigsHUB/2041372
2026-09-01 17:43:21,507 - INFO - 📊 از https://t.me/s/ConfigsHUB: 20 کانفیگ جدید پیدا شد
2026-09-01 17:43:21,507 - INFO - 📊 تعداد کل کانفیگ‌های جدید: 20
2026-09-01 17:43:21,508 - INFO - 📤 ارسال 10 کانفیگ به کانال
2026-09-01 17:43:22,225 - INFO - HTTP Request: POST https://api.telegram.org/bot8316746677:AAF1IzRzODBtCvVWrL6dWtw7F8U3qb4DwXM/sendMessage "HTTP/1.1 200 OK"
2026-09-01 17:43:22,226 - INFO - ✅ پیام 1 از 1 ارسال شد
2026-09-01 17:43:23,228 - INFO - ==================================================
2026-09-01 17:43:23,228 - INFO - 🏁 اجرای ربات با موفقیت به پایان رسید
2026-09-01 18:30:33,636 - INFO - ==================================================
2026-09-01 18:30:33,636 - INFO - 🚀 شروع اجرای ربات
2026-09-01 18:30:33,636 - INFO - 📥 بخش ۱: دریافت ۱۰۰ کانفیگ آخر برای فایل JSON...
2026-09-01 18:30:33,636 - INFO - 📡 دریافت کانفیگ‌ها از https://t.me/s/ConfigsHUB برای فایل JSON
2026-09-01 18:30:34,355 - INFO - ✅ 19 کانفیگ از صفحه دریافت شد
2026-09-01 18:30:34,356 - INFO - 📊 از https://t.me/s/ConfigsHUB: 19 کانفیگ دریافت شد
2026-09-01 18:30:34,356 - INFO - 🔄 بعد از حذف تکراری: 19 کانفیگ برای JSON
2026-09-01 18:30:34,356 - WARNING - ⚠️ تعداد کانفیگ‌ها به 100 رسید (با None پر شد)
2026-09-01 18:30:34,356 - INFO - ✅ دقیقاً 100 کانفیگ در configs.json ذخیره شد
2026-09-01 18:30:34,356 - INFO - ✅ فایل configs.json با 19 کانفیگ واقعی به‌روز شد
2026-09-01 18:30:34,357 - INFO - 📝 نمونه کانفیگ اول: vless://c63d2c0f-786d-49ff-9891-f63bd1ac58d7@45.59...
2026-09-01 18:30:34,357 - INFO - 📤 بخش ۲: دریافت کانفیگ‌های جدید برای ارسال به کانال...
2026-09-01 18:30:34,357 - INFO - 📡 دریافت پست‌ها از https://t.me/s/ConfigsHUB برای ارسال به کانال
2026-09-01 18:30:34,921 - INFO - ✅ 20 پست دریافت شد
2026-09-01 18:30:34,923 - INFO - 💾 وضعیت به‌روز شد: ConfigsHUB/2041571
2026-09-01 18:30:34,923 - INFO - 📊 از https://t.me/s/ConfigsHUB: 19 کانفیگ جدید پیدا شد
2026-09-01 18:30:34,923 - INFO - 📊 تعداد کل کانفیگ‌های جدید: 19
2026-09-01 18:30:34,923 - INFO - 📤 ارسال 10 کانفیگ به کانال
2026-09-01 18:30:35,674 - INFO - HTTP Request: POST https://api.telegram.org/bot8316746677:AAF1IzRzODBtCvVWrL6dWtw7F8U3qb4DwXM/sendMessage "HTTP/1.1 200 OK"
2026-09-01 18:30:35,676 - INFO - ✅ پیام 1 از 1 ارسال شد
2026-09-01 18:30:36,677 - INFO - ==================================================
2026-09-01 18:30:36,678 - INFO - 🏁 اجرای ربات با موفقیت به پایان رسید
2026-09-01 19:30:32,374 - INFO - ==================================================
2026-09-01 19:30:32,374 - INFO - 🚀 شروع اجرای ربات
2026-09-01 19:30:32,374 - INFO - 📥 بخش ۱: دریافت ۱۰۰ کانفیگ آخر برای فایل JSON...
2026-09-01 19:30:32,374 - INFO - 📡 دریافت کانفیگ‌ها از https://t.me/s/ConfigsHUB برای فایل JSON
2026-09-01 19:30:32,879 - INFO - ✅ 15 کانفیگ از صفحه دریافت شد
2026-09-01 19:30:32,880 - INFO - 📊 از https://t.me/s/ConfigsHUB: 15 کانفیگ دریافت شد
2026-09-01 19:30:32,880 - INFO - 🔄 بعد از حذف تکراری: 12 کانفیگ برای JSON
2026-09-01 19:30:32,880 - WARNING - ⚠️ تعداد کانفیگ‌ها به 100 رسید (با None پر شد)
2026-09-01 19:30:32,880 - INFO - ✅ دقیقاً 100 کانفیگ در configs.json ذخیره شد
2026-09-01 19:30:32,880 - INFO - ✅ فایل configs.json با 12 کانفیگ واقعی به‌روز شد
2026-09-01 19:30:32,880 - INFO - 📝 نمونه کانفیگ اول: vless://68469d32-7f6b-4f09-ac62-1b551117030f@opera...
2026-09-01 19:30:32,880 - INFO - 📤 بخش ۲: دریافت کانفیگ‌های جدید برای ارسال به کانال...
2026-09-01 19:30:32,881 - INFO - 📡 دریافت پست‌ها از https://t.me/s/ConfigsHUB برای ارسال به کانال
2026-09-01 19:30:33,296 - INFO - ✅ 20 پست دریافت شد
2026-09-01 19:30:33,297 - INFO - 💾 وضعیت به‌روز شد: ConfigsHUB/2041784
2026-09-01 19:30:33,297 - INFO - 📊 از https://t.me/s/ConfigsHUB: 15 کانفیگ جدید پیدا شد
2026-09-01 19:30:33,297 - INFO - 📊 تعداد کل کانفیگ‌های جدید: 15
2026-09-01 19:30:33,298 - INFO - 📤 ارسال 10 کانفیگ به کانال
2026-09-01 19:30:33,825 - INFO - HTTP Request: POST https://api.telegram.org/bot8316746677:AAF1IzRzODBtCvVWrL6dWtw7F8U3qb4DwXM/sendMessage "HTTP/1.1 200 OK"
2026-09-01 19:30:33,826 - INFO - ✅ پیام 1 از 1 ارسال شد
2026-09-01 19:30:34,827 - INFO - ==================================================
2026-09-01 19:30:34,828 - INFO - 🏁 اجرای ربات با موفقیت به پایان رسید
2026-09-01 20:30:34,527 - INFO - ==================================================
2026-09-01 20:30:34,527 - INFO - 🚀 شروع اجرای ربات
2026-09-01 20:30:34,527 - INFO - 📥 بخش ۱: دریافت ۱۰۰ کانفیگ آخر برای فایل JSON...
2026-09-01 20:30:34,527 - INFO - 📡 دریافت کانفیگ‌ها از https://t.me/s/ConfigsHUB برای فایل JSON
2026-09-01 20:30:35,050 - INFO - ✅ 17 کانفیگ از صفحه دریافت شد
2026-09-01 20:30:35,051 - INFO - 📊 از https://t.me/s/ConfigsHUB: 17 کانفیگ دریافت شد
2026-09-01 20:30:35,051 - INFO - 🔄 بعد از حذف تکراری: 17 کانفیگ برای JSON
2026-09-01 20:30:35,052 - WARNING - ⚠️ تعداد کانفیگ‌ها به 100 رسید (با None پر شد)
2026-09-01 20:30:35,052 - INFO - ✅ دقیقاً 100 کانفیگ در configs.json ذخیره شد
2026-09-01 20:30:35,052 - INFO - ✅ فایل configs.json با 17 کانفیگ واقعی به‌روز شد
2026-09-01 20:30:35,052 - INFO - 📝 نمونه کانفیگ اول: vless://7f89560c-b9f0-4c56-b3e0-1b1bdafe0b08@45.19...
2026-09-01 20:30:35,052 - INFO - 📤 بخش ۲: دریافت کانفیگ‌های جدید برای ارسال به کانال...
2026-09-01 20:30:35,052 - INFO - 📡 دریافت پست‌ها از https://t.me/s/ConfigsHUB برای ارسال به کانال
2026-09-01 20:30:35,447 - INFO - ✅ 20 پست دریافت شد
2026-09-01 20:30:35,449 - INFO - 💾 وضعیت به‌روز شد: ConfigsHUB/2041992
2026-09-01 20:30:35,449 - INFO - 📊 از https://t.me/s/ConfigsHUB: 17 کانفیگ جدید پیدا شد
2026-09-01 20:30:35,449 - INFO - 📊 تعداد کل کانفیگ‌های جدید: 17
2026-09-01 20:30:35,449 - INFO - 📤 ارسال 10 کانفیگ به کانال
2026-09-01 20:30:35,920 - INFO - HTTP Request: POST https://api.telegram.org/bot8316746677:AAF1IzRzODBtCvVWrL6dWtw7F8U3qb4DwXM/sendMessage "HTTP/1.1 200 OK"
2026-09-01 20:30:35,921 - INFO - ✅ پیام 1 از 1 ارسال شد
2026-09-01 20:30:36,923 - INFO - ==================================================
2026-09-01 20:30:36,923 - INFO - 🏁 اجرای ربات با موفقیت به پایان رسید
2026-09-01 20:49:14,588 - INFO - ==================================================
2026-09-01 20:49:14,588 - INFO - 🚀 شروع اجرای ربات
2026-09-01 20:49:14,588 - INFO - 📥 بخش ۱: دریافت ۱۰۰ کانفیگ آخر برای فایل JSON...
2026-09-01 20:49:14,589 - INFO - 📡 دریافت کانفیگ‌ها از https://t.me/s/ConfigsHUB برای فایل JSON
2026-09-01 20:49:14,997 - INFO - ✅ 1 کانفیگ از صفحه دریافت شد
2026-09-01 20:49:14,998 - INFO - 📊 از https://t.me/s/ConfigsHUB: 1 کانفیگ دریافت شد
2026-09-01 20:49:14,998 - INFO - 🔄 بعد از حذف تکراری: 1 کانفیگ برای JSON
2026-09-01 20:49:14,998 - WARNING - ⚠️ تعداد کانفیگ‌ها به 100 رسید (با None پر شد)
2026-09-01 20:49:14,999 - INFO - ✅ دقیقاً 100 کانفیگ در configs.json ذخیره شد
2026-09-01 20:49:14,999 - INFO - ✅ فایل configs.json با 1 کانفیگ واقعی به‌روز شد
2026-09-01 20:49:14,999 - INFO - 📝 نمونه کانفیگ اول: vless://eab915bc-d2df-73d1-47d0-6eb240497055@fn.fi...
2026-09-01 20:49:14,999 - INFO - 📤 بخش ۲: دریافت کانفیگ‌های جدید برای ارسال به کانال...
2026-09-01 20:49:14,999 - INFO - 📡 دریافت پست‌ها از https://t.me/s/ConfigsHUB برای ارسال به کانال
2026-09-01 20:49:15,372 - INFO - ✅ 20 پست دریافت شد
2026-09-01 20:49:15,373 - INFO - 💾 وضعیت به‌روز شد: ConfigsHUB/2042018
2026-09-01 20:49:15,373 - INFO - 📊 از https://t.me/s/ConfigsHUB: 1 کانفیگ جدید پیدا شد
2026-09-01 20:49:15,373 - INFO - 📊 تعداد کل کانفیگ‌های جدید: 1
2026-09-01 20:49:15,373 - INFO - 📤 ارسال 1 کانفیگ به کانال
2026-09-01 20:49:15,808 - INFO - HTTP Request: POST https://api.telegram.org/bot8316746677:AAF1IzRzODBtCvVWrL6dWtw7F8U3qb4DwXM/sendMessage "HTTP/1.1 200 OK"
2026-09-01 20:49:15,809 - INFO - ✅ پیام 1 از 1 ارسال شد
2026-09-01 20:49:16,811 - INFO - ==================================================
2026-09-01 20:49:16,811 - INFO - 🏁 اجرای ربات با موفقیت به پایان رسید
2026-09-01 21:30:31,502 - INFO - ==================================================
2026-09-01 21:30:31,502 - INFO - 🚀 شروع اجرای ربات
2026-09-01 21:30:31,502 - INFO - 📥 بخش ۱: دریافت ۱۰۰ کانفیگ آخر برای فایل JSON...
2026-09-01 21:30:31,502 - INFO - 📡 دریافت کانفیگ‌ها از https://t.me/s/ConfigsHUB برای فایل JSON
2026-09-01 21:30:32,048 - INFO - ✅ 20 کانفیگ از صفحه دریافت شد
2026-09-01 21:30:32,049 - INFO - 📊 از https://t.me/s/ConfigsHUB: 20 کانفیگ دریافت شد
2026-09-01 21:30:32,049 - INFO - 🔄 بعد از حذف تکراری: 20 کانفیگ برای JSON
2026-09-01 21:30:32,049 - WARNING - ⚠️ تعداد کانفیگ‌ها به 100 رسید (با None پر شد)
2026-09-01 21:30:32,050 - INFO - ✅ دقیقاً 100 کانفیگ در configs.json ذخیره شد
2026-09-01 21:30:32,050 - INFO - ✅ فایل configs.json با 20 کانفیگ واقعی به‌روز شد
2026-09-01 21:30:32,050 - INFO - 📝 نمونه کانفیگ اول: vless://337e83cf-e9f9-4237-b27c-5649ec7ee293@Germa...
2026-09-01 21:30:32,050 - INFO - 📤 بخش ۲: دریافت کانفیگ‌های جدید برای ارسال به کانال...
2026-09-01 21:30:32,050 - INFO - 📡 دریافت پست‌ها از https://t.me/s/ConfigsHUB برای ارسال به کانال
2026-09-01 21:30:32,504 - INFO - ✅ 20 پست دریافت شد
2026-09-01 21:30:32,506 - INFO - 💾 وضعیت به‌روز شد: ConfigsHUB/2042156
2026-09-01 21:30:32,506 - INFO - 📊 از https://t.me/s/ConfigsHUB: 20 کانفیگ جدید پیدا شد
2026-09-01 21:30:32,506 - INFO - 📊 تعداد کل کانفیگ‌های جدید: 20
2026-09-01 21:30:32,506 - INFO - 📤 ارسال 10 کانفیگ به کانال
2026-09-01 21:30:33,100 - INFO - HTTP Request: POST https://api.telegram.org/bot8316746677:AAF1IzRzODBtCvVWrL6dWtw7F8U3qb4DwXM/sendMessage "HTTP/1.1 200 OK"
2026-09-01 21:30:33,101 - INFO - ✅ پیام 1 از 1 ارسال شد
2026-09-01 21:30:34,102 - INFO - ==================================================
2026-09-01 21:30:34,103 - INFO - 🏁 اجرای ربات با موفقیت به پایان رسید
2026-09-01 22:30:27,604 - INFO - ==================================================
2026-09-01 22:30:27,604 - INFO - 🚀 شروع اجرای ربات
2026-09-01 22:30:27,604 - INFO - 📥 بخش ۱: دریافت ۱۰۰ کانفیگ آخر برای فایل JSON...
2026-09-01 22:30:27,604 - INFO - 📡 دریافت کانفیگ‌ها از https://t.me/s/ConfigsHUB برای فایل JSON
2026-09-01 22:30:28,102 - INFO - ✅ 19 کانفیگ از صفحه دریافت شد
2026-09-01 22:30:28,103 - INFO - 📊 از https://t.me/s/ConfigsHUB: 19 کانفیگ دریافت شد
2026-09-01 22:30:28,104 - INFO - 🔄 بعد از حذف تکراری: 17 کانفیگ برای JSON
2026-09-01 22:30:28,104 - WARNING - ⚠️ تعداد کانفیگ‌ها به 100 رسید (با None پر شد)
2026-09-01 22:30:28,104 - INFO - ✅ دقیقاً 100 کانفیگ در configs.json ذخیره شد
2026-09-01 22:30:28,104 - INFO - ✅ فایل configs.json با 17 کانفیگ واقعی به‌روز شد
2026-09-01 22:30:28,104 - INFO - 📝 نمونه کانفیگ اول: vless://90da514d-8888-4a53-912e-ac2981c8c6ee@188.2...
2026-09-01 22:30:28,104 - INFO - 📤 بخش ۲: دریافت کانفیگ‌های جدید برای ارسال به کانال...
2026-09-01 22:30:28,104 - INFO - 📡 دریافت پست‌ها از https://t.me/s/ConfigsHUB برای ارسال به کانال
2026-09-01 22:30:28,516 - INFO - ✅ 20 پست دریافت شد
2026-09-01 22:30:28,518 - INFO - 💾 وضعیت به‌روز شد: ConfigsHUB/2042318
2026-09-01 22:30:28,518 - INFO - 📊 از https://t.me/s/ConfigsHUB: 19 کانفیگ جدید پیدا شد
2026-09-01 22:30:28,518 - INFO - 📊 تعداد کل کانفیگ‌های جدید: 19
2026-09-01 22:30:28,518 - INFO - 📤 ارسال 10 کانفیگ به کانال
2026-09-01 22:30:29,077 - INFO - HTTP Request: POST https://api.telegram.org/bot8316746677:AAF1IzRzODBtCvVWrL6dWtw7F8U3qb4DwXM/sendMessage "HTTP/1.1 200 OK"
2026-09-01 22:30:29,078 - INFO - ✅ پیام 1 از 1 ارسال شد
2026-09-01 22:30:30,079 - INFO - ==================================================
2026-09-01 22:30:30,079 - INFO - 🏁 اجرای ربات با موفقیت به پایان رسید
2026-09-01 23:09:49,784 - INFO - ==================================================
2026-09-01 23:09:49,784 - INFO - 🚀 شروع اجرای ربات
2026-09-01 23:09:49,784 - INFO - 📥 بخش ۱: دریافت ۱۰۰ کانفیگ آخر برای فایل JSON...
2026-09-01 23:09:49,784 - INFO - 📡 دریافت کانفیگ‌ها از https://t.me/s/ConfigsHUB برای فایل JSON
2026-09-01 23:09:50,412 - INFO - ✅ 18 کانفیگ از صفحه دریافت شد
2026-09-01 23:09:50,412 - INFO - 📊 از https://t.me/s/ConfigsHUB: 18 کانفیگ دریافت شد
2026-09-01 23:09:50,413 - INFO - 🔄 بعد از حذف تکراری: 13 کانفیگ برای JSON
2026-09-01 23:09:50,413 - WARNING - ⚠️ تعداد کانفیگ‌ها به 100 رسید (با None پر شد)
2026-09-01 23:09:50,413 - INFO - ✅ دقیقاً 100 کانفیگ در configs.json ذخیره شد
2026-09-01 23:09:50,413 - INFO - ✅ فایل configs.json با 13 کانفیگ واقعی به‌روز شد
2026-09-01 23:09:50,413 - INFO - 📝 نمونه کانفیگ اول: vless://3eee713b-753c-4a97-ad8d-229da1fb1494@199.2...
2026-09-01 23:09:50,413 - INFO - 📤 بخش ۲: دریافت کانفیگ‌های جدید برای ارسال به کانال...
2026-09-01 23:09:50,413 - INFO - 📡 دریافت پست‌ها از https://t.me/s/ConfigsHUB برای ارسال به کانال
2026-09-01 23:09:50,939 - INFO - ✅ 20 پست دریافت شد
2026-09-01 23:09:50,940 - INFO - 💾 وضعیت به‌روز شد: ConfigsHUB/2042382
2026-09-01 23:09:50,940 - INFO - 📊 از https://t.me/s/ConfigsHUB: 18 کانفیگ جدید پیدا شد
2026-09-01 23:09:50,940 - INFO - 📊 تعداد کل کانفیگ‌های جدید: 18
2026-09-01 23:09:50,941 - INFO - 📤 ارسال 10 کانفیگ به کانال
2026-09-01 23:09:51,512 - INFO - HTTP Request: POST https://api.telegram.org/bot8316746677:AAF1IzRzODBtCvVWrL6dWtw7F8U3qb4DwXM/sendMessage "HTTP/1.1 200 OK"
2026-09-01 23:09:51,513 - INFO - ✅ پیام 1 از 1 ارسال شد
2026-09-01 23:09:52,514 - INFO - ==================================================
2026-09-01 23:09:52,514 - INFO - 🏁 اجرای ربات با موفقیت به پایان رسید
2026-09-01 23:30:28,551 - INFO - ==================================================
2026-09-01 23:30:28,551 - INFO - 🚀 شروع اجرای ربات
2026-09-01 23:30:28,551 - INFO - 📥 بخش ۱: دریافت ۱۰۰ کانفیگ آخر برای فایل JSON...
2026-09-01 23:30:28,551 - INFO - 📡 دریافت کانفیگ‌ها از https://t.me/s/ConfigsHUB برای فایل JSON
2026-09-01 23:30:29,222 - INFO - ✅ 20 کانفیگ از صفحه دریافت شد
2026-09-01 23:30:29,223 - INFO - 📊 از https://t.me/s/ConfigsHUB: 20 کانفیگ دریافت شد
2026-09-01 23:30:29,223 - INFO - 🔄 بعد از حذف تکراری: 20 کانفیگ برای JSON
2026-09-01 23:30:29,223 - WARNING - ⚠️ تعداد کانفیگ‌ها به 100 رسید (با None پر شد)
2026-09-01 23:30:29,223 - INFO - ✅ دقیقاً 100 کانفیگ در configs.json ذخیره شد
2026-09-01 23:30:29,223 - INFO - ✅ فایل configs.json با 20 کانفیگ واقعی به‌روز شد
2026-09-01 23:30:29,223 - INFO - 📝 نمونه کانفیگ اول: vless://e3b324a3-af32-4cdc-bf35-ecc79aeddad7@104.1...
2026-09-01 23:30:29,223 - INFO - 📤 بخش ۲: دریافت کانفیگ‌های جدید برای ارسال به کانال...
2026-09-01 23:30:29,223 - INFO - 📡 دریافت پست‌ها از https://t.me/s/ConfigsHUB برای ارسال به کانال
2026-09-01 23:30:29,719 - INFO - ✅ 20 پست دریافت شد
2026-09-01 23:30:29,720 - INFO - 💾 وضعیت به‌روز شد: ConfigsHUB/2042431
2026-09-01 23:30:29,720 - INFO - 📊 از https://t.me/s/ConfigsHUB: 20 کانفیگ جدید پیدا شد
2026-09-01 23:30:29,720 - INFO - 📊 تعداد کل کانفیگ‌های جدید: 20
2026-09-01 23:30:29,720 - INFO - 📤 ارسال 10 کانفیگ به کانال
2026-09-01 23:30:30,338 - INFO - HTTP Request: POST https://api.telegram.org/bot8316746677:AAF1IzRzODBtCvVWrL6dWtw7F8U3qb4DwXM/sendMessage "HTTP/1.1 200 OK"
2026-09-01 23:30:30,339 - INFO - ✅ پیام 1 از 1 ارسال شد
2026-09-01 23:30:31,341 - INFO - ==================================================
2026-09-01 23:30:31,341 - INFO - 🏁 اجرای ربات با موفقیت به پایان رسید
2026-09-02 00:30:35,694 - INFO - ==================================================
2026-09-02 00:30:35,694 - INFO - 🚀 شروع اجرای ربات
2026-09-02 00:30:35,694 - INFO - 📥 بخش ۱: دریافت ۱۰۰ کانفیگ آخر برای فایل JSON...
2026-09-02 00:30:35,694 - INFO - 📡 دریافت کانفیگ‌ها از https://t.me/s/ConfigsHUB برای فایل JSON
2026-09-02 00:30:36,224 - INFO - ✅ 18 کانفیگ از صفحه دریافت شد
2026-09-02 00:30:36,225 - INFO - 📊 از https://t.me/s/ConfigsHUB: 18 کانفیگ دریافت شد
2026-09-02 00:30:36,225 - INFO - 🔄 بعد از حذف تکراری: 17 کانفیگ برای JSON
2026-09-02 00:30:36,225 - WARNING - ⚠️ تعداد کانفیگ‌ها به 100 رسید (با None پر شد)
2026-09-02 00:30:36,226 - INFO - ✅ دقیقاً 100 کانفیگ در configs.json ذخیره شد
2026-09-02 00:30:36,226 - INFO - ✅ فایل configs.json با 17 کانفیگ واقعی به‌روز شد
2026-09-02 00:30:36,226 - INFO - 📝 نمونه کانفیگ اول: vless://7ab9fe4f-6699-427f-a828-9fcf2496d714@201.2...
2026-09-02 00:30:36,226 - INFO - 📤 بخش ۲: دریافت کانفیگ‌های جدید برای ارسال به کانال...
2026-09-02 00:30:36,226 - INFO - 📡 دریافت پست‌ها از https://t.me/s/ConfigsHUB برای ارسال به کانال
2026-09-02 00:30:36,666 - INFO - ✅ 20 پست دریافت شد
2026-09-02 00:30:36,667 - INFO - 💾 وضعیت به‌روز شد: ConfigsHUB/2042497
2026-09-02 00:30:36,667 - INFO - 📊 از https://t.me/s/ConfigsHUB: 18 کانفیگ جدید پیدا شد
2026-09-02 00:30:36,667 - INFO - 📊 تعداد کل کانفیگ‌های جدید: 18
2026-09-02 00:30:36,667 - INFO - 📤 ارسال 10 کانفیگ به کانال
2026-09-02 00:30:37,245 - INFO - HTTP Request: POST https://api.telegram.org/bot8316746677:AAF1IzRzODBtCvVWrL6dWtw7F8U3qb4DwXM/sendMessage "HTTP/1.1 200 OK"
2026-09-02 00:30:37,246 - INFO - ✅ پیام 1 از 1 ارسال شد
2026-09-02 00:30:38,248 - INFO - ==================================================
2026-09-02 00:30:38,248 - INFO - 🏁 اجرای ربات با موفقیت به پایان رسید
2026-09-02 01:30:26,741 - INFO - ==================================================
2026-09-02 01:30:26,741 - INFO - 🚀 شروع اجرای ربات
2026-09-02 01:30:26,741 - INFO - 📥 بخش ۱: دریافت ۱۰۰ کانفیگ آخر برای فایل JSON...
2026-09-02 01:30:26,741 - INFO - 📡 دریافت کانفیگ‌ها از https://t.me/s/ConfigsHUB برای فایل JSON
2026-09-02 01:30:27,331 - INFO - ✅ 19 کانفیگ از صفحه دریافت شد
2026-09-02 01:30:27,332 - INFO - 📊 از https://t.me/s/ConfigsHUB: 19 کانفیگ دریافت شد
2026-09-02 01:30:27,332 - INFO - 🔄 بعد از حذف تکراری: 17 کانفیگ برای JSON
2026-09-02 01:30:27,332 - WARNING - ⚠️ تعداد کانفیگ‌ها به 100 رسید (با None پر شد)
2026-09-02 01:30:27,333 - INFO - ✅ دقیقاً 100 کانفیگ در configs.json ذخیره شد
2026-09-02 01:30:27,333 - INFO - ✅ فایل configs.json با 17 کانفیگ واقعی به‌روز شد
2026-09-02 01:30:27,333 - INFO - 📝 نمونه کانفیگ اول: vless://2f35965a-9a9b-45fd-ba32-987296dfb6be@89.35...
2026-09-02 01:30:27,333 - INFO - 📤 بخش ۲: دریافت کانفیگ‌های جدید برای ارسال به کانال...
2026-09-02 01:30:27,333 - INFO - 📡 دریافت پست‌ها از https://t.me/s/ConfigsHUB برای ارسال به کانال
2026-09-02 01:30:27,850 - INFO - ✅ 20 پست دریافت شد
2026-09-02 01:30:27,851 - INFO - 💾 وضعیت به‌روز شد: ConfigsHUB/2042588
2026-09-02 01:30:27,851 - INFO - 📊 از https://t.me/s/ConfigsHUB: 19 کانفیگ جدید پیدا شد
2026-09-02 01:30:27,851 - INFO - 📊 تعداد کل کانفیگ‌های جدید: 19
2026-09-02 01:30:27,851 - INFO - 📤 ارسال 10 کانفیگ به کانال
2026-09-02 01:30:28,494 - INFO - HTTP Request: POST https://api.telegram.org/bot8316746677:AAF1IzRzODBtCvVWrL6dWtw7F8U3qb4DwXM/sendMessage "HTTP/1.1 200 OK"
2026-09-02 01:30:28,495 - INFO - ✅ پیام 1 از 1 ارسال شد
2026-09-02 01:30:29,497 - INFO - ==================================================
2026-09-02 01:30:29,497 - INFO - 🏁 اجرای ربات با موفقیت به پایان رسید
2026-09-02 02:30:32,081 - INFO - ==================================================
2026-09-02 02:30:32,081 - INFO - 🚀 شروع اجرای ربات
2026-09-02 02:30:32,081 - INFO - 📥 بخش ۱: دریافت ۱۰۰ کانفیگ آخر برای فایل JSON...
2026-09-02 02:30:32,081 - INFO - 📡 دریافت کانفیگ‌ها از https://t.me/s/ConfigsHUB برای فایل JSON
2026-09-02 02:30:32,672 - INFO - ✅ 19 کانفیگ از صفحه دریافت شد
2026-09-02 02:30:32,673 - INFO - 📊 از https://t.me/s/ConfigsHUB: 19 کانفیگ دریافت شد
2026-09-02 02:30:32,673 - INFO - 🔄 بعد از حذف تکراری: 19 کانفیگ برای JSON
2026-09-02 02:30:32,673 - WARNING - ⚠️ تعداد کانفیگ‌ها به 100 رسید (با None پر شد)
2026-09-02 02:30:32,673 - INFO - ✅ دقیقاً 100 کانفیگ در configs.json ذخیره شد
2026-09-02 02:30:32,673 - INFO - ✅ فایل configs.json با 19 کانفیگ واقعی به‌روز شد
2026-09-02 02:30:32,673 - INFO - 📝 نمونه کانفیگ اول: vless://d9eb0df3-3190-4447-86b6-656fe5ff1119@172.6...
2026-09-02 02:30:32,673 - INFO - 📤 بخش ۲: دریافت کانفیگ‌های جدید برای ارسال به کانال...
2026-09-02 02:30:32,673 - INFO - 📡 دریافت پست‌ها از https://t.me/s/ConfigsHUB برای ارسال به کانال
2026-09-02 02:30:33,189 - INFO - ✅ 20 پست دریافت شد
2026-09-02 02:30:33,191 - INFO - 💾 وضعیت به‌روز شد: ConfigsHUB/2042635
2026-09-02 02:30:33,191 - INFO - 📊 از https://t.me/s/ConfigsHUB: 19 کانفیگ جدید پیدا شد
2026-09-02 02:30:33,191 - INFO - 📊 تعداد کل کانفیگ‌های جدید: 19
2026-09-02 02:30:33,191 - INFO - 📤 ارسال 10 کانفیگ به کانال
2026-09-02 02:30:33,869 - INFO - HTTP Request: POST https://api.telegram.org/bot8316746677:AAF1IzRzODBtCvVWrL6dWtw7F8U3qb4DwXM/sendMessage "HTTP/1.1 200 OK"
2026-09-02 02:30:33,870 - INFO - ✅ پیام 1 از 1 ارسال شد
2026-09-02 02:30:34,871 - INFO - ==================================================
2026-09-02 02:30:34,871 - INFO - 🏁 اجرای ربات با موفقیت به پایان رسید
2026-09-02 03:30:29,339 - INFO - ==================================================
2026-09-02 03:30:29,339 - INFO - 🚀 شروع اجرای ربات
2026-09-02 03:30:29,339 - INFO - 📥 بخش ۱: دریافت ۱۰۰ کانفیگ آخر برای فایل JSON...
2026-09-02 03:30:29,339 - INFO - 📡 دریافت کانفیگ‌ها از https://t.me/s/ConfigsHUB برای فایل JSON
2026-09-02 03:30:29,948 - INFO - ✅ 12 کانفیگ از صفحه دریافت شد
2026-09-02 03:30:29,949 - INFO - 📊 از https://t.me/s/ConfigsHUB: 12 کانفیگ دریافت شد
2026-09-02 03:30:29,949 - INFO - 🔄 بعد از حذف تکراری: 12 کانفیگ برای JSON
2026-09-02 03:30:29,949 - WARNING - ⚠️ تعداد کانفیگ‌ها به 100 رسید (با None پر شد)
2026-09-02 03:30:29,949 - INFO - ✅ دقیقاً 100 کانفیگ در configs.json ذخیره شد
2026-09-02 03:30:29,949 - INFO - ✅ فایل configs.json با 12 کانفیگ واقعی به‌روز شد
2026-09-02 03:30:29,949 - INFO - 📝 نمونه کانفیگ اول: vless://2f35965a-9a9b-45fd-ba32-987296dfb6be@bg1.u...
2026-09-02 03:30:29,949 - INFO - 📤 بخش ۲: دریافت کانفیگ‌های جدید برای ارسال به کانال...
2026-09-02 03:30:29,949 - INFO - 📡 دریافت پست‌ها از https://t.me/s/ConfigsHUB برای ارسال به کانال
2026-09-02 03:30:30,428 - INFO - ✅ 20 پست دریافت شد
2026-09-02 03:30:30,429 - INFO - 💾 وضعیت به‌روز شد: ConfigsHUB/2042693
2026-09-02 03:30:30,429 - INFO - 📊 از https://t.me/s/ConfigsHUB: 12 کانفیگ جدید پیدا شد
2026-09-02 03:30:30,429 - INFO - 📊 تعداد کل کانفیگ‌های جدید: 12
2026-09-02 03:30:30,429 - INFO - 📤 ارسال 10 کانفیگ به کانال
2026-09-02 03:30:30,994 - INFO - HTTP Request: POST https://api.telegram.org/bot8316746677:AAF1IzRzODBtCvVWrL6dWtw7F8U3qb4DwXM/sendMessage "HTTP/1.1 200 OK"
2026-09-02 03:30:30,995 - INFO - ✅ پیام 1 از 1 ارسال شد
2026-09-02 03:30:31,996 - INFO - ==================================================
2026-09-02 03:30:31,996 - INFO - 🏁 اجرای ربات با موفقیت به پایان رسید
2026-09-02 03:48:22,074 - INFO - ==================================================
2026-09-02 03:48:22,074 - INFO - 🚀 شروع اجرای ربات
2026-09-02 03:48:22,074 - INFO - 📥 بخش ۱: دریافت ۱۰۰ کانفیگ آخر برای فایل JSON...
2026-09-02 03:48:22,074 - INFO - 📡 دریافت کانفیگ‌ها از https://t.me/s/ConfigsHUB برای فایل JSON
2026-09-02 03:48:22,541 - INFO - ✅ 1 کانفیگ از صفحه دریافت شد
2026-09-02 03:48:22,542 - INFO - 📊 از https://t.me/s/ConfigsHUB: 1 کانفیگ دریافت شد
2026-09-02 03:48:22,542 - INFO - 🔄 بعد از حذف تکراری: 1 کانفیگ برای JSON
2026-09-02 03:48:22,542 - WARNING - ⚠️ تعداد کانفیگ‌ها به 100 رسید (با None پر شد)
2026-09-02 03:48:22,542 - INFO - ✅ دقیقاً 100 کانفیگ در configs.json ذخیره شد
2026-09-02 03:48:22,543 - INFO - ✅ فایل configs.json با 1 کانفیگ واقعی به‌روز شد
2026-09-02 03:48:22,543 - INFO - 📝 نمونه کانفیگ اول: vless://d31aefb3-775b-4e87-a093-a4677addf10a@144.3...
2026-09-02 03:48:22,543 - INFO - 📤 بخش ۲: دریافت کانفیگ‌های جدید برای ارسال به کانال...
2026-09-02 03:48:22,543 - INFO - 📡 دریافت پست‌ها از https://t.me/s/ConfigsHUB برای ارسال به کانال
2026-09-02 03:48:22,927 - INFO - ✅ 20 پست دریافت شد
2026-09-02 03:48:22,929 - INFO - 💾 وضعیت به‌روز شد: ConfigsHUB/2042723
2026-09-02 03:48:22,929 - INFO - 📊 از https://t.me/s/ConfigsHUB: 1 کانفیگ جدید پیدا شد
2026-09-02 03:48:22,929 - INFO - 📊 تعداد کل کانفیگ‌های جدید: 1
2026-09-02 03:48:22,929 - INFO - 📤 ارسال 1 کانفیگ به کانال
2026-09-02 03:48:23,353 - INFO - HTTP Request: POST https://api.telegram.org/bot8316746677:AAF1IzRzODBtCvVWrL6dWtw7F8U3qb4DwXM/sendMessage "HTTP/1.1 200 OK"
2026-09-02 03:48:23,354 - INFO - ✅ پیام 1 از 1 ارسال شد
2026-09-02 03:48:24,355 - INFO - ==================================================
2026-09-02 03:48:24,356 - INFO - 🏁 اجرای ربات با موفقیت به پایان رسید
2026-09-02 04:30:30,721 - INFO - ==================================================
2026-09-02 04:30:30,721 - INFO - 🚀 شروع اجرای ربات
2026-09-02 04:30:30,722 - INFO - 📥 بخش ۱: دریافت ۱۰۰ کانفیگ آخر برای فایل JSON...
2026-09-02 04:30:30,722 - INFO - 📡 دریافت کانفیگ‌ها از https://t.me/s/ConfigsHUB برای فایل JSON
2026-09-02 04:30:31,175 - INFO - ✅ 19 کانفیگ از صفحه دریافت شد
2026-09-02 04:30:31,175 - INFO - 📊 از https://t.me/s/ConfigsHUB: 19 کانفیگ دریافت شد
2026-09-02 04:30:31,176 - INFO - 🔄 بعد از حذف تکراری: 19 کانفیگ برای JSON
2026-09-02 04:30:31,176 - WARNING - ⚠️ تعداد کانفیگ‌ها به 100 رسید (با None پر شد)
2026-09-02 04:30:31,176 - INFO - ✅ دقیقاً 100 کانفیگ در configs.json ذخیره شد
2026-09-02 04:30:31,176 - INFO - ✅ فایل configs.json با 19 کانفیگ واقعی به‌روز شد
2026-09-02 04:30:31,176 - INFO - 📝 نمونه کانفیگ اول: vless://26d898f0-ab45-4187-8aa7-6fce25b4a405@imgsc...
2026-09-02 04:30:31,176 - INFO - 📤 بخش ۲: دریافت کانفیگ‌های جدید برای ارسال به کانال...
2026-09-02 04:30:31,176 - INFO - 📡 دریافت پست‌ها از https://t.me/s/ConfigsHUB برای ارسال به کانال
2026-09-02 04:30:31,628 - INFO - ✅ 20 پست دریافت شد
2026-09-02 04:30:31,629 - INFO - 💾 وضعیت به‌روز شد: ConfigsHUB/2042751
2026-09-02 04:30:31,629 - INFO - 📊 از https://t.me/s/ConfigsHUB: 19 کانفیگ جدید پیدا شد
2026-09-02 04:30:31,629 - INFO - 📊 تعداد کل کانفیگ‌های جدید: 19
2026-09-02 04:30:31,629 - INFO - 📤 ارسال 10 کانفیگ به کانال
2026-09-02 04:30:32,216 - INFO - HTTP Request: POST https://api.telegram.org/bot8316746677:AAF1IzRzODBtCvVWrL6dWtw7F8U3qb4DwXM/sendMessage "HTTP/1.1 200 OK"
2026-09-02 04:30:32,216 - INFO - ✅ پیام 1 از 1 ارسال شد
2026-09-02 04:30:33,217 - INFO - ==================================================
2026-09-02 04:30:33,218 - INFO - 🏁 اجرای ربات با موفقیت به پایان رسید
2026-09-02 05:30:28,847 - INFO - ==================================================
2026-09-02 05:30:28,847 - INFO - 🚀 شروع اجرای ربات
2026-09-02 05:30:28,847 - INFO - 📥 بخش ۱: دریافت ۱۰۰ کانفیگ آخر برای فایل JSON...
2026-09-02 05:30:28,847 - INFO - 📡 دریافت کانفیگ‌ها از https://t.me/s/ConfigsHUB برای فایل JSON
2026-09-02 05:30:29,460 - INFO - ✅ 13 کانفیگ از صفحه دریافت شد
2026-09-02 05:30:29,461 - INFO - 📊 از https://t.me/s/ConfigsHUB: 13 کانفیگ دریافت شد
2026-09-02 05:30:29,461 - INFO - 🔄 بعد از حذف تکراری: 13 کانفیگ برای JSON
2026-09-02 05:30:29,461 - WARNING - ⚠️ تعداد کانفیگ‌ها به 100 رسید (با None پر شد)
2026-09-02 05:30:29,462 - INFO - ✅ دقیقاً 100 کانفیگ در configs.json ذخیره شد
2026-09-02 05:30:29,462 - INFO - ✅ فایل configs.json با 13 کانفیگ واقعی به‌روز شد
2026-09-02 05:30:29,462 - INFO - 📝 نمونه کانفیگ اول: vless://0dea82cd-a030-4c11-bccd-f3c0be845297@201.2...
2026-09-02 05:30:29,462 - INFO - 📤 بخش ۲: دریافت کانفیگ‌های جدید برای ارسال به کانال...
2026-09-02 05:30:29,462 - INFO - 📡 دریافت پست‌ها از https://t.me/s/ConfigsHUB برای ارسال به کانال
2026-09-02 05:30:29,989 - INFO - ✅ 20 پست دریافت شد
2026-09-02 05:30:29,990 - INFO - 💾 وضعیت به‌روز شد: ConfigsHUB/2042835
2026-09-02 05:30:29,990 - INFO - 📊 از https://t.me/s/ConfigsHUB: 13 کانفیگ جدید پیدا شد
2026-09-02 05:30:29,990 - INFO - 📊 تعداد کل کانفیگ‌های جدید: 13
2026-09-02 05:30:29,990 - INFO - 📤 ارسال 10 کانفیگ به کانال
2026-09-02 05:30:30,610 - INFO - HTTP Request: POST https://api.telegram.org/bot8316746677:AAF1IzRzODBtCvVWrL6dWtw7F8U3qb4DwXM/sendMessage "HTTP/1.1 200 OK"
2026-09-02 05:30:30,610 - INFO - ✅ پیام 1 از 1 ارسال شد
2026-09-02 05:30:31,612 - INFO - ==================================================
2026-09-02 05:30:31,612 - INFO - 🏁 اجرای ربات با موفقیت به پایان رسید
2026-09-02 06:30:31,271 - INFO - ==================================================
2026-09-02 06:30:31,271 - INFO - 🚀 شروع اجرای ربات
2026-09-02 06:30:31,271 - INFO - 📥 بخش ۱: دریافت ۱۰۰ کانفیگ آخر برای فایل JSON...
2026-09-02 06:30:31,272 - INFO - 📡 دریافت کانفیگ‌ها از https://t.me/s/ConfigsHUB برای فایل JSON
2026-09-02 06:30:31,913 - INFO - ✅ 20 کانفیگ از صفحه دریافت شد
2026-09-02 06:30:31,913 - INFO - 📊 از https://t.me/s/ConfigsHUB: 20 کانفیگ دریافت شد
2026-09-02 06:30:31,914 - INFO - 🔄 بعد از حذف تکراری: 19 کانفیگ برای JSON
2026-09-02 06:30:31,914 - WARNING - ⚠️ تعداد کانفیگ‌ها به 100 رسید (با None پر شد)
2026-09-02 06:30:31,914 - INFO - ✅ دقیقاً 100 کانفیگ در configs.json ذخیره شد
2026-09-02 06:30:31,914 - INFO - ✅ فایل configs.json با 19 کانفیگ واقعی به‌روز شد
2026-09-02 06:30:31,914 - INFO - 📝 نمونه کانفیگ اول: vless://6379673b-197f-4944-ba81-a45c66aefe9c@31.77...
2026-09-02 06:30:31,914 - INFO - 📤 بخش ۲: دریافت کانفیگ‌های جدید برای ارسال به کانال...
2026-09-02 06:30:31,914 - INFO - 📡 دریافت پست‌ها از https://t.me/s/ConfigsHUB برای ارسال به کانال
2026-09-02 06:30:32,446 - INFO - ✅ 20 پست دریافت شد
2026-09-02 06:30:32,447 - INFO - 💾 وضعیت به‌روز شد: ConfigsHUB/2042987
2026-09-02 06:30:32,447 - INFO - 📊 از https://t.me/s/ConfigsHUB: 20 کانفیگ جدید پیدا شد
2026-09-02 06:30:32,447 - INFO - 📊 تعداد کل کانفیگ‌های جدید: 20
2026-09-02 06:30:32,447 - INFO - 📤 ارسال 10 کانفیگ به کانال
2026-09-02 06:30:33,123 - INFO - HTTP Request: POST https://api.telegram.org/bot8316746677:AAF1IzRzODBtCvVWrL6dWtw7F8U3qb4DwXM/sendMessage "HTTP/1.1 200 OK"
2026-09-02 06:30:33,124 - INFO - ✅ پیام 1 از 1 ارسال شد
2026-09-02 06:30:34,126 - INFO - ==================================================
2026-09-02 06:30:34,126 - INFO - 🏁 اجرای ربات با موفقیت به پایان رسید
2026-09-02 07:30:29,239 - INFO - ==================================================
2026-09-02 07:30:29,239 - INFO - 🚀 شروع اجرای ربات
2026-09-02 07:30:29,239 - INFO - 📥 بخش ۱: دریافت ۱۰۰ کانفیگ آخر برای فایل JSON...
2026-09-02 07:30:29,239 - INFO - 📡 دریافت کانفیگ‌ها از https://t.me/s/ConfigsHUB برای فایل JSON
2026-09-02 07:30:29,904 - INFO - ✅ 12 کانفیگ از صفحه دریافت شد
2026-09-02 07:30:29,905 - INFO - 📊 از https://t.me/s/ConfigsHUB: 12 کانفیگ دریافت شد
2026-09-02 07:30:29,905 - INFO - 🔄 بعد از حذف تکراری: 9 کانفیگ برای JSON
2026-09-02 07:30:29,905 - WARNING - ⚠️ تعداد کانفیگ‌ها به 100 رسید (با None پر شد)
2026-09-02 07:30:29,905 - INFO - ✅ دقیقاً 100 کانفیگ در configs.json ذخیره شد
2026-09-02 07:30:29,905 - INFO - ✅ فایل configs.json با 9 کانفیگ واقعی به‌روز شد
2026-09-02 07:30:29,906 - INFO - 📝 نمونه کانفیگ اول: vless://47fcef29-ab4e-4aa6-932b-d95a18f28a4e@104.1...
2026-09-02 07:30:29,906 - INFO - 📤 بخش ۲: دریافت کانفیگ‌های جدید برای ارسال به کانال...
2026-09-02 07:30:29,906 - INFO - 📡 دریافت پست‌ها از https://t.me/s/ConfigsHUB برای ارسال به کانال
2026-09-02 07:30:30,480 - INFO - ✅ 20 پست دریافت شد
2026-09-02 07:30:30,481 - INFO - 💾 وضعیت به‌روز شد: ConfigsHUB/2043147
2026-09-02 07:30:30,481 - INFO - 📊 از https://t.me/s/ConfigsHUB: 12 کانفیگ جدید پیدا شد
2026-09-02 07:30:30,481 - INFO - 📊 تعداد کل کانفیگ‌های جدید: 12
2026-09-02 07:30:30,481 - INFO - 📤 ارسال 9 کانفیگ به کانال
2026-09-02 07:30:31,127 - INFO - HTTP Request: POST https://api.telegram.org/bot8316746677:AAF1IzRzODBtCvVWrL6dWtw7F8U3qb4DwXM/sendMessage "HTTP/1.1 200 OK"
2026-09-02 07:30:31,128 - INFO - ✅ پیام 1 از 1 ارسال شد
2026-09-02 07:30:32,130 - INFO - ==================================================
2026-09-02 07:30:32,130 - INFO - 🏁 اجرای ربات با موفقیت به پایان رسید
2026-09-02 08:30:30,242 - INFO - ==================================================
2026-09-02 08:30:30,242 - INFO - 🚀 شروع اجرای ربات
2026-09-02 08:30:30,242 - INFO - 📥 بخش ۱: دریافت ۱۰۰ کانفیگ آخر برای فایل JSON...
2026-09-02 08:30:30,242 - INFO - 📡 دریافت کانفیگ‌ها از https://t.me/s/ConfigsHUB برای فایل JSON
2026-09-02 08:30:30,711 - INFO - ✅ 20 کانفیگ از صفحه دریافت شد
2026-09-02 08:30:30,712 - INFO - 📊 از https://t.me/s/ConfigsHUB: 20 کانفیگ دریافت شد
2026-09-02 08:30:30,713 - INFO - 🔄 بعد از حذف تکراری: 20 کانفیگ برای JSON
2026-09-02 08:30:30,713 - WARNING - ⚠️ تعداد کانفیگ‌ها به 100 رسید (با None پر شد)
2026-09-02 08:30:30,713 - INFO - ✅ دقیقاً 100 کانفیگ در configs.json ذخیره شد
2026-09-02 08:30:30,713 - INFO - ✅ فایل configs.json با 20 کانفیگ واقعی به‌روز شد
2026-09-02 08:30:30,713 - INFO - 📝 نمونه کانفیگ اول: vless://fee1da7e-a258-4456-8e5e-8ecf6518ed12@104.2...
2026-09-02 08:30:30,713 - INFO - 📤 بخش ۲: دریافت کانفیگ‌های جدید برای ارسال به کانال...
2026-09-02 08:30:30,714 - INFO - 📡 دریافت پست‌ها از https://t.me/s/ConfigsHUB برای ارسال به کانال
2026-09-02 08:30:31,112 - INFO - ✅ 20 پست دریافت شد
2026-09-02 08:30:31,113 - INFO - 💾 وضعیت به‌روز شد: ConfigsHUB/2043368
2026-09-02 08:30:31,113 - INFO - 📊 از https://t.me/s/ConfigsHUB: 20 کانفیگ جدید پیدا شد
2026-09-02 08:30:31,114 - INFO - 📊 تعداد کل کانفیگ‌های جدید: 20
2026-09-02 08:30:31,114 - INFO - 📤 ارسال 10 کانفیگ به کانال
2026-09-02 08:30:31,572 - INFO - HTTP Request: POST https://api.telegram.org/bot8316746677:AAF1IzRzODBtCvVWrL6dWtw7F8U3qb4DwXM/sendMessage "HTTP/1.1 200 OK"
2026-09-02 08:30:31,573 - INFO - ✅ پیام 1 از 1 ارسال شد
2026-09-02 08:30:32,575 - INFO - ==================================================
2026-09-02 08:30:32,575 - INFO - 🏁 اجرای ربات با موفقیت به پایان رسید
2026-09-02 08:37:31,776 - INFO - ==================================================
2026-09-02 08:37:31,776 - INFO - 🚀 شروع اجرای ربات
2026-09-02 08:37:31,776 - INFO - 📥 بخش ۱: دریافت ۱۰۰ کانفیگ آخر برای فایل JSON...
2026-09-02 08:37:31,776 - INFO - 📡 دریافت کانفیگ‌ها از https://t.me/s/ConfigsHUB برای فایل JSON
2026-09-02 08:37:32,373 - INFO - ✅ 5 کانفیگ از صفحه دریافت شد
2026-09-02 08:37:32,374 - INFO - 📊 از https://t.me/s/ConfigsHUB: 5 کانفیگ دریافت شد
2026-09-02 08:37:32,374 - INFO - 🔄 بعد از حذف تکراری: 4 کانفیگ برای JSON
2026-09-02 08:37:32,374 - WARNING - ⚠️ تعداد کانفیگ‌ها به 100 رسید (با None پر شد)
2026-09-02 08:37:32,375 - INFO - ✅ دقیقاً 100 کانفیگ در configs.json ذخیره شد
2026-09-02 08:37:32,375 - INFO - ✅ فایل configs.json با 4 کانفیگ واقعی به‌روز شد
2026-09-02 08:37:32,375 - INFO - 📝 نمونه کانفیگ اول: vless://9dbf996e-0b27-47f5-8051-d06529bce47b@602.a...
2026-09-02 08:37:32,375 - INFO - 📤 بخش ۲: دریافت کانفیگ‌های جدید برای ارسال به کانال...
2026-09-02 08:37:32,375 - INFO - 📡 دریافت پست‌ها از https://t.me/s/ConfigsHUB برای ارسال به کانال
2026-09-02 08:37:32,861 - INFO - ✅ 20 پست دریافت شد
2026-09-02 08:37:32,862 - INFO - 💾 وضعیت به‌روز شد: ConfigsHUB/2043403
2026-09-02 08:37:32,862 - INFO - 📊 از https://t.me/s/ConfigsHUB: 5 کانفیگ جدید پیدا شد
2026-09-02 08:37:32,863 - INFO - 📊 تعداد کل کانفیگ‌های جدید: 5
2026-09-02 08:37:32,863 - INFO - 📤 ارسال 4 کانفیگ به کانال
2026-09-02 08:37:33,446 - INFO - HTTP Request: POST https://api.telegram.org/bot8316746677:AAF1IzRzODBtCvVWrL6dWtw7F8U3qb4DwXM/sendMessage "HTTP/1.1 200 OK"
2026-09-02 08:37:33,447 - INFO - ✅ پیام 1 از 1 ارسال شد
2026-09-02 08:37:34,449 - INFO - ==================================================
2026-09-02 08:37:34,449 - INFO - 🏁 اجرای ربات با موفقیت به پایان رسید
2026-09-02 09:30:27,857 - INFO - ==================================================
2026-09-02 09:30:27,857 - INFO - 🚀 شروع اجرای ربات
2026-09-02 09:30:27,857 - INFO - 📥 بخش ۱: دریافت ۱۰۰ کانفیگ آخر برای فایل JSON...
2026-09-02 09:30:27,857 - INFO - 📡 دریافت کانفیگ‌ها از https://t.me/s/ConfigsHUB برای فایل JSON
2026-09-02 09:30:28,486 - INFO - ✅ 18 کانفیگ از صفحه دریافت شد
2026-09-02 09:30:28,487 - INFO - 📊 از https://t.me/s/ConfigsHUB: 18 کانفیگ دریافت شد
2026-09-02 09:30:28,487 - INFO - 🔄 بعد از حذف تکراری: 18 کانفیگ برای JSON
2026-09-02 09:30:28,487 - WARNING - ⚠️ تعداد کانفیگ‌ها به 100 رسید (با None پر شد)
2026-09-02 09:30:28,487 - INFO - ✅ دقیقاً 100 کانفیگ در configs.json ذخیره شد
2026-09-02 09:30:28,487 - INFO - ✅ فایل configs.json با 18 کانفیگ واقعی به‌روز شد
2026-09-02 09:30:28,487 - INFO - 📝 نمونه کانفیگ اول: vless://419f25c1-bc35-412e-93fb-258efee859b5@162.3...
2026-09-02 09:30:28,487 - INFO - 📤 بخش ۲: دریافت کانفیگ‌های جدید برای ارسال به کانال...
2026-09-02 09:30:28,487 - INFO - 📡 دریافت پست‌ها از https://t.me/s/ConfigsHUB برای ارسال به کانال
2026-09-02 09:30:29,016 - INFO - ✅ 20 پست دریافت شد
2026-09-02 09:30:29,017 - INFO - 💾 وضعیت به‌روز شد: ConfigsHUB/2043583
2026-09-02 09:30:29,017 - INFO - 📊 از https://t.me/s/ConfigsHUB: 18 کانفیگ جدید پیدا شد
2026-09-02 09:30:29,017 - INFO - 📊 تعداد کل کانفیگ‌های جدید: 18
2026-09-02 09:30:29,018 - INFO - 📤 ارسال 10 کانفیگ به کانال
2026-09-02 09:30:29,570 - INFO - HTTP Request: POST https://api.telegram.org/bot8316746677:AAF1IzRzODBtCvVWrL6dWtw7F8U3qb4DwXM/sendMessage "HTTP/1.1 200 OK"
2026-09-02 09:30:29,571 - INFO - ✅ پیام 1 از 1 ارسال شد
2026-09-02 09:30:30,573 - INFO - ==================================================
2026-09-02 09:30:30,573 - INFO - 🏁 اجرای ربات با موفقیت به پایان رسید
2026-09-02 10:30:29,912 - INFO - ==================================================
2026-09-02 10:30:29,912 - INFO - 🚀 شروع اجرای ربات
2026-09-02 10:30:29,912 - INFO - 📥 بخش ۱: دریافت ۱۰۰ کانفیگ آخر برای فایل JSON...
2026-09-02 10:30:29,912 - INFO - 📡 دریافت کانفیگ‌ها از https://t.me/s/ConfigsHUB برای فایل JSON
2026-09-02 10:30:30,532 - INFO - ✅ 18 کانفیگ از صفحه دریافت شد
2026-09-02 10:30:30,533 - INFO - 📊 از https://t.me/s/ConfigsHUB: 18 کانفیگ دریافت شد
2026-09-02 10:30:30,533 - INFO - 🔄 بعد از حذف تکراری: 18 کانفیگ برای JSON
2026-09-02 10:30:30,533 - WARNING - ⚠️ تعداد کانفیگ‌ها به 100 رسید (با None پر شد)
2026-09-02 10:30:30,534 - INFO - ✅ دقیقاً 100 کانفیگ در configs.json ذخیره شد
2026-09-02 10:30:30,534 - INFO - ✅ فایل configs.json با 18 کانفیگ واقعی به‌روز شد
2026-09-02 10:30:30,534 - INFO - 📝 نمونه کانفیگ اول: vless://2db3c7fd-e34a-4f5e-9e63-2aa55f6f9f99@23.19...
2026-09-02 10:30:30,534 - INFO - 📤 بخش ۲: دریافت کانفیگ‌های جدید برای ارسال به کانال...
2026-09-02 10:30:30,534 - INFO - 📡 دریافت پست‌ها از https://t.me/s/ConfigsHUB برای ارسال به کانال
2026-09-02 10:30:31,029 - INFO - ✅ 20 پست دریافت شد
2026-09-02 10:30:31,030 - INFO - 💾 وضعیت به‌روز شد: ConfigsHUB/2043843
2026-09-02 10:30:31,030 - INFO - 📊 از https://t.me/s/ConfigsHUB: 18 کانفیگ جدید پیدا شد
2026-09-02 10:30:31,030 - INFO - 📊 تعداد کل کانفیگ‌های جدید: 18
2026-09-02 10:30:31,030 - INFO - 📤 ارسال 10 کانفیگ به کانال
2026-09-02 10:30:31,640 - INFO - HTTP Request: POST https://api.telegram.org/bot8316746677:AAF1IzRzODBtCvVWrL6dWtw7F8U3qb4DwXM/sendMessage "HTTP/1.1 200 OK"
2026-09-02 10:30:31,641 - INFO - ✅ پیام 1 از 1 ارسال شد
2026-09-02 10:30:32,643 - INFO - ==================================================
2026-09-02 10:30:32,643 - INFO - 🏁 اجرای ربات با موفقیت به پایان رسید
2026-09-02 11:30:26,883 - INFO - ==================================================
2026-09-02 11:30:26,883 - INFO - 🚀 شروع اجرای ربات
2026-09-02 11:30:26,883 - INFO - 📥 بخش ۱: دریافت ۱۰۰ کانفیگ آخر برای فایل JSON...
2026-09-02 11:30:26,883 - INFO - 📡 دریافت کانفیگ‌ها از https://t.me/s/ConfigsHUB برای فایل JSON
2026-09-02 11:30:27,322 - INFO - ✅ 19 کانفیگ از صفحه دریافت شد
2026-09-02 11:30:27,323 - INFO - 📊 از https://t.me/s/ConfigsHUB: 19 کانفیگ دریافت شد
2026-09-02 11:30:27,323 - INFO - 🔄 بعد از حذف تکراری: 18 کانفیگ برای JSON
2026-09-02 11:30:27,323 - WARNING - ⚠️ تعداد کانفیگ‌ها به 100 رسید (با None پر شد)
2026-09-02 11:30:27,324 - INFO - ✅ دقیقاً 100 کانفیگ در configs.json ذخیره شد
2026-09-02 11:30:27,324 - INFO - ✅ فایل configs.json با 18 کانفیگ واقعی به‌روز شد
2026-09-02 11:30:27,324 - INFO - 📝 نمونه کانفیگ اول: vless://202a2525-11dc-487a-a22c-95e95774ccf7@199.2...
2026-09-02 11:30:27,324 - INFO - 📤 بخش ۲: دریافت کانفیگ‌های جدید برای ارسال به کانال...
2026-09-02 11:30:27,324 - INFO - 📡 دریافت پست‌ها از https://t.me/s/ConfigsHUB برای ارسال به کانال
2026-09-02 11:30:27,715 - INFO - ✅ 20 پست دریافت شد
2026-09-02 11:30:27,716 - INFO - 💾 وضعیت به‌روز شد: ConfigsHUB/2044046
2026-09-02 11:30:27,717 - INFO - 📊 از https://t.me/s/ConfigsHUB: 19 کانفیگ جدید پیدا شد
2026-09-02 11:30:27,717 - INFO - 📊 تعداد کل کانفیگ‌های جدید: 19
2026-09-02 11:30:27,717 - INFO - 📤 ارسال 10 کانفیگ به کانال
2026-09-02 11:30:28,271 - INFO - HTTP Request: POST https://api.telegram.org/bot8316746677:AAF1IzRzODBtCvVWrL6dWtw7F8U3qb4DwXM/sendMessage "HTTP/1.1 200 OK"
2026-09-02 11:30:28,272 - INFO - ✅ پیام 1 از 1 ارسال شد
2026-09-02 11:30:29,273 - INFO - ==================================================
2026-09-02 11:30:29,274 - INFO - 🏁 اجرای ربات با موفقیت به پایان رسید
2026-09-02 12:30:30,522 - INFO - ==================================================
2026-09-02 12:30:30,523 - INFO - 🚀 شروع اجرای ربات
2026-09-02 12:30:30,523 - INFO - 📥 بخش ۱: دریافت ۱۰۰ کانفیگ آخر برای فایل JSON...
2026-09-02 12:30:30,523 - INFO - 📡 دریافت کانفیگ‌ها از https://t.me/s/ConfigsHUB برای فایل JSON
2026-09-02 12:30:31,187 - INFO - ✅ 13 کانفیگ از صفحه دریافت شد
2026-09-02 12:30:31,188 - INFO - 📊 از https://t.me/s/ConfigsHUB: 13 کانفیگ دریافت شد
2026-09-02 12:30:31,188 - INFO - 🔄 بعد از حذف تکراری: 13 کانفیگ برای JSON
2026-09-02 12:30:31,188 - WARNING - ⚠️ تعداد کانفیگ‌ها به 100 رسید (با None پر شد)
2026-09-02 12:30:31,188 - INFO - ✅ دقیقاً 100 کانفیگ در configs.json ذخیره شد
2026-09-02 12:30:31,189 - INFO - ✅ فایل configs.json با 13 کانفیگ واقعی به‌روز شد
2026-09-02 12:30:31,189 - INFO - 📝 نمونه کانفیگ اول: vless://202a2525-11dc-487a-a22c-95e95774ccf7@199.2...
2026-09-02 12:30:31,189 - INFO - 📤 بخش ۲: دریافت کانفیگ‌های جدید برای ارسال به کانال...
2026-09-02 12:30:31,189 - INFO - 📡 دریافت پست‌ها از https://t.me/s/ConfigsHUB برای ارسال به کانال
2026-09-02 12:30:31,788 - INFO - ✅ 20 پست دریافت شد
2026-09-02 12:30:31,790 - INFO - 💾 وضعیت به‌روز شد: ConfigsHUB/2044312
2026-09-02 12:30:31,790 - INFO - 📊 از https://t.me/s/ConfigsHUB: 13 کانفیگ جدید پیدا شد
2026-09-02 12:30:31,790 - INFO - 📊 تعداد کل کانفیگ‌های جدید: 13
2026-09-02 12:30:31,790 - INFO - 📤 ارسال 10 کانفیگ به کانال
2026-09-02 12:30:32,452 - INFO - HTTP Request: POST https://api.telegram.org/bot8316746677:AAF1IzRzODBtCvVWrL6dWtw7F8U3qb4DwXM/sendMessage "HTTP/1.1 200 OK"
2026-09-02 12:30:32,453 - INFO - ✅ پیام 1 از 2 ارسال شد
2026-09-02 12:30:33,726 - INFO - HTTP Request: POST https://api.telegram.org/bot8316746677:AAF1IzRzODBtCvVWrL6dWtw7F8U3qb4DwXM/sendMessage "HTTP/1.1 200 OK"
2026-09-02 12:30:33,727 - INFO - ✅ پیام 2 از 2 ارسال شد
2026-09-02 12:30:34,729 - INFO - ==================================================
2026-09-02 12:30:34,729 - INFO - 🏁 اجرای ربات با موفقیت به پایان رسید
2026-09-02 13:26:32,635 - INFO - ==================================================
2026-09-02 13:26:32,635 - INFO - 🚀 شروع اجرای ربات
2026-09-02 13:26:32,635 - INFO - 📥 بخش ۱: دریافت ۱۰۰ کانفیگ آخر برای فایل JSON...
2026-09-02 13:26:32,635 - INFO - 📡 دریافت کانفیگ‌ها از https://t.me/s/ConfigsHUB برای فایل JSON
2026-09-02 13:26:33,189 - INFO - ✅ 17 کانفیگ از صفحه دریافت شد
2026-09-02 13:26:33,190 - INFO - 📊 از https://t.me/s/ConfigsHUB: 17 کانفیگ دریافت شد
2026-09-02 13:26:33,190 - INFO - 🔄 بعد از حذف تکراری: 17 کانفیگ برای JSON
2026-09-02 13:26:33,190 - WARNING - ⚠️ تعداد کانفیگ‌ها به 100 رسید (با None پر شد)
2026-09-02 13:26:33,191 - INFO - ✅ دقیقاً 100 کانفیگ در configs.json ذخیره شد
2026-09-02 13:26:33,191 - INFO - ✅ فایل configs.json با 17 کانفیگ واقعی به‌روز شد
2026-09-02 13:26:33,191 - INFO - 📝 نمونه کانفیگ اول: vmess://eyJhZGQiOiJuZXdyZWxheC5yZWxheGVkYm95Lm9ubG...
2026-09-02 13:26:33,191 - INFO - 📤 بخش ۲: دریافت کانفیگ‌های جدید برای ارسال به کانال...
2026-09-02 13:26:33,191 - INFO - 📡 دریافت پست‌ها از https://t.me/s/ConfigsHUB برای ارسال به کانال
2026-09-02 13:26:33,633 - INFO - ✅ 20 پست دریافت شد
2026-09-02 13:26:33,635 - INFO - 💾 وضعیت به‌روز شد: ConfigsHUB/2044618
2026-09-02 13:26:33,635 - INFO - 📊 از https://t.me/s/ConfigsHUB: 17 کانفیگ جدید پیدا شد
2026-09-02 13:26:33,635 - INFO - 📊 تعداد کل کانفیگ‌های جدید: 17
2026-09-02 13:26:33,635 - INFO - 📤 ارسال 10 کانفیگ به کانال
2026-09-02 13:26:34,158 - INFO - HTTP Request: POST https://api.telegram.org/bot8316746677:AAF1IzRzODBtCvVWrL6dWtw7F8U3qb4DwXM/sendMessage "HTTP/1.1 200 OK"
2026-09-02 13:26:34,159 - INFO - ✅ پیام 1 از 1 ارسال شد
2026-09-02 13:26:35,161 - INFO - ==================================================
2026-09-02 13:26:35,161 - INFO - 🏁 اجرای ربات با موفقیت به پایان رسید
2026-09-02 13:30:37,697 - INFO - ==================================================
2026-09-02 13:30:37,697 - INFO - 🚀 شروع اجرای ربات
2026-09-02 13:30:37,697 - INFO - 📥 بخش ۱: دریافت ۱۰۰ کانفیگ آخر برای فایل JSON...
2026-09-02 13:30:37,697 - INFO - 📡 دریافت کانفیگ‌ها از https://t.me/s/ConfigsHUB برای فایل JSON
2026-09-02 13:30:38,307 - INFO - ✅ 17 کانفیگ از صفحه دریافت شد
2026-09-02 13:30:38,308 - INFO - 📊 از https://t.me/s/ConfigsHUB: 17 کانفیگ دریافت شد
2026-09-02 13:30:38,308 - INFO - 🔄 بعد از حذف تکراری: 17 کانفیگ برای JSON
2026-09-02 13:30:38,308 - WARNING - ⚠️ تعداد کانفیگ‌ها به 100 رسید (با None پر شد)
2026-09-02 13:30:38,308 - INFO - ✅ دقیقاً 100 کانفیگ در configs.json ذخیره شد
2026-09-02 13:30:38,309 - INFO - ✅ فایل configs.json با 17 کانفیگ واقعی به‌روز شد
2026-09-02 13:30:38,309 - INFO - 📝 نمونه کانفیگ اول: vmess://eyJhZGQiOiJuZXdyZWxheC5yZWxheGVkYm95Lm9ubG...
2026-09-02 13:30:38,309 - INFO - 📤 بخش ۲: دریافت کانفیگ‌های جدید برای ارسال به کانال...
2026-09-02 13:30:38,309 - INFO - 📡 دریافت پست‌ها از https://t.me/s/ConfigsHUB برای ارسال به کانال
2026-09-02 13:30:38,826 - INFO - ✅ 20 پست دریافت شد
2026-09-02 13:30:38,826 - INFO - ⏭️ رد کردن پست تکراری: ConfigsHUB/2044618
2026-09-02 13:30:38,827 - INFO - 💾 وضعیت به‌روز شد: ConfigsHUB/2044618
2026-09-02 13:30:38,827 - INFO - 📊 از https://t.me/s/ConfigsHUB: 0 کانفیگ جدید پیدا شد
2026-09-02 13:30:38,827 - INFO - 📊 تعداد کل کانفیگ‌های جدید: 0
2026-09-02 13:30:38,827 - INFO - ℹ️ کانفیگ جدیدی برای ارسال وجود ندارد
2026-09-02 13:30:38,827 - INFO - ==================================================
2026-09-02 13:30:38,827 - INFO - 🏁 اجرای ربات با موفقیت به پایان رسید
2026-09-02 14:30:30,168 - INFO - ==================================================
2026-09-02 14:30:30,168 - INFO - 🚀 شروع اجرای ربات
2026-09-02 14:30:30,168 - INFO - 📥 بخش ۱: دریافت ۱۰۰ کانفیگ آخر برای فایل JSON...
2026-09-02 14:30:30,168 - INFO - 📡 دریافت کانفیگ‌ها از https://t.me/s/ConfigsHUB برای فایل JSON
2026-09-02 14:30:30,643 - INFO - ✅ 20 کانفیگ از صفحه دریافت شد
2026-09-02 14:30:30,644 - INFO - 📊 از https://t.me/s/ConfigsHUB: 20 کانفیگ دریافت شد
2026-09-02 14:30:30,644 - INFO - 🔄 بعد از حذف تکراری: 20 کانفیگ برای JSON
2026-09-02 14:30:30,645 - WARNING - ⚠️ تعداد کانفیگ‌ها به 100 رسید (با None پر شد)
2026-09-02 14:30:30,645 - INFO - ✅ دقیقاً 100 کانفیگ در configs.json ذخیره شد
2026-09-02 14:30:30,645 - INFO - ✅ فایل configs.json با 20 کانفیگ واقعی به‌روز شد
2026-09-02 14:30:30,645 - INFO - 📝 نمونه کانفیگ اول: vless://b6c29ae7-4748-4049-b642-b695c0d2c776@193.5...
2026-09-02 14:30:30,645 - INFO - 📤 بخش ۲: دریافت کانفیگ‌های جدید برای ارسال به کانال...
2026-09-02 14:30:30,645 - INFO - 📡 دریافت پست‌ها از https://t.me/s/ConfigsHUB برای ارسال به کانال
2026-09-02 14:30:31,054 - INFO - ✅ 20 پست دریافت شد
2026-09-02 14:30:31,055 - INFO - 💾 وضعیت به‌روز شد: ConfigsHUB/2044864
2026-09-02 14:30:31,055 - INFO - 📊 از https://t.me/s/ConfigsHUB: 20 کانفیگ جدید پیدا شد
2026-09-02 14:30:31,055 - INFO - 📊 تعداد کل کانفیگ‌های جدید: 20
2026-09-02 14:30:31,055 - INFO - 📤 ارسال 10 کانفیگ به کانال
2026-09-02 14:30:31,722 - INFO - HTTP Request: POST https://api.telegram.org/bot8316746677:AAF1IzRzODBtCvVWrL6dWtw7F8U3qb4DwXM/sendMessage "HTTP/1.1 200 OK"
2026-09-02 14:30:31,723 - INFO - ✅ پیام 1 از 1 ارسال شد
2026-09-02 14:30:32,725 - INFO - ==================================================
2026-09-02 14:30:32,725 - INFO - 🏁 اجرای ربات با موفقیت به پایان رسید
2026-09-02 15:30:37,878 - INFO - ==================================================
2026-09-02 15:30:37,878 - INFO - 🚀 شروع اجرای ربات
2026-09-02 15:30:37,878 - INFO - 📥 بخش ۱: دریافت ۱۰۰ کانفیگ آخر برای فایل JSON...
2026-09-02 15:30:37,878 - INFO - 📡 دریافت کانفیگ‌ها از https://t.me/s/ConfigsHUB برای فایل JSON
2026-09-02 15:30:38,563 - INFO - ✅ 16 کانفیگ از صفحه دریافت شد
2026-09-02 15:30:38,564 - INFO - 📊 از https://t.me/s/ConfigsHUB: 16 کانفیگ دریافت شد
2026-09-02 15:30:38,564 - INFO - 🔄 بعد از حذف تکراری: 16 کانفیگ برای JSON
2026-09-02 15:30:38,564 - WARNING - ⚠️ تعداد کانفیگ‌ها به 100 رسید (با None پر شد)
2026-09-02 15:30:38,564 - INFO - ✅ دقیقاً 100 کانفیگ در configs.json ذخیره شد
2026-09-02 15:30:38,564 - INFO - ✅ فایل configs.json با 16 کانفیگ واقعی به‌روز شد
2026-09-02 15:30:38,564 - INFO - 📝 نمونه کانفیگ اول: vless://b9430690-525b-4774-9efa-42f163d3fe5b@104.1...
2026-09-02 15:30:38,565 - INFO - 📤 بخش ۲: دریافت کانفیگ‌های جدید برای ارسال به کانال...
2026-09-02 15:30:38,565 - INFO - 📡 دریافت پست‌ها از https://t.me/s/ConfigsHUB برای ارسال به کانال
2026-09-02 15:30:39,111 - INFO - ✅ 20 پست دریافت شد
2026-09-02 15:30:39,112 - INFO - 💾 وضعیت به‌روز شد: ConfigsHUB/2045109
2026-09-02 15:30:39,112 - INFO - 📊 از https://t.me/s/ConfigsHUB: 16 کانفیگ جدید پیدا شد
2026-09-02 15:30:39,112 - INFO - 📊 تعداد کل کانفیگ‌های جدید: 16
2026-09-02 15:30:39,112 - INFO - 📤 ارسال 10 کانفیگ به کانال
2026-09-02 15:30:39,764 - INFO - HTTP Request: POST https://api.telegram.org/bot8316746677:AAF1IzRzODBtCvVWrL6dWtw7F8U3qb4DwXM/sendMessage "HTTP/1.1 200 OK"
2026-09-02 15:30:39,765 - INFO - ✅ پیام 1 از 1 ارسال شد
2026-09-02 15:30:40,767 - INFO - ==================================================
2026-09-02 15:30:40,767 - INFO - 🏁 اجرای ربات با موفقیت به پایان رسید
2026-09-02 16:30:30,437 - INFO - ==================================================
2026-09-02 16:30:30,437 - INFO - 🚀 شروع اجرای ربات
2026-09-02 16:30:30,437 - INFO - 📥 بخش ۱: دریافت ۱۰۰ کانفیگ آخر برای فایل JSON...
2026-09-02 16:30:30,437 - INFO - 📡 دریافت کانفیگ‌ها از https://t.me/s/ConfigsHUB برای فایل JSON
2026-09-02 16:30:30,906 - INFO - ✅ 15 کانفیگ از صفحه دریافت شد
2026-09-02 16:30:30,907 - INFO - 📊 از https://t.me/s/ConfigsHUB: 15 کانفیگ دریافت شد
2026-09-02 16:30:30,907 - INFO - 🔄 بعد از حذف تکراری: 15 کانفیگ برای JSON
2026-09-02 16:30:30,907 - WARNING - ⚠️ تعداد کانفیگ‌ها به 100 رسید (با None پر شد)
2026-09-02 16:30:30,908 - INFO - ✅ دقیقاً 100 کانفیگ در configs.json ذخیره شد
2026-09-02 16:30:30,908 - INFO - ✅ فایل configs.json با 15 کانفیگ واقعی به‌روز شد
2026-09-02 16:30:30,908 - INFO - 📝 نمونه کانفیگ اول: vless://ce977d82-824b-4209-87f1-0719f78d6a2e@104.1...
2026-09-02 16:30:30,908 - INFO - 📤 بخش ۲: دریافت کانفیگ‌های جدید برای ارسال به کانال...
2026-09-02 16:30:30,908 - INFO - 📡 دریافت پست‌ها از https://t.me/s/ConfigsHUB برای ارسال به کانال
2026-09-02 16:30:31,336 - INFO - ✅ 20 پست دریافت شد
2026-09-02 16:30:31,337 - INFO - 💾 وضعیت به‌روز شد: ConfigsHUB/2045337
2026-09-02 16:30:31,337 - INFO - 📊 از https://t.me/s/ConfigsHUB: 15 کانفیگ جدید پیدا شد
2026-09-02 16:30:31,337 - INFO - 📊 تعداد کل کانفیگ‌های جدید: 15
2026-09-02 16:30:31,337 - INFO - 📤 ارسال 10 کانفیگ به کانال
2026-09-02 16:30:31,913 - INFO - HTTP Request: POST https://api.telegram.org/bot8316746677:AAF1IzRzODBtCvVWrL6dWtw7F8U3qb4DwXM/sendMessage "HTTP/1.1 200 OK"
2026-09-02 16:30:31,914 - INFO - ✅ پیام 1 از 1 ارسال شد
2026-09-02 16:30:32,916 - INFO - ==================================================
2026-09-02 16:30:32,916 - INFO - 🏁 اجرای ربات با موفقیت به پایان رسید
2026-09-02 17:30:31,619 - INFO - ==================================================
2026-09-02 17:30:31,619 - INFO - 🚀 شروع اجرای ربات
2026-09-02 17:30:31,619 - INFO - 📥 بخش ۱: دریافت ۱۰۰ کانفیگ آخر برای فایل JSON...
2026-09-02 17:30:31,619 - INFO - 📡 دریافت کانفیگ‌ها از https://t.me/s/ConfigsHUB برای فایل JSON
2026-09-02 17:30:32,141 - INFO - ✅ 20 کانفیگ از صفحه دریافت شد
2026-09-02 17:30:32,142 - INFO - 📊 از https://t.me/s/ConfigsHUB: 20 کانفیگ دریافت شد
2026-09-02 17:30:32,142 - INFO - 🔄 بعد از حذف تکراری: 19 کانفیگ برای JSON
2026-09-02 17:30:32,142 - WARNING - ⚠️ تعداد کانفیگ‌ها به 100 رسید (با None پر شد)
2026-09-02 17:30:32,142 - INFO - ✅ دقیقاً 100 کانفیگ در configs.json ذخیره شد
2026-09-02 17:30:32,142 - INFO - ✅ فایل configs.json با 19 کانفیگ واقعی به‌روز شد
2026-09-02 17:30:32,142 - INFO - 📝 نمونه کانفیگ اول: vless://2f35965a-9a9b-45fd-ba32-987296dfb6be@89.35...
2026-09-02 17:30:32,142 - INFO - 📤 بخش ۲: دریافت کانفیگ‌های جدید برای ارسال به کانال...
2026-09-02 17:30:32,142 - INFO - 📡 دریافت پست‌ها از https://t.me/s/ConfigsHUB برای ارسال به کانال
2026-09-02 17:30:32,586 - INFO - ✅ 20 پست دریافت شد
2026-09-02 17:30:32,587 - INFO - 💾 وضعیت به‌روز شد: ConfigsHUB/2045527
2026-09-02 17:30:32,587 - INFO - 📊 از https://t.me/s/ConfigsHUB: 20 کانفیگ جدید پیدا شد
2026-09-02 17:30:32,587 - INFO - 📊 تعداد کل کانفیگ‌های جدید: 20
2026-09-02 17:30:32,587 - INFO - 📤 ارسال 10 کانفیگ به کانال
2026-09-02 17:30:33,178 - INFO - HTTP Request: POST https://api.telegram.org/bot8316746677:AAF1IzRzODBtCvVWrL6dWtw7F8U3qb4DwXM/sendMessage "HTTP/1.1 200 OK"
2026-09-02 17:30:33,179 - INFO - ✅ پیام 1 از 1 ارسال شد
2026-09-02 17:30:34,181 - INFO - ==================================================
2026-09-02 17:30:34,181 - INFO - 🏁 اجرای ربات با موفقیت به پایان رسید
2026-09-02 17:45:31,925 - INFO - ==================================================
2026-09-02 17:45:31,926 - INFO - 🚀 شروع اجرای ربات
2026-09-02 17:45:31,926 - INFO - 📥 بخش ۱: دریافت ۱۰۰ کانفیگ آخر برای فایل JSON...
2026-09-02 17:45:31,926 - INFO - 📡 دریافت کانفیگ‌ها از https://t.me/s/ConfigsHUB برای فایل JSON
2026-09-02 17:45:32,358 - INFO - ✅ 9 کانفیگ از صفحه دریافت شد
2026-09-02 17:45:32,359 - INFO - 📊 از https://t.me/s/ConfigsHUB: 9 کانفیگ دریافت شد
2026-09-02 17:45:32,360 - INFO - 🔄 بعد از حذف تکراری: 8 کانفیگ برای JSON
2026-09-02 17:45:32,360 - WARNING - ⚠️ تعداد کانفیگ‌ها به 100 رسید (با None پر شد)
2026-09-02 17:45:32,360 - INFO - ✅ دقیقاً 100 کانفیگ در configs.json ذخیره شد
2026-09-02 17:45:32,360 - INFO - ✅ فایل configs.json با 8 کانفیگ واقعی به‌روز شد
2026-09-02 17:45:32,360 - INFO - 📝 نمونه کانفیگ اول: vless://ce9fc959-3286-5549-5507-349aed54cb0f@69.46...
2026-09-02 17:45:32,360 - INFO - 📤 بخش ۲: دریافت کانفیگ‌های جدید برای ارسال به کانال...
2026-09-02 17:45:32,360 - INFO - 📡 دریافت پست‌ها از https://t.me/s/ConfigsHUB برای ارسال به کانال
2026-09-02 17:45:32,736 - INFO - ✅ 20 پست دریافت شد
2026-09-02 17:45:32,738 - INFO - 💾 وضعیت به‌روز شد: ConfigsHUB/2045555
2026-09-02 17:45:32,738 - INFO - 📊 از https://t.me/s/ConfigsHUB: 9 کانفیگ جدید پیدا شد
2026-09-02 17:45:32,738 - INFO - 📊 تعداد کل کانفیگ‌های جدید: 9
2026-09-02 17:45:32,738 - INFO - 📤 ارسال 8 کانفیگ به کانال
2026-09-02 17:45:33,180 - INFO - HTTP Request: POST https://api.telegram.org/bot8316746677:AAF1IzRzODBtCvVWrL6dWtw7F8U3qb4DwXM/sendMessage "HTTP/1.1 200 OK"
2026-09-02 17:45:33,181 - INFO - ✅ پیام 1 از 1 ارسال شد
2026-09-02 17:45:34,182 - INFO - ==================================================
2026-09-02 17:45:34,182 - INFO - 🏁 اجرای ربات با موفقیت به پایان رسید
2026-09-02 18:30:29,799 - INFO - ==================================================
2026-09-02 18:30:29,799 - INFO - 🚀 شروع اجرای ربات
2026-09-02 18:30:29,799 - INFO - 📥 بخش ۱: دریافت ۱۰۰ کانفیگ آخر برای فایل JSON...
2026-09-02 18:30:29,799 - INFO - 📡 دریافت کانفیگ‌ها از https://t.me/s/ConfigsHUB برای فایل JSON
2026-09-02 18:30:30,245 - INFO - ✅ 17 کانفیگ از صفحه دریافت شد
2026-09-02 18:30:30,245 - INFO - 📊 از https://t.me/s/ConfigsHUB: 17 کانفیگ دریافت شد
2026-09-02 18:30:30,246 - INFO - 🔄 بعد از حذف تکراری: 17 کانفیگ برای JSON
2026-09-02 18:30:30,246 - WARNING - ⚠️ تعداد کانفیگ‌ها به 100 رسید (با None پر شد)
2026-09-02 18:30:30,246 - INFO - ✅ دقیقاً 100 کانفیگ در configs.json ذخیره شد
2026-09-02 18:30:30,246 - INFO - ✅ فایل configs.json با 17 کانفیگ واقعی به‌روز شد
2026-09-02 18:30:30,246 - INFO - 📝 نمونه کانفیگ اول: vless://4a2c06b4-162a-4b57-941d-e8205ef9baff@104.1...
2026-09-02 18:30:30,246 - INFO - 📤 بخش ۲: دریافت کانفیگ‌های جدید برای ارسال به کانال...
2026-09-02 18:30:30,246 - INFO - 📡 دریافت پست‌ها از https://t.me/s/ConfigsHUB برای ارسال به کانال
2026-09-02 18:30:30,656 - INFO - ✅ 20 پست دریافت شد
2026-09-02 18:30:30,657 - INFO - 💾 وضعیت به‌روز شد: ConfigsHUB/2045668
2026-09-02 18:30:30,657 - INFO - 📊 از https://t.me/s/ConfigsHUB: 17 کانفیگ جدید پیدا شد
2026-09-02 18:30:30,657 - INFO - 📊 تعداد کل کانفیگ‌های جدید: 17
2026-09-02 18:30:30,658 - INFO - 📤 ارسال 10 کانفیگ به کانال
2026-09-02 18:30:31,113 - INFO - HTTP Request: POST https://api.telegram.org/bot8316746677:AAF1IzRzODBtCvVWrL6dWtw7F8U3qb4DwXM/sendMessage "HTTP/1.1 200 OK"
2026-09-02 18:30:31,114 - INFO - ✅ پیام 1 از 1 ارسال شد
2026-09-02 18:30:32,116 - INFO - ==================================================
2026-09-02 18:30:32,116 - INFO - 🏁 اجرای ربات با موفقیت به پایان رسید
2026-09-02 19:30:30,035 - INFO - ==================================================
2026-09-02 19:30:30,035 - INFO - 🚀 شروع اجرای ربات
2026-09-02 19:30:30,035 - INFO - 📥 بخش ۱: دریافت ۱۰۰ کانفیگ آخر برای فایل JSON...
2026-09-02 19:30:30,035 - INFO - 📡 دریافت کانفیگ‌ها از https://t.me/s/ConfigsHUB برای فایل JSON
2026-09-02 19:30:30,528 - INFO - ✅ 18 کانفیگ از صفحه دریافت شد
2026-09-02 19:30:30,529 - INFO - 📊 از https://t.me/s/ConfigsHUB: 18 کانفیگ دریافت شد
2026-09-02 19:30:30,529 - INFO - 🔄 بعد از حذف تکراری: 18 کانفیگ برای JSON
2026-09-02 19:30:30,529 - WARNING - ⚠️ تعداد کانفیگ‌ها به 100 رسید (با None پر شد)
2026-09-02 19:30:30,530 - INFO - ✅ دقیقاً 100 کانفیگ در configs.json ذخیره شد
2026-09-02 19:30:30,530 - INFO - ✅ فایل configs.json با 18 کانفیگ واقعی به‌روز شد
2026-09-02 19:30:30,530 - INFO - 📝 نمونه کانفیگ اول: vless://56ba5d34-ef22-4ba6-8090-4188b807df54@163.8...
2026-09-02 19:30:30,530 - INFO - 📤 بخش ۲: دریافت کانفیگ‌های جدید برای ارسال به کانال...
2026-09-02 19:30:30,530 - INFO - 📡 دریافت پست‌ها از https://t.me/s/ConfigsHUB برای ارسال به کانال
2026-09-02 19:30:30,917 - INFO - ✅ 20 پست دریافت شد
2026-09-02 19:30:30,918 - INFO - 💾 وضعیت به‌روز شد: ConfigsHUB/2045996
2026-09-02 19:30:30,918 - INFO - 📊 از https://t.me/s/ConfigsHUB: 18 کانفیگ جدید پیدا شد
2026-09-02 19:30:30,919 - INFO - 📊 تعداد کل کانفیگ‌های جدید: 18
2026-09-02 19:30:30,919 - INFO - 📤 ارسال 10 کانفیگ به کانال
2026-09-02 19:30:31,386 - INFO - HTTP Request: POST https://api.telegram.org/bot8316746677:AAF1IzRzODBtCvVWrL6dWtw7F8U3qb4DwXM/sendMessage "HTTP/1.1 200 OK"
2026-09-02 19:30:31,387 - INFO - ✅ پیام 1 از 1 ارسال شد
2026-09-02 19:30:32,389 - INFO - ==================================================
2026-09-02 19:30:32,389 - INFO - 🏁 اجرای ربات با موفقیت به پایان رسید
2026-09-02 20:30:29,904 - INFO - ==================================================
2026-09-02 20:30:29,904 - INFO - 🚀 شروع اجرای ربات
2026-09-02 20:30:29,904 - INFO - 📥 بخش ۱: دریافت ۱۰۰ کانفیگ آخر برای فایل JSON...
2026-09-02 20:30:29,904 - INFO - 📡 دریافت کانفیگ‌ها از https://t.me/s/ConfigsHUB برای فایل JSON
2026-09-02 20:30:30,522 - INFO - ✅ 20 کانفیگ از صفحه دریافت شد
2026-09-02 20:30:30,523 - INFO - 📊 از https://t.me/s/ConfigsHUB: 20 کانفیگ دریافت شد
2026-09-02 20:30:30,523 - INFO - 🔄 بعد از حذف تکراری: 20 کانفیگ برای JSON
2026-09-02 20:30:30,524 - WARNING - ⚠️ تعداد کانفیگ‌ها به 100 رسید (با None پر شد)
2026-09-02 20:30:30,524 - INFO - ✅ دقیقاً 100 کانفیگ در configs.json ذخیره شد
2026-09-02 20:30:30,524 - INFO - ✅ فایل configs.json با 20 کانفیگ واقعی به‌روز شد
2026-09-02 20:30:30,524 - INFO - 📝 نمونه کانفیگ اول: vless://aa6b9a9d-84d4-49e5-93f7-90404b112634@Amric...
2026-09-02 20:30:30,524 - INFO - 📤 بخش ۲: دریافت کانفیگ‌های جدید برای ارسال به کانال...
2026-09-02 20:30:30,524 - INFO - 📡 دریافت پست‌ها از https://t.me/s/ConfigsHUB برای ارسال به کانال
2026-09-02 20:30:31,012 - INFO - ✅ 20 پست دریافت شد
2026-09-02 20:30:31,013 - INFO - 💾 وضعیت به‌روز شد: ConfigsHUB/2046227
2026-09-02 20:30:31,013 - INFO - 📊 از https://t.me/s/ConfigsHUB: 20 کانفیگ جدید پیدا شد
2026-09-02 20:30:31,013 - INFO - 📊 تعداد کل کانفیگ‌های جدید: 20
2026-09-02 20:30:31,013 - INFO - 📤 ارسال 10 کانفیگ به کانال
2026-09-02 20:30:31,595 - INFO - HTTP Request: POST https://api.telegram.org/bot8316746677:AAF1IzRzODBtCvVWrL6dWtw7F8U3qb4DwXM/sendMessage "HTTP/1.1 200 OK"
2026-09-02 20:30:31,596 - INFO - ✅ پیام 1 از 1 ارسال شد
2026-09-02 20:30:32,597 - INFO - ==================================================
2026-09-02 20:30:32,597 - INFO - 🏁 اجرای ربات با موفقیت به پایان رسید
2026-09-02 20:48:59,026 - INFO - ==================================================
2026-09-02 20:48:59,026 - INFO - 🚀 شروع اجرای ربات
2026-09-02 20:48:59,026 - INFO - 📥 بخش ۱: دریافت ۱۰۰ کانفیگ آخر برای فایل JSON...
2026-09-02 20:48:59,026 - INFO - 📡 دریافت کانفیگ‌ها از https://t.me/s/ConfigsHUB برای فایل JSON
2026-09-02 20:48:59,740 - INFO - ✅ 11 کانفیگ از صفحه دریافت شد
2026-09-02 20:48:59,741 - INFO - 📊 از https://t.me/s/ConfigsHUB: 11 کانفیگ دریافت شد
2026-09-02 20:48:59,741 - INFO - 🔄 بعد از حذف تکراری: 11 کانفیگ برای JSON
2026-09-02 20:48:59,742 - WARNING - ⚠️ تعداد کانفیگ‌ها به 100 رسید (با None پر شد)
2026-09-02 20:48:59,742 - INFO - ✅ دقیقاً 100 کانفیگ در configs.json ذخیره شد
2026-09-02 20:48:59,742 - INFO - ✅ فایل configs.json با 11 کانفیگ واقعی به‌روز شد
2026-09-02 20:48:59,742 - INFO - 📝 نمونه کانفیگ اول: vless://a0fe052d-6ca1-4a9c-b626-7ecf78f386cb@108.1...
2026-09-02 20:48:59,742 - INFO - 📤 بخش ۲: دریافت کانفیگ‌های جدید برای ارسال به کانال...
2026-09-02 20:48:59,742 - INFO - 📡 دریافت پست‌ها از https://t.me/s/ConfigsHUB برای ارسال به کانال
2026-09-02 20:49:00,310 - INFO - ✅ 20 پست دریافت شد
2026-09-02 20:49:00,312 - INFO - 💾 وضعیت به‌روز شد: ConfigsHUB/2046265
2026-09-02 20:49:00,312 - INFO - 📊 از https://t.me/s/ConfigsHUB: 11 کانفیگ جدید پیدا شد
2026-09-02 20:49:00,312 - INFO - 📊 تعداد کل کانفیگ‌های جدید: 11
2026-09-02 20:49:00,312 - INFO - 📤 ارسال 10 کانفیگ به کانال
2026-09-02 20:49:00,972 - INFO - HTTP Request: POST https://api.telegram.org/bot8316746677:AAF1IzRzODBtCvVWrL6dWtw7F8U3qb4DwXM/sendMessage "HTTP/1.1 200 OK"
2026-09-02 20:49:00,973 - INFO - ✅ پیام 1 از 1 ارسال شد
2026-09-02 20:49:01,975 - INFO - ==================================================
2026-09-02 20:49:01,975 - INFO - 🏁 اجرای ربات با موفقیت به پایان رسید
2026-09-02 21:30:30,339 - INFO - ==================================================
2026-09-02 21:30:30,339 - INFO - 🚀 شروع اجرای ربات
2026-09-02 21:30:30,339 - INFO - 📥 بخش ۱: دریافت ۱۰۰ کانفیگ آخر برای فایل JSON...
2026-09-02 21:30:30,339 - INFO - 📡 دریافت کانفیگ‌ها از https://t.me/s/ConfigsHUB برای فایل JSON
2026-09-02 21:30:30,878 - INFO - ✅ 17 کانفیگ از صفحه دریافت شد
2026-09-02 21:30:30,879 - INFO - 📊 از https://t.me/s/ConfigsHUB: 17 کانفیگ دریافت شد
2026-09-02 21:30:30,879 - INFO - 🔄 بعد از حذف تکراری: 17 کانفیگ برای JSON
2026-09-02 21:30:30,879 - WARNING - ⚠️ تعداد کانفیگ‌ها به 100 رسید (با None پر شد)
2026-09-02 21:30:30,879 - INFO - ✅ دقیقاً 100 کانفیگ در configs.json ذخیره شد
2026-09-02 21:30:30,880 - INFO - ✅ فایل configs.json با 17 کانفیگ واقعی به‌روز شد
2026-09-02 21:30:30,880 - INFO - 📝 نمونه کانفیگ اول: vless://ef4f4c3d-0b16-48ad-a8d8-2d22512b3b36@89.12...
2026-09-02 21:30:30,880 - INFO - 📤 بخش ۲: دریافت کانفیگ‌های جدید برای ارسال به کانال...
2026-09-02 21:30:30,880 - INFO - 📡 دریافت پست‌ها از https://t.me/s/ConfigsHUB برای ارسال به کانال
2026-09-02 21:30:31,271 - INFO - ✅ 20 پست دریافت شد
2026-09-02 21:30:31,272 - INFO - 💾 وضعیت به‌روز شد: ConfigsHUB/2046422
2026-09-02 21:30:31,272 - INFO - 📊 از https://t.me/s/ConfigsHUB: 17 کانفیگ جدید پیدا شد
2026-09-02 21:30:31,272 - INFO - 📊 تعداد کل کانفیگ‌های جدید: 17
2026-09-02 21:30:31,272 - INFO - 📤 ارسال 10 کانفیگ به کانال
2026-09-02 21:30:31,929 - INFO - HTTP Request: POST https://api.telegram.org/bot8316746677:AAF1IzRzODBtCvVWrL6dWtw7F8U3qb4DwXM/sendMessage "HTTP/1.1 200 OK"
2026-09-02 21:30:31,930 - INFO - ✅ پیام 1 از 1 ارسال شد
2026-09-02 21:30:32,931 - INFO - ==================================================
2026-09-02 21:30:32,931 - INFO - 🏁 اجرای ربات با موفقیت به پایان رسید
2026-09-02 22:30:31,980 - INFO - ==================================================
2026-09-02 22:30:31,980 - INFO - 🚀 شروع اجرای ربات
2026-09-02 22:30:31,980 - INFO - 📥 بخش ۱: دریافت ۱۰۰ کانفیگ آخر برای فایل JSON...
2026-09-02 22:30:31,980 - INFO - 📡 دریافت کانفیگ‌ها از https://t.me/s/ConfigsHUB برای فایل JSON
2026-09-02 22:30:32,624 - INFO - ✅ 17 کانفیگ از صفحه دریافت شد
2026-09-02 22:30:32,625 - INFO - 📊 از https://t.me/s/ConfigsHUB: 17 کانفیگ دریافت شد
2026-09-02 22:30:32,625 - INFO - 🔄 بعد از حذف تکراری: 17 کانفیگ برای JSON
2026-09-02 22:30:32,626 - WARNING - ⚠️ تعداد کانفیگ‌ها به 100 رسید (با None پر شد)
2026-09-02 22:30:32,626 - INFO - ✅ دقیقاً 100 کانفیگ در configs.json ذخیره شد
2026-09-02 22:30:32,626 - INFO - ✅ فایل configs.json با 17 کانفیگ واقعی به‌روز شد
2026-09-02 22:30:32,626 - INFO - 📝 نمونه کانفیگ اول: vless://eae02a50-e329-4647-926e-8439e685f317@154.2...
2026-09-02 22:30:32,626 - INFO - 📤 بخش ۲: دریافت کانفیگ‌های جدید برای ارسال به کانال...
2026-09-02 22:30:32,626 - INFO - 📡 دریافت پست‌ها از https://t.me/s/ConfigsHUB برای ارسال به کانال
2026-09-02 22:30:33,198 - INFO - ✅ 20 پست دریافت شد
2026-09-02 22:30:33,200 - INFO - 💾 وضعیت به‌روز شد: ConfigsHUB/2046552
2026-09-02 22:30:33,200 - INFO - 📊 از https://t.me/s/ConfigsHUB: 17 کانفیگ جدید پیدا شد
2026-09-02 22:30:33,200 - INFO - 📊 تعداد کل کانفیگ‌های جدید: 17
2026-09-02 22:30:33,200 - INFO - 📤 ارسال 10 کانفیگ به کانال
2026-09-02 22:30:33,888 - INFO - HTTP Request: POST https://api.telegram.org/bot8316746677:AAF1IzRzODBtCvVWrL6dWtw7F8U3qb4DwXM/sendMessage "HTTP/1.1 200 OK"
2026-09-02 22:30:33,889 - INFO - ✅ پیام 1 از 1 ارسال شد
2026-09-02 22:30:34,891 - INFO - ==================================================
2026-09-02 22:30:34,891 - INFO - 🏁 اجرای ربات با موفقیت به پایان رسید
2026-09-02 23:09:09,169 - INFO - ==================================================
2026-09-02 23:09:09,169 - INFO - 🚀 شروع اجرای ربات
2026-09-02 23:09:09,169 - INFO - 📥 بخش ۱: دریافت ۱۰۰ کانفیگ آخر برای فایل JSON...
2026-09-02 23:09:09,169 - INFO - 📡 دریافت کانفیگ‌ها از https://t.me/s/ConfigsHUB برای فایل JSON
2026-09-02 23:09:09,713 - INFO - ✅ 19 کانفیگ از صفحه دریافت شد
2026-09-02 23:09:09,713 - INFO - 📊 از https://t.me/s/ConfigsHUB: 19 کانفیگ دریافت شد
2026-09-02 23:09:09,714 - INFO - 🔄 بعد از حذف تکراری: 18 کانفیگ برای JSON
2026-09-02 23:09:09,714 - WARNING - ⚠️ تعداد کانفیگ‌ها به 100 رسید (با None پر شد)
2026-09-02 23:09:09,714 - INFO - ✅ دقیقاً 100 کانفیگ در configs.json ذخیره شد
2026-09-02 23:09:09,714 - INFO - ✅ فایل configs.json با 18 کانفیگ واقعی به‌روز شد
2026-09-02 23:09:09,714 - INFO - 📝 نمونه کانفیگ اول: vless://aebf0af6-7890-45ec-adf9-e6f502f2303e@178.1...
2026-09-02 23:09:09,714 - INFO - 📤 بخش ۲: دریافت کانفیگ‌های جدید برای ارسال به کانال...
2026-09-02 23:09:09,714 - INFO - 📡 دریافت پست‌ها از https://t.me/s/ConfigsHUB برای ارسال به کانال
2026-09-02 23:09:10,193 - INFO - ✅ 20 پست دریافت شد
2026-09-02 23:09:10,194 - INFO - 💾 وضعیت به‌روز شد: ConfigsHUB/2046643
2026-09-02 23:09:10,194 - INFO - 📊 از https://t.me/s/ConfigsHUB: 19 کانفیگ جدید پیدا شد
2026-09-02 23:09:10,194 - INFO - 📊 تعداد کل کانفیگ‌های جدید: 19
2026-09-02 23:09:10,194 - INFO - 📤 ارسال 10 کانفیگ به کانال
2026-09-02 23:09:10,768 - INFO - HTTP Request: POST https://api.telegram.org/bot8316746677:AAF1IzRzODBtCvVWrL6dWtw7F8U3qb4DwXM/sendMessage "HTTP/1.1 200 OK"
2026-09-02 23:09:10,769 - INFO - ✅ پیام 1 از 1 ارسال شد
2026-09-02 23:09:11,771 - INFO - ==================================================
2026-09-02 23:09:11,771 - INFO - 🏁 اجرای ربات با موفقیت به پایان رسید
2026-09-02 23:30:29,886 - INFO - ==================================================
2026-09-02 23:30:29,886 - INFO - 🚀 شروع اجرای ربات
2026-09-02 23:30:29,886 - INFO - 📥 بخش ۱: دریافت ۱۰۰ کانفیگ آخر برای فایل JSON...
2026-09-02 23:30:29,886 - INFO - 📡 دریافت کانفیگ‌ها از https://t.me/s/ConfigsHUB برای فایل JSON
2026-09-02 23:30:30,410 - INFO - ✅ 20 کانفیگ از صفحه دریافت شد
2026-09-02 23:30:30,410 - INFO - 📊 از https://t.me/s/ConfigsHUB: 20 کانفیگ دریافت شد
2026-09-02 23:30:30,411 - INFO - 🔄 بعد از حذف تکراری: 20 کانفیگ برای JSON
2026-09-02 23:30:30,411 - WARNING - ⚠️ تعداد کانفیگ‌ها به 100 رسید (با None پر شد)
2026-09-02 23:30:30,411 - INFO - ✅ دقیقاً 100 کانفیگ در configs.json ذخیره شد
2026-09-02 23:30:30,411 - INFO - ✅ فایل configs.json با 20 کانفیگ واقعی به‌روز شد
2026-09-02 23:30:30,411 - INFO - 📝 نمونه کانفیگ اول: vless://435bda4c-fe5e-42c9-a3ad-15334943b38a@198.4...
2026-09-02 23:30:30,411 - INFO - 📤 بخش ۲: دریافت کانفیگ‌های جدید برای ارسال به کانال...
2026-09-02 23:30:30,411 - INFO - 📡 دریافت پست‌ها از https://t.me/s/ConfigsHUB برای ارسال به کانال
2026-09-02 23:30:30,859 - INFO - ✅ 20 پست دریافت شد
2026-09-02 23:30:30,861 - INFO - 💾 وضعیت به‌روز شد: ConfigsHUB/2046665
2026-09-02 23:30:30,861 - INFO - 📊 از https://t.me/s/ConfigsHUB: 20 کانفیگ جدید پیدا شد
2026-09-02 23:30:30,861 - INFO - 📊 تعداد کل کانفیگ‌های جدید: 20
2026-09-02 23:30:30,861 - INFO - 📤 ارسال 10 کانفیگ به کانال
2026-09-02 23:30:31,380 - INFO - HTTP Request: POST https://api.telegram.org/bot8316746677:AAF1IzRzODBtCvVWrL6dWtw7F8U3qb4DwXM/sendMessage "HTTP/1.1 200 OK"
2026-09-02 23:30:31,381 - INFO - ✅ پیام 1 از 1 ارسال شد
2026-09-02 23:30:32,383 - INFO - ==================================================
2026-09-02 23:30:32,383 - INFO - 🏁 اجرای ربات با موفقیت به پایان رسید
2026-09-03 00:30:27,756 - INFO - ==================================================
2026-09-03 00:30:27,756 - INFO - 🚀 شروع اجرای ربات
2026-09-03 00:30:27,756 - INFO - 📥 بخش ۱: دریافت ۱۰۰ کانفیگ آخر برای فایل JSON...
2026-09-03 00:30:27,756 - INFO - 📡 دریافت کانفیگ‌ها از https://t.me/s/ConfigsHUB برای فایل JSON
2026-09-03 00:30:28,176 - INFO - ✅ 12 کانفیگ از صفحه دریافت شد
2026-09-03 00:30:28,177 - INFO - 📊 از https://t.me/s/ConfigsHUB: 12 کانفیگ دریافت شد
2026-09-03 00:30:28,177 - INFO - 🔄 بعد از حذف تکراری: 12 کانفیگ برای JSON
2026-09-03 00:30:28,177 - WARNING - ⚠️ تعداد کانفیگ‌ها به 100 رسید (با None پر شد)
2026-09-03 00:30:28,178 - INFO - ✅ دقیقاً 100 کانفیگ در configs.json ذخیره شد
2026-09-03 00:30:28,178 - INFO - ✅ فایل configs.json با 12 کانفیگ واقعی به‌روز شد
2026-09-03 00:30:28,178 - INFO - 📝 نمونه کانفیگ اول: trojan://tripitropa444@xn--1ugy405pdua.gayvibe.dpd...
2026-09-03 00:30:28,178 - INFO - 📤 بخش ۲: دریافت کانفیگ‌های جدید برای ارسال به کانال...
2026-09-03 00:30:28,178 - INFO - 📡 دریافت پست‌ها از https://t.me/s/ConfigsHUB برای ارسال به کانال
2026-09-03 00:30:28,561 - INFO - ✅ 20 پست دریافت شد
2026-09-03 00:30:28,563 - INFO - 💾 وضعیت به‌روز شد: ConfigsHUB/2046791
2026-09-03 00:30:28,563 - INFO - 📊 از https://t.me/s/ConfigsHUB: 12 کانفیگ جدید پیدا شد
2026-09-03 00:30:28,563 - INFO - 📊 تعداد کل کانفیگ‌های جدید: 12
2026-09-03 00:30:28,563 - INFO - 📤 ارسال 10 کانفیگ به کانال
2026-09-03 00:30:29,027 - INFO - HTTP Request: POST https://api.telegram.org/bot8316746677:AAF1IzRzODBtCvVWrL6dWtw7F8U3qb4DwXM/sendMessage "HTTP/1.1 200 OK"
2026-09-03 00:30:29,028 - INFO - ✅ پیام 1 از 1 ارسال شد
2026-09-03 00:30:30,029 - INFO - ==================================================
2026-09-03 00:30:30,029 - INFO - 🏁 اجرای ربات با موفقیت به پایان رسید
2026-09-03 01:30:29,202 - INFO - ==================================================
2026-09-03 01:30:29,202 - INFO - 🚀 شروع اجرای ربات
2026-09-03 01:30:29,202 - INFO - 📥 بخش ۱: دریافت ۱۰۰ کانفیگ آخر برای فایل JSON...
2026-09-03 01:30:29,202 - INFO - 📡 دریافت کانفیگ‌ها از https://t.me/s/ConfigsHUB برای فایل JSON
2026-09-03 01:30:29,796 - INFO - ✅ 12 کانفیگ از صفحه دریافت شد
2026-09-03 01:30:29,797 - INFO - 📊 از https://t.me/s/ConfigsHUB: 12 کانفیگ دریافت شد
2026-09-03 01:30:29,797 - INFO - 🔄 بعد از حذف تکراری: 12 کانفیگ برای JSON
2026-09-03 01:30:29,797 - WARNING - ⚠️ تعداد کانفیگ‌ها به 100 رسید (با None پر شد)
2026-09-03 01:30:29,798 - INFO - ✅ دقیقاً 100 کانفیگ در configs.json ذخیره شد
2026-09-03 01:30:29,798 - INFO - ✅ فایل configs.json با 12 کانفیگ واقعی به‌روز شد
2026-09-03 01:30:29,798 - INFO - 📝 نمونه کانفیگ اول: vless://f04828df-7021-44b3-8019-9db3a5a20cd6@176.1...
2026-09-03 01:30:29,798 - INFO - 📤 بخش ۲: دریافت کانفیگ‌های جدید برای ارسال به کانال...
2026-09-03 01:30:29,798 - INFO - 📡 دریافت پست‌ها از https://t.me/s/ConfigsHUB برای ارسال به کانال
2026-09-03 01:30:30,310 - INFO - ✅ 20 پست دریافت شد
2026-09-03 01:30:30,311 - INFO - 💾 وضعیت به‌روز شد: ConfigsHUB/2046847
2026-09-03 01:30:30,311 - INFO - 📊 از https://t.me/s/ConfigsHUB: 12 کانفیگ جدید پیدا شد
2026-09-03 01:30:30,311 - INFO - 📊 تعداد کل کانفیگ‌های جدید: 12
2026-09-03 01:30:30,311 - INFO - 📤 ارسال 10 کانفیگ به کانال
2026-09-03 01:30:30,957 - INFO - HTTP Request: POST https://api.telegram.org/bot8316746677:AAF1IzRzODBtCvVWrL6dWtw7F8U3qb4DwXM/sendMessage "HTTP/1.1 200 OK"
2026-09-03 01:30:30,958 - INFO - ✅ پیام 1 از 1 ارسال شد
2026-09-03 01:30:31,960 - INFO - ==================================================
2026-09-03 01:30:31,960 - INFO - 🏁 اجرای ربات با موفقیت به پایان رسید
2026-09-03 02:30:29,399 - INFO - ==================================================
2026-09-03 02:30:29,399 - INFO - 🚀 شروع اجرای ربات
2026-09-03 02:30:29,399 - INFO - 📥 بخش ۱: دریافت ۱۰۰ کانفیگ آخر برای فایل JSON...
2026-09-03 02:30:29,400 - INFO - 📡 دریافت کانفیگ‌ها از https://t.me/s/ConfigsHUB برای فایل JSON
2026-09-03 02:30:29,870 - INFO - ✅ 14 کانفیگ از صفحه دریافت شد
2026-09-03 02:30:29,871 - INFO - 📊 از https://t.me/s/ConfigsHUB: 14 کانفیگ دریافت شد
2026-09-03 02:30:29,872 - INFO - 🔄 بعد از حذف تکراری: 14 کانفیگ برای JSON
2026-09-03 02:30:29,872 - WARNING - ⚠️ تعداد کانفیگ‌ها به 100 رسید (با None پر شد)
2026-09-03 02:30:29,872 - INFO - ✅ دقیقاً 100 کانفیگ در configs.json ذخیره شد
2026-09-03 02:30:29,872 - INFO - ✅ فایل configs.json با 14 کانفیگ واقعی به‌روز شد
2026-09-03 02:30:29,872 - INFO - 📝 نمونه کانفیگ اول: vless://2f35965a-9a9b-45fd-ba32-987296dfb6be@bg4.u...
2026-09-03 02:30:29,872 - INFO - 📤 بخش ۲: دریافت کانفیگ‌های جدید برای ارسال به کانال...
2026-09-03 02:30:29,872 - INFO - 📡 دریافت پست‌ها از https://t.me/s/ConfigsHUB برای ارسال به کانال
2026-09-03 02:30:30,277 - INFO - ✅ 20 پست دریافت شد
2026-09-03 02:30:30,279 - INFO - 💾 وضعیت به‌روز شد: ConfigsHUB/2046920
2026-09-03 02:30:30,279 - INFO - 📊 از https://t.me/s/ConfigsHUB: 14 کانفیگ جدید پیدا شد
2026-09-03 02:30:30,279 - INFO - 📊 تعداد کل کانفیگ‌های جدید: 14
2026-09-03 02:30:30,279 - INFO - 📤 ارسال 10 کانفیگ به کانال
2026-09-03 02:30:30,755 - INFO - HTTP Request: POST https://api.telegram.org/bot8316746677:AAF1IzRzODBtCvVWrL6dWtw7F8U3qb4DwXM/sendMessage "HTTP/1.1 200 OK"
2026-09-03 02:30:30,756 - INFO - ✅ پیام 1 از 1 ارسال شد
2026-09-03 02:30:31,758 - INFO - ==================================================
2026-09-03 02:30:31,758 - INFO - 🏁 اجرای ربات با موفقیت به پایان رسید
2026-09-03 03:30:27,078 - INFO - ==================================================
2026-09-03 03:30:27,078 - INFO - 🚀 شروع اجرای ربات
2026-09-03 03:30:27,078 - INFO - 📥 بخش ۱: دریافت ۱۰۰ کانفیگ آخر برای فایل JSON...
2026-09-03 03:30:27,078 - INFO - 📡 دریافت کانفیگ‌ها از https://t.me/s/ConfigsHUB برای فایل JSON
2026-09-03 03:30:27,562 - INFO - ✅ 20 کانفیگ از صفحه دریافت شد
2026-09-03 03:30:27,563 - INFO - 📊 از https://t.me/s/ConfigsHUB: 20 کانفیگ دریافت شد
2026-09-03 03:30:27,563 - INFO - 🔄 بعد از حذف تکراری: 20 کانفیگ برای JSON
2026-09-03 03:30:27,563 - WARNING - ⚠️ تعداد کانفیگ‌ها به 100 رسید (با None پر شد)
2026-09-03 03:30:27,564 - INFO - ✅ دقیقاً 100 کانفیگ در configs.json ذخیره شد
2026-09-03 03:30:27,564 - INFO - ✅ فایل configs.json با 20 کانفیگ واقعی به‌روز شد
2026-09-03 03:30:27,564 - INFO - 📝 نمونه کانفیگ اول: vless://9e67f15c-178f-494c-a843-f371e3b3fa5d@172.6...
2026-09-03 03:30:27,564 - INFO - 📤 بخش ۲: دریافت کانفیگ‌های جدید برای ارسال به کانال...
2026-09-03 03:30:27,564 - INFO - 📡 دریافت پست‌ها از https://t.me/s/ConfigsHUB برای ارسال به کانال
2026-09-03 03:30:27,981 - INFO - ✅ 20 پست دریافت شد
2026-09-03 03:30:27,982 - INFO - 💾 وضعیت به‌روز شد: ConfigsHUB/2047012
2026-09-03 03:30:27,982 - INFO - 📊 از https://t.me/s/ConfigsHUB: 20 کانفیگ جدید پیدا شد
2026-09-03 03:30:27,982 - INFO - 📊 تعداد کل کانفیگ‌های جدید: 20
2026-09-03 03:30:27,982 - INFO - 📤 ارسال 10 کانفیگ به کانال
2026-09-03 03:30:28,498 - INFO - HTTP Request: POST https://api.telegram.org/bot8316746677:AAF1IzRzODBtCvVWrL6dWtw7F8U3qb4DwXM/sendMessage "HTTP/1.1 200 OK"
2026-09-03 03:30:28,498 - INFO - ✅ پیام 1 از 1 ارسال شد
2026-09-03 03:30:29,500 - INFO - ==================================================
2026-09-03 03:30:29,500 - INFO - 🏁 اجرای ربات با موفقیت به پایان رسید
2026-09-03 03:48:08,252 - INFO - ==================================================
2026-09-03 03:48:08,252 - INFO - 🚀 شروع اجرای ربات
2026-09-03 03:48:08,252 - INFO - 📥 بخش ۱: دریافت ۱۰۰ کانفیگ آخر برای فایل JSON...
2026-09-03 03:48:08,252 - INFO - 📡 دریافت کانفیگ‌ها از https://t.me/s/ConfigsHUB برای فایل JSON
2026-09-03 03:48:08,705 - INFO - ✅ 13 کانفیگ از صفحه دریافت شد
2026-09-03 03:48:08,706 - INFO - 📊 از https://t.me/s/ConfigsHUB: 13 کانفیگ دریافت شد
2026-09-03 03:48:08,706 - INFO - 🔄 بعد از حذف تکراری: 13 کانفیگ برای JSON
2026-09-03 03:48:08,706 - WARNING - ⚠️ تعداد کانفیگ‌ها به 100 رسید (با None پر شد)
2026-09-03 03:48:08,707 - INFO - ✅ دقیقاً 100 کانفیگ در configs.json ذخیره شد
2026-09-03 03:48:08,707 - INFO - ✅ فایل configs.json با 13 کانفیگ واقعی به‌روز شد
2026-09-03 03:48:08,707 - INFO - 📝 نمونه کانفیگ اول: ss://Y2hhY2hhMjAtaWV0Zi1wb2x5MTMwNTpvWklvQTY5UTh5a...
2026-09-03 03:48:08,707 - INFO - 📤 بخش ۲: دریافت کانفیگ‌های جدید برای ارسال به کانال...
2026-09-03 03:48:08,707 - INFO - 📡 دریافت پست‌ها از https://t.me/s/ConfigsHUB برای ارسال به کانال
2026-09-03 03:48:09,134 - INFO - ✅ 20 پست دریافت شد
2026-09-03 03:48:09,135 - INFO - 💾 وضعیت به‌روز شد: ConfigsHUB/2047086
2026-09-03 03:48:09,135 - INFO - 📊 از https://t.me/s/ConfigsHUB: 13 کانفیگ جدید پیدا شد
2026-09-03 03:48:09,135 - INFO - 📊 تعداد کل کانفیگ‌های جدید: 13
2026-09-03 03:48:09,135 - INFO - 📤 ارسال 10 کانفیگ به کانال
2026-09-03 03:48:09,740 - INFO - HTTP Request: POST https://api.telegram.org/bot8316746677:AAF1IzRzODBtCvVWrL6dWtw7F8U3qb4DwXM/sendMessage "HTTP/1.1 200 OK"
2026-09-03 03:48:09,741 - INFO - ✅ پیام 1 از 1 ارسال شد
2026-09-03 03:48:10,742 - INFO - ==================================================
2026-09-03 03:48:10,742 - INFO - 🏁 اجرای ربات با موفقیت به پایان رسید
2026-09-03 04:30:29,381 - INFO - ==================================================
2026-09-03 04:30:29,382 - INFO - 🚀 شروع اجرای ربات
2026-09-03 04:30:29,382 - INFO - 📥 بخش ۱: دریافت ۱۰۰ کانفیگ آخر برای فایل JSON...
2026-09-03 04:30:29,382 - INFO - 📡 دریافت کانفیگ‌ها از https://t.me/s/ConfigsHUB برای فایل JSON
2026-09-03 04:30:29,953 - INFO - ✅ 19 کانفیگ از صفحه دریافت شد
2026-09-03 04:30:29,953 - INFO - 📊 از https://t.me/s/ConfigsHUB: 19 کانفیگ دریافت شد
2026-09-03 04:30:29,954 - INFO - 🔄 بعد از حذف تکراری: 19 کانفیگ برای JSON
2026-09-03 04:30:29,954 - WARNING - ⚠️ تعداد کانفیگ‌ها به 100 رسید (با None پر شد)
2026-09-03 04:30:29,954 - INFO - ✅ دقیقاً 100 کانفیگ در configs.json ذخیره شد
2026-09-03 04:30:29,954 - INFO - ✅ فایل configs.json با 19 کانفیگ واقعی به‌روز شد
2026-09-03 04:30:29,954 - INFO - 📝 نمونه کانفیگ اول: vless://5999a497-a2da-41d0-92cb-5b758082f83c@193.2...
2026-09-03 04:30:29,954 - INFO - 📤 بخش ۲: دریافت کانفیگ‌های جدید برای ارسال به کانال...
2026-09-03 04:30:29,954 - INFO - 📡 دریافت پست‌ها از https://t.me/s/ConfigsHUB برای ارسال به کانال
2026-09-03 04:30:30,491 - INFO - ✅ 20 پست دریافت شد
2026-09-03 04:30:30,492 - INFO - 💾 وضعیت به‌روز شد: ConfigsHUB/2047208
2026-09-03 04:30:30,492 - INFO - 📊 از https://t.me/s/ConfigsHUB: 19 کانفیگ جدید پیدا شد
2026-09-03 04:30:30,492 - INFO - 📊 تعداد کل کانفیگ‌های جدید: 19
2026-09-03 04:30:30,492 - INFO - 📤 ارسال 10 کانفیگ به کانال
2026-09-03 04:30:31,023 - INFO - HTTP Request: POST https://api.telegram.org/bot8316746677:AAF1IzRzODBtCvVWrL6dWtw7F8U3qb4DwXM/sendMessage "HTTP/1.1 200 OK"
2026-09-03 04:30:31,024 - INFO - ✅ پیام 1 از 1 ارسال شد
2026-09-03 04:30:32,025 - INFO - ==================================================
2026-09-03 04:30:32,025 - INFO - 🏁 اجرای ربات با موفقیت به پایان رسید
2026-09-03 05:30:29,939 - INFO - ==================================================
2026-09-03 05:30:29,939 - INFO - 🚀 شروع اجرای ربات
2026-09-03 05:30:29,939 - INFO - 📥 بخش ۱: دریافت ۱۰۰ کانفیگ آخر برای فایل JSON...
2026-09-03 05:30:29,939 - INFO - 📡 دریافت کانفیگ‌ها از https://t.me/s/ConfigsHUB برای فایل JSON
2026-09-03 05:30:30,656 - INFO - ✅ 17 کانفیگ از صفحه دریافت شد
2026-09-03 05:30:30,657 - INFO - 📊 از https://t.me/s/ConfigsHUB: 17 کانفیگ دریافت شد
2026-09-03 05:30:30,657 - INFO - 🔄 بعد از حذف تکراری: 17 کانفیگ برای JSON
2026-09-03 05:30:30,657 - WARNING - ⚠️ تعداد کانفیگ‌ها به 100 رسید (با None پر شد)
2026-09-03 05:30:30,657 - INFO - ✅ دقیقاً 100 کانفیگ در configs.json ذخیره شد
2026-09-03 05:30:30,657 - INFO - ✅ فایل configs.json با 17 کانفیگ واقعی به‌روز شد
2026-09-03 05:30:30,657 - INFO - 📝 نمونه کانفیگ اول: vless://8ca5cbd3-ec16-4728-bedc-2bc0d82f0922@94.24...
2026-09-03 05:30:30,657 - INFO - 📤 بخش ۲: دریافت کانفیگ‌های جدید برای ارسال به کانال...
2026-09-03 05:30:30,657 - INFO - 📡 دریافت پست‌ها از https://t.me/s/ConfigsHUB برای ارسال به کانال
2026-09-03 05:30:31,136 - INFO - ✅ 20 پست دریافت شد
2026-09-03 05:30:31,136 - INFO - 💾 وضعیت به‌روز شد: ConfigsHUB/2047477
2026-09-03 05:30:31,136 - INFO - 📊 از https://t.me/s/ConfigsHUB: 17 کانفیگ جدید پیدا شد
2026-09-03 05:30:31,136 - INFO - 📊 تعداد کل کانفیگ‌های جدید: 17
2026-09-03 05:30:31,137 - INFO - 📤 ارسال 10 کانفیگ به کانال
2026-09-03 05:30:31,664 - INFO - HTTP Request: POST https://api.telegram.org/bot8316746677:AAF1IzRzODBtCvVWrL6dWtw7F8U3qb4DwXM/sendMessage "HTTP/1.1 200 OK"
2026-09-03 05:30:31,665 - INFO - ✅ پیام 1 از 1 ارسال شد
2026-09-03 05:30:32,666 - INFO - ==================================================
2026-09-03 05:30:32,666 - INFO - 🏁 اجرای ربات با موفقیت به پایان رسید
2026-09-03 06:30:28,774 - INFO - ==================================================
2026-09-03 06:30:28,774 - INFO - 🚀 شروع اجرای ربات
2026-09-03 06:30:28,774 - INFO - 📥 بخش ۱: دریافت ۱۰۰ کانفیگ آخر برای فایل JSON...
2026-09-03 06:30:28,774 - INFO - 📡 دریافت کانفیگ‌ها از https://t.me/s/ConfigsHUB برای فایل JSON
2026-09-03 06:30:29,447 - INFO - ✅ 20 کانفیگ از صفحه دریافت شد
2026-09-03 06:30:29,448 - INFO - 📊 از https://t.me/s/ConfigsHUB: 20 کانفیگ دریافت شد
2026-09-03 06:30:29,448 - INFO - 🔄 بعد از حذف تکراری: 20 کانفیگ برای JSON
2026-09-03 06:30:29,448 - WARNING - ⚠️ تعداد کانفیگ‌ها به 100 رسید (با None پر شد)
2026-09-03 06:30:29,449 - INFO - ✅ دقیقاً 100 کانفیگ در configs.json ذخیره شد
2026-09-03 06:30:29,449 - INFO - ✅ فایل configs.json با 20 کانفیگ واقعی به‌روز شد
2026-09-03 06:30:29,449 - INFO - 📝 نمونه کانفیگ اول: vless://8975546a-375c-4966-8064-19fc0f66f30a@31.76...
2026-09-03 06:30:29,449 - INFO - 📤 بخش ۲: دریافت کانفیگ‌های جدید برای ارسال به کانال...
2026-09-03 06:30:29,449 - INFO - 📡 دریافت پست‌ها از https://t.me/s/ConfigsHUB برای ارسال به کانال
2026-09-03 06:30:30,034 - INFO - ✅ 20 پست دریافت شد
2026-09-03 06:30:30,035 - INFO - 💾 وضعیت به‌روز شد: ConfigsHUB/2047760
2026-09-03 06:30:30,035 - INFO - 📊 از https://t.me/s/ConfigsHUB: 20 کانفیگ جدید پیدا شد
2026-09-03 06:30:30,035 - INFO - 📊 تعداد کل کانفیگ‌های جدید: 20
2026-09-03 06:30:30,035 - INFO - 📤 ارسال 10 کانفیگ به کانال
2026-09-03 06:30:30,877 - INFO - HTTP Request: POST https://api.telegram.org/bot8316746677:AAF1IzRzODBtCvVWrL6dWtw7F8U3qb4DwXM/sendMessage "HTTP/1.1 200 OK"
2026-09-03 06:30:30,878 - INFO - ✅ پیام 1 از 1 ارسال شد
2026-09-03 06:30:31,880 - INFO - ==================================================
2026-09-03 06:30:31,880 - INFO - 🏁 اجرای ربات با موفقیت به پایان رسید
2026-09-03 07:30:32,116 - INFO - ==================================================
2026-09-03 07:30:32,116 - INFO - 🚀 شروع اجرای ربات
2026-09-03 07:30:32,116 - INFO - 📥 بخش ۱: دریافت ۱۰۰ کانفیگ آخر برای فایل JSON...
2026-09-03 07:30:32,116 - INFO - 📡 دریافت کانفیگ‌ها از https://t.me/s/ConfigsHUB برای فایل JSON
2026-09-03 07:30:32,723 - INFO - ✅ 16 کانفیگ از صفحه دریافت شد
2026-09-03 07:30:32,724 - INFO - 📊 از https://t.me/s/ConfigsHUB: 16 کانفیگ دریافت شد
2026-09-03 07:30:32,724 - INFO - 🔄 بعد از حذف تکراری: 16 کانفیگ برای JSON
2026-09-03 07:30:32,724 - WARNING - ⚠️ تعداد کانفیگ‌ها به 100 رسید (با None پر شد)
2026-09-03 07:30:32,724 - INFO - ✅ دقیقاً 100 کانفیگ در configs.json ذخیره شد
2026-09-03 07:30:32,725 - INFO - ✅ فایل configs.json با 16 کانفیگ واقعی به‌روز شد
2026-09-03 07:30:32,725 - INFO - 📝 نمونه کانفیگ اول: vless://78eb4455-0d07-4bc2-93e3-7c8654f11d74@185.1...
2026-09-03 07:30:32,725 - INFO - 📤 بخش ۲: دریافت کانفیگ‌های جدید برای ارسال به کانال...
2026-09-03 07:30:32,725 - INFO - 📡 دریافت پست‌ها از https://t.me/s/ConfigsHUB برای ارسال به کانال
2026-09-03 07:30:33,282 - INFO - ✅ 20 پست دریافت شد
2026-09-03 07:30:33,283 - INFO - 💾 وضعیت به‌روز شد: ConfigsHUB/2047985
2026-09-03 07:30:33,283 - INFO - 📊 از https://t.me/s/ConfigsHUB: 16 کانفیگ جدید پیدا شد
2026-09-03 07:30:33,283 - INFO - 📊 تعداد کل کانفیگ‌های جدید: 16
2026-09-03 07:30:33,283 - INFO - 📤 ارسال 10 کانفیگ به کانال
2026-09-03 07:30:33,991 - INFO - HTTP Request: POST https://api.telegram.org/bot8316746677:AAF1IzRzODBtCvVWrL6dWtw7F8U3qb4DwXM/sendMessage "HTTP/1.1 200 OK"
2026-09-03 07:30:33,991 - INFO - ✅ پیام 1 از 1 ارسال شد
2026-09-03 07:30:34,993 - INFO - ==================================================
2026-09-03 07:30:34,993 - INFO - 🏁 اجرای ربات با موفقیت به پایان رسید
2026-09-03 08:30:31,610 - INFO - ==================================================
2026-09-03 08:30:31,610 - INFO - 🚀 شروع اجرای ربات
2026-09-03 08:30:31,610 - INFO - 📥 بخش ۱: دریافت ۱۰۰ کانفیگ آخر برای فایل JSON...
2026-09-03 08:30:31,610 - INFO - 📡 دریافت کانفیگ‌ها از https://t.me/s/ConfigsHUB برای فایل JSON
2026-09-03 08:30:32,155 - INFO - ✅ 20 کانفیگ از صفحه دریافت شد
2026-09-03 08:30:32,156 - INFO - 📊 از https://t.me/s/ConfigsHUB: 20 کانفیگ دریافت شد
2026-09-03 08:30:32,156 - INFO - 🔄 بعد از حذف تکراری: 20 کانفیگ برای JSON
2026-09-03 08:30:32,156 - WARNING - ⚠️ تعداد کانفیگ‌ها به 100 رسید (با None پر شد)
2026-09-03 08:30:32,157 - INFO - ✅ دقیقاً 100 کانفیگ در configs.json ذخیره شد
2026-09-03 08:30:32,157 - INFO - ✅ فایل configs.json با 20 کانفیگ واقعی به‌روز شد
2026-09-03 08:30:32,157 - INFO - 📝 نمونه کانفیگ اول: vless://2f35965a-9a9b-45fd-ba32-987296dfb6be@89.35...
2026-09-03 08:30:32,157 - INFO - 📤 بخش ۲: دریافت کانفیگ‌های جدید برای ارسال به کانال...
2026-09-03 08:30:32,157 - INFO - 📡 دریافت پست‌ها از https://t.me/s/ConfigsHUB برای ارسال به کانال
2026-09-03 08:30:32,579 - INFO - ✅ 20 پست دریافت شد
2026-09-03 08:30:32,581 - INFO - 💾 وضعیت به‌روز شد: ConfigsHUB/2048188
2026-09-03 08:30:32,581 - INFO - 📊 از https://t.me/s/ConfigsHUB: 20 کانفیگ جدید پیدا شد
2026-09-03 08:30:32,581 - INFO - 📊 تعداد کل کانفیگ‌های جدید: 20
2026-09-03 08:30:32,581 - INFO - 📤 ارسال 10 کانفیگ به کانال
2026-09-03 08:30:33,113 - INFO - HTTP Request: POST https://api.telegram.org/bot8316746677:AAF1IzRzODBtCvVWrL6dWtw7F8U3qb4DwXM/sendMessage "HTTP/1.1 200 OK"
2026-09-03 08:30:33,114 - INFO - ✅ پیام 1 از 1 ارسال شد
2026-09-03 08:30:34,116 - INFO - ==================================================
2026-09-03 08:30:34,116 - INFO - 🏁 اجرای ربات با موفقیت به پایان رسید
2026-09-03 08:45:59,907 - INFO - ==================================================
2026-09-03 08:45:59,907 - INFO - 🚀 شروع اجرای ربات
2026-09-03 08:45:59,908 - INFO - 📥 بخش ۱: دریافت ۱۰۰ کانفیگ آخر برای فایل JSON...
2026-09-03 08:45:59,908 - INFO - 📡 دریافت کانفیگ‌ها از https://t.me/s/ConfigsHUB برای فایل JSON
2026-09-03 08:46:00,310 - INFO - ✅ 19 کانفیگ از صفحه دریافت شد
2026-09-03 08:46:00,311 - INFO - 📊 از https://t.me/s/ConfigsHUB: 19 کانفیگ دریافت شد
2026-09-03 08:46:00,311 - INFO - 🔄 بعد از حذف تکراری: 19 کانفیگ برای JSON
2026-09-03 08:46:00,311 - WARNING - ⚠️ تعداد کانفیگ‌ها به 100 رسید (با None پر شد)
2026-09-03 08:46:00,311 - INFO - ✅ دقیقاً 100 کانفیگ در configs.json ذخیره شد
2026-09-03 08:46:00,311 - INFO - ✅ فایل configs.json با 19 کانفیگ واقعی به‌روز شد
2026-09-03 08:46:00,312 - INFO - 📝 نمونه کانفیگ اول: vless://2b9581e5-dc45-4ed6-90b2-6ec817f7dab5@u----...
2026-09-03 08:46:00,312 - INFO - 📤 بخش ۲: دریافت کانفیگ‌های جدید برای ارسال به کانال...
2026-09-03 08:46:00,312 - INFO - 📡 دریافت پست‌ها از https://t.me/s/ConfigsHUB برای ارسال به کانال
2026-09-03 08:46:00,709 - INFO - ✅ 20 پست دریافت شد
2026-09-03 08:46:00,710 - INFO - 💾 وضعیت به‌روز شد: ConfigsHUB/2048250
2026-09-03 08:46:00,711 - INFO - 📊 از https://t.me/s/ConfigsHUB: 19 کانفیگ جدید پیدا شد
2026-09-03 08:46:00,711 - INFO - 📊 تعداد کل کانفیگ‌های جدید: 19
2026-09-03 08:46:00,711 - INFO - 📤 ارسال 10 کانفیگ به کانال
2026-09-03 08:46:01,477 - INFO - HTTP Request: POST https://api.telegram.org/bot8316746677:AAF1IzRzODBtCvVWrL6dWtw7F8U3qb4DwXM/sendMessage "HTTP/1.1 200 OK"
2026-09-03 08:46:01,478 - INFO - ✅ پیام 1 از 1 ارسال شد
2026-09-03 08:46:02,480 - INFO - ==================================================
2026-09-03 08:46:02,480 - INFO - 🏁 اجرای ربات با موفقیت به پایان رسید
2026-09-03 09:30:28,573 - INFO - ==================================================
2026-09-03 09:30:28,573 - INFO - 🚀 شروع اجرای ربات
2026-09-03 09:30:28,573 - INFO - 📥 بخش ۱: دریافت ۱۰۰ کانفیگ آخر برای فایل JSON...
2026-09-03 09:30:28,573 - INFO - 📡 دریافت کانفیگ‌ها از https://t.me/s/ConfigsHUB برای فایل JSON
2026-09-03 09:30:31,112 - INFO - ✅ 19 کانفیگ از صفحه دریافت شد
2026-09-03 09:30:31,113 - INFO - 📊 از https://t.me/s/ConfigsHUB: 19 کانفیگ دریافت شد
2026-09-03 09:30:31,113 - INFO - 🔄 بعد از حذف تکراری: 19 کانفیگ برای JSON
2026-09-03 09:30:31,113 - WARNING - ⚠️ تعداد کانفیگ‌ها به 100 رسید (با None پر شد)
2026-09-03 09:30:31,114 - INFO - ✅ دقیقاً 100 کانفیگ در configs.json ذخیره شد
2026-09-03 09:30:31,114 - INFO - ✅ فایل configs.json با 19 کانفیگ واقعی به‌روز شد
2026-09-03 09:30:31,114 - INFO - 📝 نمونه کانفیگ اول: vless://b2e8f455-3bd9-477c-b8f0-a3198f601565@54.38...
2026-09-03 09:30:31,114 - INFO - 📤 بخش ۲: دریافت کانفیگ‌های جدید برای ارسال به کانال...
2026-09-03 09:30:31,114 - INFO - 📡 دریافت پست‌ها از https://t.me/s/ConfigsHUB برای ارسال به کانال
2026-09-03 09:30:31,649 - INFO - ✅ 20 پست دریافت شد
2026-09-03 09:30:31,650 - INFO - 💾 وضعیت به‌روز شد: ConfigsHUB/2048421
2026-09-03 09:30:31,650 - INFO - 📊 از https://t.me/s/ConfigsHUB: 19 کانفیگ جدید پیدا شد
2026-09-03 09:30:31,650 - INFO - 📊 تعداد کل کانفیگ‌های جدید: 19
2026-09-03 09:30:31,650 - INFO - 📤 ارسال 10 کانفیگ به کانال
2026-09-03 09:30:32,270 - INFO - HTTP Request: POST https://api.telegram.org/bot8316746677:AAF1IzRzODBtCvVWrL6dWtw7F8U3qb4DwXM/sendMessage "HTTP/1.1 200 OK"
2026-09-03 09:30:32,271 - INFO - ✅ پیام 1 از 1 ارسال شد
2026-09-03 09:30:33,272 - INFO - ==================================================
2026-09-03 09:30:33,272 - INFO - 🏁 اجرای ربات با موفقیت به پایان رسید
2026-09-03 10:30:30,093 - INFO - ==================================================
2026-09-03 10:30:30,093 - INFO - 🚀 شروع اجرای ربات
2026-09-03 10:30:30,093 - INFO - 📥 بخش ۱: دریافت ۱۰۰ کانفیگ آخر برای فایل JSON...
2026-09-03 10:30:30,093 - INFO - 📡 دریافت کانفیگ‌ها از https://t.me/s/ConfigsHUB برای فایل JSON
2026-09-03 10:30:30,802 - INFO - ✅ 18 کانفیگ از صفحه دریافت شد
2026-09-03 10:30:30,803 - INFO - 📊 از https://t.me/s/ConfigsHUB: 18 کانفیگ دریافت شد
2026-09-03 10:30:30,803 - INFO - 🔄 بعد از حذف تکراری: 16 کانفیگ برای JSON
2026-09-03 10:30:30,803 - WARNING - ⚠️ تعداد کانفیگ‌ها به 100 رسید (با None پر شد)
2026-09-03 10:30:30,804 - INFO - ✅ دقیقاً 100 کانفیگ در configs.json ذخیره شد
2026-09-03 10:30:30,804 - INFO - ✅ فایل configs.json با 16 کانفیگ واقعی به‌روز شد
2026-09-03 10:30:30,804 - INFO - 📝 نمونه کانفیگ اول: vless://34305560-ccd1-4466-bbff-09e606f4bc90@144.3...
2026-09-03 10:30:30,804 - INFO - 📤 بخش ۲: دریافت کانفیگ‌های جدید برای ارسال به کانال...
2026-09-03 10:30:30,804 - INFO - 📡 دریافت پست‌ها از https://t.me/s/ConfigsHUB برای ارسال به کانال
2026-09-03 10:30:31,378 - INFO - ✅ 20 پست دریافت شد
2026-09-03 10:30:31,379 - INFO - 💾 وضعیت به‌روز شد: ConfigsHUB/2048693
2026-09-03 10:30:31,379 - INFO - 📊 از https://t.me/s/ConfigsHUB: 18 کانفیگ جدید پیدا شد
2026-09-03 10:30:31,379 - INFO - 📊 تعداد کل کانفیگ‌های جدید: 18
2026-09-03 10:30:31,379 - INFO - 📤 ارسال 10 کانفیگ به کانال
2026-09-03 10:30:32,082 - INFO - HTTP Request: POST https://api.telegram.org/bot8316746677:AAF1IzRzODBtCvVWrL6dWtw7F8U3qb4DwXM/sendMessage "HTTP/1.1 200 OK"
2026-09-03 10:30:32,083 - INFO - ✅ پیام 1 از 1 ارسال شد
2026-09-03 10:30:33,085 - INFO - ==================================================
2026-09-03 10:30:33,085 - INFO - 🏁 اجرای ربات با موفقیت به پایان رسید
2026-09-03 11:30:29,322 - INFO - ==================================================
2026-09-03 11:30:29,322 - INFO - 🚀 شروع اجرای ربات
2026-09-03 11:30:29,322 - INFO - 📥 بخش ۱: دریافت ۱۰۰ کانفیگ آخر برای فایل JSON...
2026-09-03 11:30:29,322 - INFO - 📡 دریافت کانفیگ‌ها از https://t.me/s/ConfigsHUB برای فایل JSON
2026-09-03 11:30:29,787 - INFO - ✅ 19 کانفیگ از صفحه دریافت شد
2026-09-03 11:30:29,788 - INFO - 📊 از https://t.me/s/ConfigsHUB: 19 کانفیگ دریافت شد
2026-09-03 11:30:29,788 - INFO - 🔄 بعد از حذف تکراری: 18 کانفیگ برای JSON
2026-09-03 11:30:29,788 - WARNING - ⚠️ تعداد کانفیگ‌ها به 100 رسید (با None پر شد)
2026-09-03 11:30:29,788 - INFO - ✅ دقیقاً 100 کانفیگ در configs.json ذخیره شد
2026-09-03 11:30:29,788 - INFO - ✅ فایل configs.json با 18 کانفیگ واقعی به‌روز شد
2026-09-03 11:30:29,788 - INFO - 📝 نمونه کانفیگ اول: vless://60e2a548-96aa-4850-a279-1edab743c39b@132.2...
2026-09-03 11:30:29,788 - INFO - 📤 بخش ۲: دریافت کانفیگ‌های جدید برای ارسال به کانال...
2026-09-03 11:30:29,788 - INFO - 📡 دریافت پست‌ها از https://t.me/s/ConfigsHUB برای ارسال به کانال
2026-09-03 11:30:30,210 - INFO - ✅ 20 پست دریافت شد
2026-09-03 11:30:30,212 - INFO - 💾 وضعیت به‌روز شد: ConfigsHUB/2048921
2026-09-03 11:30:30,212 - INFO - 📊 از https://t.me/s/ConfigsHUB: 19 کانفیگ جدید پیدا شد
2026-09-03 11:30:30,212 - INFO - 📊 تعداد کل کانفیگ‌های جدید: 19
2026-09-03 11:30:30,212 - INFO - 📤 ارسال 10 کانفیگ به کانال
2026-09-03 11:30:30,783 - INFO - HTTP Request: POST https://api.telegram.org/bot8316746677:AAF1IzRzODBtCvVWrL6dWtw7F8U3qb4DwXM/sendMessage "HTTP/1.1 200 OK"
2026-09-03 11:30:30,784 - INFO - ✅ پیام 1 از 1 ارسال شد
2026-09-03 11:30:31,786 - INFO - ==================================================
2026-09-03 11:30:31,786 - INFO - 🏁 اجرای ربات با موفقیت به پایان رسید
2026-09-03 12:30:28,946 - INFO - ==================================================
2026-09-03 12:30:28,946 - INFO - 🚀 شروع اجرای ربات
2026-09-03 12:30:28,946 - INFO - 📥 بخش ۱: دریافت ۱۰۰ کانفیگ آخر برای فایل JSON...
2026-09-03 12:30:28,946 - INFO - 📡 دریافت کانفیگ‌ها از https://t.me/s/ConfigsHUB برای فایل JSON
2026-09-03 12:30:29,413 - INFO - ✅ 18 کانفیگ از صفحه دریافت شد
2026-09-03 12:30:29,414 - INFO - 📊 از https://t.me/s/ConfigsHUB: 18 کانفیگ دریافت شد
2026-09-03 12:30:29,414 - INFO - 🔄 بعد از حذف تکراری: 18 کانفیگ برای JSON
2026-09-03 12:30:29,414 - WARNING - ⚠️ تعداد کانفیگ‌ها به 100 رسید (با None پر شد)
2026-09-03 12:30:29,415 - INFO - ✅ دقیقاً 100 کانفیگ در configs.json ذخیره شد
2026-09-03 12:30:29,415 - INFO - ✅ فایل configs.json با 18 کانفیگ واقعی به‌روز شد
2026-09-03 12:30:29,415 - INFO - 📝 نمونه کانفیگ اول: vless://9b18ccef-b9e0-41d1-8990-9d970569e142@185.1...
2026-09-03 12:30:29,415 - INFO - 📤 بخش ۲: دریافت کانفیگ‌های جدید برای ارسال به کانال...
2026-09-03 12:30:29,415 - INFO - 📡 دریافت پست‌ها از https://t.me/s/ConfigsHUB برای ارسال به کانال
2026-09-03 12:30:29,844 - INFO - ✅ 20 پست دریافت شد
2026-09-03 12:30:29,845 - INFO - 💾 وضعیت به‌روز شد: ConfigsHUB/2049252
2026-09-03 12:30:29,845 - INFO - 📊 از https://t.me/s/ConfigsHUB: 18 کانفیگ جدید پیدا شد
2026-09-03 12:30:29,845 - INFO - 📊 تعداد کل کانفیگ‌های جدید: 18
2026-09-03 12:30:29,845 - INFO - 📤 ارسال 10 کانفیگ به کانال
2026-09-03 12:30:30,376 - INFO - HTTP Request: POST https://api.telegram.org/bot8316746677:AAF1IzRzODBtCvVWrL6dWtw7F8U3qb4DwXM/sendMessage "HTTP/1.1 200 OK"
2026-09-03 12:30:30,377 - INFO - ✅ پیام 1 از 1 ارسال شد
2026-09-03 12:30:31,378 - INFO - ==================================================
2026-09-03 12:30:31,379 - INFO - 🏁 اجرای ربات با موفقیت به پایان رسید
2026-09-03 13:24:51,659 - INFO - ==================================================
2026-09-03 13:24:51,659 - INFO - 🚀 شروع اجرای ربات
2026-09-03 13:24:51,659 - INFO - 📥 بخش ۱: دریافت ۱۰۰ کانفیگ آخر برای فایل JSON...
2026-09-03 13:24:51,659 - INFO - 📡 دریافت کانفیگ‌ها از https://t.me/s/ConfigsHUB برای فایل JSON
2026-09-03 13:24:52,149 - INFO - ✅ 18 کانفیگ از صفحه دریافت شد
2026-09-03 13:24:52,150 - INFO - 📊 از https://t.me/s/ConfigsHUB: 18 کانفیگ دریافت شد
2026-09-03 13:24:52,150 - INFO - 🔄 بعد از حذف تکراری: 18 کانفیگ برای JSON
2026-09-03 13:24:52,151 - WARNING - ⚠️ تعداد کانفیگ‌ها به 100 رسید (با None پر شد)
2026-09-03 13:24:52,151 - INFO - ✅ دقیقاً 100 کانفیگ در configs.json ذخیره شد
2026-09-03 13:24:52,151 - INFO - ✅ فایل configs.json با 18 کانفیگ واقعی به‌روز شد
2026-09-03 13:24:52,151 - INFO - 📝 نمونه کانفیگ اول: vless://d60e2537-13e8-41db-bdad-cd5c054a0ec7@a2.ar...
2026-09-03 13:24:52,151 - INFO - 📤 بخش ۲: دریافت کانفیگ‌های جدید برای ارسال به کانال...
2026-09-03 13:24:52,151 - INFO - 📡 دریافت پست‌ها از https://t.me/s/ConfigsHUB برای ارسال به کانال
2026-09-03 13:24:52,585 - INFO - ✅ 20 پست دریافت شد
2026-09-03 13:24:52,586 - INFO - 💾 وضعیت به‌روز شد: ConfigsHUB/2049562
2026-09-03 13:24:52,586 - INFO - 📊 از https://t.me/s/ConfigsHUB: 18 کانفیگ جدید پیدا شد
2026-09-03 13:24:52,586 - INFO - 📊 تعداد کل کانفیگ‌های جدید: 18
2026-09-03 13:24:52,586 - INFO - 📤 ارسال 10 کانفیگ به کانال
2026-09-03 13:24:53,124 - INFO - HTTP Request: POST https://api.telegram.org/bot8316746677:AAF1IzRzODBtCvVWrL6dWtw7F8U3qb4DwXM/sendMessage "HTTP/1.1 200 OK"
2026-09-03 13:24:53,125 - INFO - ✅ پیام 1 از 1 ارسال شد
2026-09-03 13:24:54,127 - INFO - ==================================================
2026-09-03 13:24:54,127 - INFO - 🏁 اجرای ربات با موفقیت به پایان رسید
2026-09-03 13:30:28,907 - INFO - ==================================================
2026-09-03 13:30:28,907 - INFO - 🚀 شروع اجرای ربات
2026-09-03 13:30:28,907 - INFO - 📥 بخش ۱: دریافت ۱۰۰ کانفیگ آخر برای فایل JSON...
2026-09-03 13:30:28,907 - INFO - 📡 دریافت کانفیگ‌ها از https://t.me/s/ConfigsHUB برای فایل JSON
2026-09-03 13:30:29,361 - INFO - ✅ 18 کانفیگ از صفحه دریافت شد
2026-09-03 13:30:29,362 - INFO - 📊 از https://t.me/s/ConfigsHUB: 18 کانفیگ دریافت شد
2026-09-03 13:30:29,362 - INFO - 🔄 بعد از حذف تکراری: 18 کانفیگ برای JSON
2026-09-03 13:30:29,362 - WARNING - ⚠️ تعداد کانفیگ‌ها به 100 رسید (با None پر شد)
2026-09-03 13:30:29,362 - INFO - ✅ دقیقاً 100 کانفیگ در configs.json ذخیره شد
2026-09-03 13:30:29,363 - INFO - ✅ فایل configs.json با 18 کانفیگ واقعی به‌روز شد
2026-09-03 13:30:29,363 - INFO - 📝 نمونه کانفیگ اول: vless://d60e2537-13e8-41db-bdad-cd5c054a0ec7@a2.ar...
2026-09-03 13:30:29,363 - INFO - 📤 بخش ۲: دریافت کانفیگ‌های جدید برای ارسال به کانال...
2026-09-03 13:30:29,363 - INFO - 📡 دریافت پست‌ها از https://t.me/s/ConfigsHUB برای ارسال به کانال
2026-09-03 13:30:29,762 - INFO - ✅ 20 پست دریافت شد
2026-09-03 13:30:29,763 - INFO - ⏭️ رد کردن پست تکراری: ConfigsHUB/2049562
2026-09-03 13:30:29,764 - INFO - 💾 وضعیت به‌روز شد: ConfigsHUB/2049562
2026-09-03 13:30:29,764 - INFO - 📊 از https://t.me/s/ConfigsHUB: 0 کانفیگ جدید پیدا شد
2026-09-03 13:30:29,764 - INFO - 📊 تعداد کل کانفیگ‌های جدید: 0
2026-09-03 13:30:29,764 - INFO - ℹ️ کانفیگ جدیدی برای ارسال وجود ندارد
2026-09-03 13:30:29,764 - INFO - ==================================================
2026-09-03 13:30:29,764 - INFO - 🏁 اجرای ربات با موفقیت به پایان رسید
2026-09-03 14:30:33,979 - INFO - ==================================================
2026-09-03 14:30:33,979 - INFO - 🚀 شروع اجرای ربات
2026-09-03 14:30:33,979 - INFO - 📥 بخش ۱: دریافت ۱۰۰ کانفیگ آخر برای فایل JSON...
2026-09-03 14:30:33,979 - INFO - 📡 دریافت کانفیگ‌ها از https://t.me/s/ConfigsHUB برای فایل JSON
2026-09-03 14:30:34,668 - INFO - ✅ 9 کانفیگ از صفحه دریافت شد
2026-09-03 14:30:34,669 - INFO - 📊 از https://t.me/s/ConfigsHUB: 9 کانفیگ دریافت شد
2026-09-03 14:30:34,669 - INFO - 🔄 بعد از حذف تکراری: 8 کانفیگ برای JSON
2026-09-03 14:30:34,669 - WARNING - ⚠️ تعداد کانفیگ‌ها به 100 رسید (با None پر شد)
2026-09-03 14:30:34,670 - INFO - ✅ دقیقاً 100 کانفیگ در configs.json ذخیره شد
2026-09-03 14:30:34,670 - INFO - ✅ فایل configs.json با 8 کانفیگ واقعی به‌روز شد
2026-09-03 14:30:34,670 - INFO - 📝 نمونه کانفیگ اول: ss://YWVzLTI1Ni1nY206ZmFCQW9ENTRrODdVSkc3@15.204.2...
2026-09-03 14:30:34,670 - INFO - 📤 بخش ۲: دریافت کانفیگ‌های جدید برای ارسال به کانال...
2026-09-03 14:30:34,670 - INFO - 📡 دریافت پست‌ها از https://t.me/s/ConfigsHUB برای ارسال به کانال
2026-09-03 14:30:35,239 - INFO - ✅ 20 پست دریافت شد
2026-09-03 14:30:35,240 - INFO - 💾 وضعیت به‌روز شد: ConfigsHUB/2049785
2026-09-03 14:30:35,240 - INFO - 📊 از https://t.me/s/ConfigsHUB: 9 کانفیگ جدید پیدا شد
2026-09-03 14:30:35,241 - INFO - 📊 تعداد کل کانفیگ‌های جدید: 9
2026-09-03 14:30:35,241 - INFO - 📤 ارسال 8 کانفیگ به کانال
2026-09-03 14:30:35,832 - INFO - HTTP Request: POST https://api.telegram.org/bot8316746677:AAF1IzRzODBtCvVWrL6dWtw7F8U3qb4DwXM/sendMessage "HTTP/1.1 200 OK"
2026-09-03 14:30:35,833 - INFO - ✅ پیام 1 از 1 ارسال شد
2026-09-03 14:30:36,835 - INFO - ==================================================
2026-09-03 14:30:36,835 - INFO - 🏁 اجرای ربات با موفقیت به پایان رسید
2026-09-03 15:30:39,466 - INFO - ==================================================
2026-09-03 15:30:39,466 - INFO - 🚀 شروع اجرای ربات
2026-09-03 15:30:39,466 - INFO - 📥 بخش ۱: دریافت ۱۰۰ کانفیگ آخر برای فایل JSON...
2026-09-03 15:30:39,466 - INFO - 📡 دریافت کانفیگ‌ها از https://t.me/s/ConfigsHUB برای فایل JSON
2026-09-03 15:30:40,052 - INFO - ✅ 20 کانفیگ از صفحه دریافت شد
2026-09-03 15:30:40,053 - INFO - 📊 از https://t.me/s/ConfigsHUB: 20 کانفیگ دریافت شد
2026-09-03 15:30:40,053 - INFO - 🔄 بعد از حذف تکراری: 20 کانفیگ برای JSON
2026-09-03 15:30:40,053 - WARNING - ⚠️ تعداد کانفیگ‌ها به 100 رسید (با None پر شد)
2026-09-03 15:30:40,066 - INFO - ✅ دقیقاً 100 کانفیگ در configs.json ذخیره شد
2026-09-03 15:30:40,067 - INFO - ✅ فایل configs.json با 20 کانفیگ واقعی به‌روز شد
2026-09-03 15:30:40,067 - INFO - 📝 نمونه کانفیگ اول: vless://7f89560c-b9f0-4c56-b3e0-1b1bdafe0b08@45.19...
2026-09-03 15:30:40,067 - INFO - 📤 بخش ۲: دریافت کانفیگ‌های جدید برای ارسال به کانال...
2026-09-03 15:30:40,067 - INFO - 📡 دریافت پست‌ها از https://t.me/s/ConfigsHUB برای ارسال به کانال
2026-09-03 15:30:40,593 - INFO - ✅ 20 پست دریافت شد
2026-09-03 15:30:40,594 - INFO - 💾 وضعیت به‌روز شد: ConfigsHUB/2050076
2026-09-03 15:30:40,594 - INFO - 📊 از https://t.me/s/ConfigsHUB: 20 کانفیگ جدید پیدا شد
2026-09-03 15:30:40,594 - INFO - 📊 تعداد کل کانفیگ‌های جدید: 20
2026-09-03 15:30:40,594 - INFO - 📤 ارسال 10 کانفیگ به کانال
2026-09-03 15:30:41,307 - INFO - HTTP Request: POST https://api.telegram.org/bot8316746677:AAF1IzRzODBtCvVWrL6dWtw7F8U3qb4DwXM/sendMessage "HTTP/1.1 200 OK"
2026-09-03 15:30:41,308 - INFO - ✅ پیام 1 از 1 ارسال شد
2026-09-03 15:30:42,422 - INFO - ==================================================
2026-09-03 15:30:42,422 - INFO - 🏁 اجرای ربات با موفقیت به پایان رسید
2026-09-03 16:30:37,607 - INFO - ==================================================
2026-09-03 16:30:37,607 - INFO - 🚀 شروع اجرای ربات
2026-09-03 16:30:37,607 - INFO - 📥 بخش ۱: دریافت ۱۰۰ کانفیگ آخر برای فایل JSON...
2026-09-03 16:30:37,607 - INFO - 📡 دریافت کانفیگ‌ها از https://t.me/s/ConfigsHUB برای فایل JSON
2026-09-03 16:30:38,232 - INFO - ✅ 9 کانفیگ از صفحه دریافت شد
2026-09-03 16:30:38,233 - INFO - 📊 از https://t.me/s/ConfigsHUB: 9 کانفیگ دریافت شد
2026-09-03 16:30:38,233 - INFO - 🔄 بعد از حذف تکراری: 9 کانفیگ برای JSON
2026-09-03 16:30:38,233 - WARNING - ⚠️ تعداد کانفیگ‌ها به 100 رسید (با None پر شد)
2026-09-03 16:30:38,234 - INFO - ✅ دقیقاً 100 کانفیگ در configs.json ذخیره شد
2026-09-03 16:30:38,234 - INFO - ✅ فایل configs.json با 9 کانفیگ واقعی به‌روز شد
2026-09-03 16:30:38,234 - INFO - 📝 نمونه کانفیگ اول: vless://f2616bce-337a-4d13-8c58-1b5e71986569@82.24...
2026-09-03 16:30:38,234 - INFO - 📤 بخش ۲: دریافت کانفیگ‌های جدید برای ارسال به کانال...
2026-09-03 16:30:38,234 - INFO - 📡 دریافت پست‌ها از https://t.me/s/ConfigsHUB برای ارسال به کانال
2026-09-03 16:30:38,821 - INFO - ✅ 20 پست دریافت شد
2026-09-03 16:30:38,822 - INFO - 💾 وضعیت به‌روز شد: ConfigsHUB/2050309
2026-09-03 16:30:38,822 - INFO - 📊 از https://t.me/s/ConfigsHUB: 9 کانفیگ جدید پیدا شد
2026-09-03 16:30:38,822 - INFO - 📊 تعداد کل کانفیگ‌های جدید: 9
2026-09-03 16:30:38,822 - INFO - 📤 ارسال 9 کانفیگ به کانال
2026-09-03 16:30:39,497 - INFO - HTTP Request: POST https://api.telegram.org/bot8316746677:AAF1IzRzODBtCvVWrL6dWtw7F8U3qb4DwXM/sendMessage "HTTP/1.1 200 OK"
2026-09-03 16:30:39,498 - INFO - ✅ پیام 1 از 1 ارسال شد
2026-09-03 16:30:40,499 - INFO - ==================================================
2026-09-03 16:30:40,499 - INFO - 🏁 اجرای ربات با موفقیت به پایان رسید
2026-09-03 17:30:40,874 - INFO - ==================================================
2026-09-03 17:30:40,874 - INFO - 🚀 شروع اجرای ربات
2026-09-03 17:30:40,874 - INFO - 📥 بخش ۱: دریافت ۱۰۰ کانفیگ آخر برای فایل JSON...
2026-09-03 17:30:40,874 - INFO - 📡 دریافت کانفیگ‌ها از https://t.me/s/ConfigsHUB برای فایل JSON
2026-09-03 17:30:41,273 - INFO - ✅ 20 کانفیگ از صفحه دریافت شد
2026-09-03 17:30:41,274 - INFO - 📊 از https://t.me/s/ConfigsHUB: 20 کانفیگ دریافت شد
2026-09-03 17:30:41,274 - INFO - 🔄 بعد از حذف تکراری: 13 کانفیگ برای JSON
2026-09-03 17:30:41,274 - WARNING - ⚠️ تعداد کانفیگ‌ها به 100 رسید (با None پر شد)
2026-09-03 17:30:41,274 - INFO - ✅ دقیقاً 100 کانفیگ در configs.json ذخیره شد
2026-09-03 17:30:41,274 - INFO - ✅ فایل configs.json با 13 کانفیگ واقعی به‌روز شد
2026-09-03 17:30:41,274 - INFO - 📝 نمونه کانفیگ اول: vless://2f35965a-9a9b-45fd-ba32-987296dfb6be@md1.u...
2026-09-03 17:30:41,274 - INFO - 📤 بخش ۲: دریافت کانفیگ‌های جدید برای ارسال به کانال...
2026-09-03 17:30:41,275 - INFO - 📡 دریافت پست‌ها از https://t.me/s/ConfigsHUB برای ارسال به کانال
2026-09-03 17:30:41,673 - INFO - ✅ 20 پست دریافت شد
2026-09-03 17:30:41,674 - INFO - 💾 وضعیت به‌روز شد: ConfigsHUB/2050527
2026-09-03 17:30:41,674 - INFO - 📊 از https://t.me/s/ConfigsHUB: 20 کانفیگ جدید پیدا شد
2026-09-03 17:30:41,674 - INFO - 📊 تعداد کل کانفیگ‌های جدید: 20
2026-09-03 17:30:41,674 - INFO - 📤 ارسال 10 کانفیگ به کانال
2026-09-03 17:30:42,199 - INFO - HTTP Request: POST https://api.telegram.org/bot8316746677:AAF1IzRzODBtCvVWrL6dWtw7F8U3qb4DwXM/sendMessage "HTTP/1.1 200 OK"
2026-09-03 17:30:42,200 - INFO - ✅ پیام 1 از 1 ارسال شد
2026-09-03 17:30:43,201 - INFO - ==================================================
2026-09-03 17:30:43,201 - INFO - 🏁 اجرای ربات با موفقیت به پایان رسید
2026-09-03 17:41:24,115 - INFO - ==================================================
2026-09-03 17:41:24,115 - INFO - 🚀 شروع اجرای ربات
2026-09-03 17:41:24,115 - INFO - 📥 بخش ۱: دریافت ۱۰۰ کانفیگ آخر برای فایل JSON...
2026-09-03 17:41:24,115 - INFO - 📡 دریافت کانفیگ‌ها از https://t.me/s/ConfigsHUB برای فایل JSON
2026-09-03 17:41:24,590 - INFO - ✅ 19 کانفیگ از صفحه دریافت شد
2026-09-03 17:41:24,591 - INFO - 📊 از https://t.me/s/ConfigsHUB: 19 کانفیگ دریافت شد
2026-09-03 17:41:24,592 - INFO - 🔄 بعد از حذف تکراری: 14 کانفیگ برای JSON
2026-09-03 17:41:24,592 - WARNING - ⚠️ تعداد کانفیگ‌ها به 100 رسید (با None پر شد)
2026-09-03 17:41:24,592 - INFO - ✅ دقیقاً 100 کانفیگ در configs.json ذخیره شد
2026-09-03 17:41:24,592 - INFO - ✅ فایل configs.json با 14 کانفیگ واقعی به‌روز شد
2026-09-03 17:41:24,592 - INFO - 📝 نمونه کانفیگ اول: vless://e87a9033-53f9-4f76-8f8f-f0385d2b02a9@104.1...
2026-09-03 17:41:24,592 - INFO - 📤 بخش ۲: دریافت کانفیگ‌های جدید برای ارسال به کانال...
2026-09-03 17:41:24,592 - INFO - 📡 دریافت پست‌ها از https://t.me/s/ConfigsHUB برای ارسال به کانال
2026-09-03 17:41:25,006 - INFO - ✅ 20 پست دریافت شد
2026-09-03 17:41:25,007 - INFO - 💾 وضعیت به‌روز شد: ConfigsHUB/2050615
2026-09-03 17:41:25,008 - INFO - 📊 از https://t.me/s/ConfigsHUB: 19 کانفیگ جدید پیدا شد
2026-09-03 17:41:25,008 - INFO - 📊 تعداد کل کانفیگ‌های جدید: 19
2026-09-03 17:41:25,008 - INFO - 📤 ارسال 10 کانفیگ به کانال
2026-09-03 17:41:25,491 - INFO - HTTP Request: POST https://api.telegram.org/bot8316746677:AAF1IzRzODBtCvVWrL6dWtw7F8U3qb4DwXM/sendMessage "HTTP/1.1 200 OK"
2026-09-03 17:41:25,492 - INFO - ✅ پیام 1 از 1 ارسال شد
2026-09-03 17:41:26,494 - INFO - ==================================================
2026-09-03 17:41:26,494 - INFO - 🏁 اجرای ربات با موفقیت به پایان رسید
2026-09-03 18:30:29,200 - INFO - ==================================================
2026-09-03 18:30:29,200 - INFO - 🚀 شروع اجرای ربات
2026-09-03 18:30:29,200 - INFO - 📥 بخش ۱: دریافت ۱۰۰ کانفیگ آخر برای فایل JSON...
2026-09-03 18:30:29,201 - INFO - 📡 دریافت کانفیگ‌ها از https://t.me/s/ConfigsHUB برای فایل JSON
2026-09-03 18:30:29,730 - INFO - ✅ 7 کانفیگ از صفحه دریافت شد
2026-09-03 18:30:29,730 - INFO - 📊 از https://t.me/s/ConfigsHUB: 7 کانفیگ دریافت شد
2026-09-03 18:30:29,731 - INFO - 🔄 بعد از حذف تکراری: 7 کانفیگ برای JSON
2026-09-03 18:30:29,731 - WARNING - ⚠️ تعداد کانفیگ‌ها به 100 رسید (با None پر شد)
2026-09-03 18:30:29,731 - INFO - ✅ دقیقاً 100 کانفیگ در configs.json ذخیره شد
2026-09-03 18:30:29,731 - INFO - ✅ فایل configs.json با 7 کانفیگ واقعی به‌روز شد
2026-09-03 18:30:29,731 - INFO - 📝 نمونه کانفیگ اول: vless://2f35965a-9a9b-45fd-ba32-987296dfb6be@150.4...
2026-09-03 18:30:29,731 - INFO - 📤 بخش ۲: دریافت کانفیگ‌های جدید برای ارسال به کانال...
2026-09-03 18:30:29,731 - INFO - 📡 دریافت پست‌ها از https://t.me/s/ConfigsHUB برای ارسال به کانال
2026-09-03 18:30:30,186 - INFO - ✅ 20 پست دریافت شد
2026-09-03 18:30:30,188 - INFO - 💾 وضعیت به‌روز شد: ConfigsHUB/2050754
2026-09-03 18:30:30,188 - INFO - 📊 از https://t.me/s/ConfigsHUB: 7 کانفیگ جدید پیدا شد
2026-09-03 18:30:30,188 - INFO - 📊 تعداد کل کانفیگ‌های جدید: 7
2026-09-03 18:30:30,188 - INFO - 📤 ارسال 7 کانفیگ به کانال
2026-09-03 18:30:30,828 - INFO - HTTP Request: POST https://api.telegram.org/bot8316746677:AAF1IzRzODBtCvVWrL6dWtw7F8U3qb4DwXM/sendMessage "HTTP/1.1 200 OK"
2026-09-03 18:30:30,829 - INFO - ✅ پیام 1 از 1 ارسال شد
2026-09-03 18:30:31,830 - INFO - ==================================================
2026-09-03 18:30:31,830 - INFO - 🏁 اجرای ربات با موفقیت به پایان رسید
2026-09-03 19:30:30,297 - INFO - ==================================================
2026-09-03 19:30:30,297 - INFO - 🚀 شروع اجرای ربات
2026-09-03 19:30:30,297 - INFO - 📥 بخش ۱: دریافت ۱۰۰ کانفیگ آخر برای فایل JSON...
2026-09-03 19:30:30,297 - INFO - 📡 دریافت کانفیگ‌ها از https://t.me/s/ConfigsHUB برای فایل JSON
2026-09-03 19:30:30,977 - INFO - ✅ 13 کانفیگ از صفحه دریافت شد
2026-09-03 19:30:30,978 - INFO - 📊 از https://t.me/s/ConfigsHUB: 13 کانفیگ دریافت شد
2026-09-03 19:30:30,978 - INFO - 🔄 بعد از حذف تکراری: 13 کانفیگ برای JSON
2026-09-03 19:30:30,979 - WARNING - ⚠️ تعداد کانفیگ‌ها به 100 رسید (با None پر شد)
2026-09-03 19:30:30,979 - INFO - ✅ دقیقاً 100 کانفیگ در configs.json ذخیره شد
2026-09-03 19:30:30,979 - INFO - ✅ فایل configs.json با 13 کانفیگ واقعی به‌روز شد
2026-09-03 19:30:30,979 - INFO - 📝 نمونه کانفیگ اول: vless://60e2a548-96aa-4850-a279-1edab743c39b@132.2...
2026-09-03 19:30:30,979 - INFO - 📤 بخش ۲: دریافت کانفیگ‌های جدید برای ارسال به کانال...
2026-09-03 19:30:30,979 - INFO - 📡 دریافت پست‌ها از https://t.me/s/ConfigsHUB برای ارسال به کانال
2026-09-03 19:30:32,199 - INFO - ✅ 20 پست دریافت شد
2026-09-03 19:30:32,200 - INFO - 💾 وضعیت به‌روز شد: ConfigsHUB/2051012
2026-09-03 19:30:32,200 - INFO - 📊 از https://t.me/s/ConfigsHUB: 13 کانفیگ جدید پیدا شد
2026-09-03 19:30:32,200 - INFO - 📊 تعداد کل کانفیگ‌های جدید: 13
2026-09-03 19:30:32,200 - INFO - 📤 ارسال 10 کانفیگ به کانال
2026-09-03 19:30:33,164 - INFO - HTTP Request: POST https://api.telegram.org/bot8316746677:AAF1IzRzODBtCvVWrL6dWtw7F8U3qb4DwXM/sendMessage "HTTP/1.1 200 OK"
2026-09-03 19:30:33,165 - INFO - ✅ پیام 1 از 1 ارسال شد
2026-09-03 19:30:34,167 - INFO - ==================================================
2026-09-03 19:30:34,167 - INFO - 🏁 اجرای ربات با موفقیت به پایان رسید
2026-09-03 20:30:28,440 - INFO - ==================================================
2026-09-03 20:30:28,440 - INFO - 🚀 شروع اجرای ربات
2026-09-03 20:30:28,440 - INFO - 📥 بخش ۱: دریافت ۱۰۰ کانفیگ آخر برای فایل JSON...
2026-09-03 20:30:28,441 - INFO - 📡 دریافت کانفیگ‌ها از https://t.me/s/ConfigsHUB برای فایل JSON
2026-09-03 20:30:29,138 - INFO - ✅ 13 کانفیگ از صفحه دریافت شد
2026-09-03 20:30:29,139 - INFO - 📊 از https://t.me/s/ConfigsHUB: 13 کانفیگ دریافت شد
2026-09-03 20:30:29,139 - INFO - 🔄 بعد از حذف تکراری: 13 کانفیگ برای JSON
2026-09-03 20:30:29,139 - WARNING - ⚠️ تعداد کانفیگ‌ها به 100 رسید (با None پر شد)
2026-09-03 20:30:29,140 - INFO - ✅ دقیقاً 100 کانفیگ در configs.json ذخیره شد
2026-09-03 20:30:29,140 - INFO - ✅ فایل configs.json با 13 کانفیگ واقعی به‌روز شد
2026-09-03 20:30:29,140 - INFO - 📝 نمونه کانفیگ اول: trojan://MiTiVPN@199.232.78.160:443?path=%2F---TOO...
2026-09-03 20:30:29,140 - INFO - 📤 بخش ۲: دریافت کانفیگ‌های جدید برای ارسال به کانال...
2026-09-03 20:30:29,140 - INFO - 📡 دریافت پست‌ها از https://t.me/s/ConfigsHUB برای ارسال به کانال
2026-09-03 20:30:29,778 - INFO - ✅ 20 پست دریافت شد
2026-09-03 20:30:29,779 - INFO - 💾 وضعیت به‌روز شد: ConfigsHUB/2051256
2026-09-03 20:30:29,779 - INFO - 📊 از https://t.me/s/ConfigsHUB: 13 کانفیگ جدید پیدا شد
2026-09-03 20:30:29,779 - INFO - 📊 تعداد کل کانفیگ‌های جدید: 13
2026-09-03 20:30:29,779 - INFO - 📤 ارسال 10 کانفیگ به کانال
2026-09-03 20:30:30,494 - INFO - HTTP Request: POST https://api.telegram.org/bot8316746677:AAF1IzRzODBtCvVWrL6dWtw7F8U3qb4DwXM/sendMessage "HTTP/1.1 200 OK"
2026-09-03 20:30:30,495 - INFO - ✅ پیام 1 از 1 ارسال شد
2026-09-03 20:30:31,497 - INFO - ==================================================
2026-09-03 20:30:31,497 - INFO - 🏁 اجرای ربات با موفقیت به پایان رسید
2026-09-03 20:46:01,550 - INFO - ==================================================
2026-09-03 20:46:01,550 - INFO - 🚀 شروع اجرای ربات
2026-09-03 20:46:01,550 - INFO - 📥 بخش ۱: دریافت ۱۰۰ کانفیگ آخر برای فایل JSON...
2026-09-03 20:46:01,550 - INFO - 📡 دریافت کانفیگ‌ها از https://t.me/s/ConfigsHUB برای فایل JSON
2026-09-03 20:46:02,062 - INFO - ✅ 9 کانفیگ از صفحه دریافت شد
2026-09-03 20:46:02,063 - INFO - 📊 از https://t.me/s/ConfigsHUB: 9 کانفیگ دریافت شد
2026-09-03 20:46:02,063 - INFO - 🔄 بعد از حذف تکراری: 9 کانفیگ برای JSON
2026-09-03 20:46:02,063 - WARNING - ⚠️ تعداد کانفیگ‌ها به 100 رسید (با None پر شد)
2026-09-03 20:46:02,064 - INFO - ✅ دقیقاً 100 کانفیگ در configs.json ذخیره شد
2026-09-03 20:46:02,064 - INFO - ✅ فایل configs.json با 9 کانفیگ واقعی به‌روز شد
2026-09-03 20:46:02,064 - INFO - 📝 نمونه کانفیگ اول: vless://90da514d-8888-4a53-912e-ac2981c8c6ee@188.2...
2026-09-03 20:46:02,064 - INFO - 📤 بخش ۲: دریافت کانفیگ‌های جدید برای ارسال به کانال...
2026-09-03 20:46:02,064 - INFO - 📡 دریافت پست‌ها از https://t.me/s/ConfigsHUB برای ارسال به کانال
2026-09-03 20:46:02,463 - INFO - ✅ 20 پست دریافت شد
2026-09-03 20:46:02,464 - INFO - 💾 وضعیت به‌روز شد: ConfigsHUB/2051319
2026-09-03 20:46:02,464 - INFO - 📊 از https://t.me/s/ConfigsHUB: 9 کانفیگ جدید پیدا شد
2026-09-03 20:46:02,464 - INFO - 📊 تعداد کل کانفیگ‌های جدید: 9
2026-09-03 20:46:02,464 - INFO - 📤 ارسال 9 کانفیگ به کانال
2026-09-03 20:46:02,892 - INFO - HTTP Request: POST https://api.telegram.org/bot8316746677:AAF1IzRzODBtCvVWrL6dWtw7F8U3qb4DwXM/sendMessage "HTTP/1.1 200 OK"
2026-09-03 20:46:02,893 - INFO - ✅ پیام 1 از 1 ارسال شد
2026-09-03 20:46:03,895 - INFO - ==================================================
2026-09-03 20:46:03,895 - INFO - 🏁 اجرای ربات با موفقیت به پایان رسید
2026-09-03 21:30:28,217 - INFO - ==================================================
2026-09-03 21:30:28,217 - INFO - 🚀 شروع اجرای ربات
2026-09-03 21:30:28,217 - INFO - 📥 بخش ۱: دریافت ۱۰۰ کانفیگ آخر برای فایل JSON...
2026-09-03 21:30:28,217 - INFO - 📡 دریافت کانفیگ‌ها از https://t.me/s/ConfigsHUB برای فایل JSON
2026-09-03 21:30:28,885 - INFO - ✅ 20 کانفیگ از صفحه دریافت شد
2026-09-03 21:30:28,886 - INFO - 📊 از https://t.me/s/ConfigsHUB: 20 کانفیگ دریافت شد
2026-09-03 21:30:28,887 - INFO - 🔄 بعد از حذف تکراری: 19 کانفیگ برای JSON
2026-09-03 21:30:28,887 - WARNING - ⚠️ تعداد کانفیگ‌ها به 100 رسید (با None پر شد)
2026-09-03 21:30:28,887 - INFO - ✅ دقیقاً 100 کانفیگ در configs.json ذخیره شد
2026-09-03 21:30:28,887 - INFO - ✅ فایل configs.json با 19 کانفیگ واقعی به‌روز شد
2026-09-03 21:30:28,887 - INFO - 📝 نمونه کانفیگ اول: vless://2f35965a-9a9b-45fd-ba32-987296dfb6be@45.9....
2026-09-03 21:30:28,887 - INFO - 📤 بخش ۲: دریافت کانفیگ‌های جدید برای ارسال به کانال...
2026-09-03 21:30:28,887 - INFO - 📡 دریافت پست‌ها از https://t.me/s/ConfigsHUB برای ارسال به کانال
2026-09-03 21:30:29,468 - INFO - ✅ 20 پست دریافت شد
2026-09-03 21:30:29,469 - INFO - 💾 وضعیت به‌روز شد: ConfigsHUB/2051433
2026-09-03 21:30:29,469 - INFO - 📊 از https://t.me/s/ConfigsHUB: 20 کانفیگ جدید پیدا شد
2026-09-03 21:30:29,469 - INFO - 📊 تعداد کل کانفیگ‌های جدید: 20
2026-09-03 21:30:29,469 - INFO - 📤 ارسال 10 کانفیگ به کانال
2026-09-03 21:30:30,177 - INFO - HTTP Request: POST https://api.telegram.org/bot8316746677:AAF1IzRzODBtCvVWrL6dWtw7F8U3qb4DwXM/sendMessage "HTTP/1.1 200 OK"
2026-09-03 21:30:30,178 - INFO - ✅ پیام 1 از 1 ارسال شد
2026-09-03 21:30:31,180 - INFO - ==================================================
2026-09-03 21:30:31,180 - INFO - 🏁 اجرای ربات با موفقیت به پایان رسید
2026-09-03 22:30:29,594 - INFO - ==================================================
2026-09-03 22:30:29,594 - INFO - 🚀 شروع اجرای ربات
2026-09-03 22:30:29,594 - INFO - 📥 بخش ۱: دریافت ۱۰۰ کانفیگ آخر برای فایل JSON...
2026-09-03 22:30:29,594 - INFO - 📡 دریافت کانفیگ‌ها از https://t.me/s/ConfigsHUB برای فایل JSON
2026-09-03 22:30:30,078 - INFO - ✅ 12 کانفیگ از صفحه دریافت شد
2026-09-03 22:30:30,079 - INFO - 📊 از https://t.me/s/ConfigsHUB: 12 کانفیگ دریافت شد
2026-09-03 22:30:30,080 - INFO - 🔄 بعد از حذف تکراری: 12 کانفیگ برای JSON
2026-09-03 22:30:30,080 - WARNING - ⚠️ تعداد کانفیگ‌ها به 100 رسید (با None پر شد)
2026-09-03 22:30:30,080 - INFO - ✅ دقیقاً 100 کانفیگ در configs.json ذخیره شد
2026-09-03 22:30:30,080 - INFO - ✅ فایل configs.json با 12 کانفیگ واقعی به‌روز شد
2026-09-03 22:30:30,080 - INFO - 📝 نمونه کانفیگ اول: vless://08ffff12-93bb-42eb-8c83-6489644a1d04@k2.cl...
2026-09-03 22:30:30,080 - INFO - 📤 بخش ۲: دریافت کانفیگ‌های جدید برای ارسال به کانال...
2026-09-03 22:30:30,080 - INFO - 📡 دریافت پست‌ها از https://t.me/s/ConfigsHUB برای ارسال به کانال
2026-09-03 22:30:30,496 - INFO - ✅ 20 پست دریافت شد
2026-09-03 22:30:30,497 - INFO - 💾 وضعیت به‌روز شد: ConfigsHUB/2051554
2026-09-03 22:30:30,497 - INFO - 📊 از https://t.me/s/ConfigsHUB: 12 کانفیگ جدید پیدا شد
2026-09-03 22:30:30,497 - INFO - 📊 تعداد کل کانفیگ‌های جدید: 12
2026-09-03 22:30:30,497 - INFO - 📤 ارسال 10 کانفیگ به کانال
2026-09-03 22:30:31,018 - INFO - HTTP Request: POST https://api.telegram.org/bot8316746677:AAF1IzRzODBtCvVWrL6dWtw7F8U3qb4DwXM/sendMessage "HTTP/1.1 200 OK"
2026-09-03 22:30:31,019 - INFO - ✅ پیام 1 از 1 ارسال شد
2026-09-03 22:30:32,020 - INFO - ==================================================
2026-09-03 22:30:32,021 - INFO - 🏁 اجرای ربات با موفقیت به پایان رسید
2026-09-03 23:06:25,604 - INFO - ==================================================
2026-09-03 23:06:25,604 - INFO - 🚀 شروع اجرای ربات
2026-09-03 23:06:25,604 - INFO - 📥 بخش ۱: دریافت ۱۰۰ کانفیگ آخر برای فایل JSON...
2026-09-03 23:06:25,604 - INFO - 📡 دریافت کانفیگ‌ها از https://t.me/s/ConfigsHUB برای فایل JSON
2026-09-03 23:06:26,099 - INFO - ✅ 15 کانفیگ از صفحه دریافت شد
2026-09-03 23:06:26,100 - INFO - 📊 از https://t.me/s/ConfigsHUB: 15 کانفیگ دریافت شد
2026-09-03 23:06:26,100 - INFO - 🔄 بعد از حذف تکراری: 15 کانفیگ برای JSON
2026-09-03 23:06:26,100 - WARNING - ⚠️ تعداد کانفیگ‌ها به 100 رسید (با None پر شد)
2026-09-03 23:06:26,101 - INFO - ✅ دقیقاً 100 کانفیگ در configs.json ذخیره شد
2026-09-03 23:06:26,101 - INFO - ✅ فایل configs.json با 15 کانفیگ واقعی به‌روز شد
2026-09-03 23:06:26,101 - INFO - 📝 نمونه کانفیگ اول: vless://0dc5792d-0e46-497c-8bb3-03f32da0b311@ger4....
2026-09-03 23:06:26,101 - INFO - 📤 بخش ۲: دریافت کانفیگ‌های جدید برای ارسال به کانال...
2026-09-03 23:06:26,101 - INFO - 📡 دریافت پست‌ها از https://t.me/s/ConfigsHUB برای ارسال به کانال
2026-09-03 23:06:26,551 - INFO - ✅ 20 پست دریافت شد
2026-09-03 23:06:26,552 - INFO - 💾 وضعیت به‌روز شد: ConfigsHUB/2051612
2026-09-03 23:06:26,552 - INFO - 📊 از https://t.me/s/ConfigsHUB: 15 کانفیگ جدید پیدا شد
2026-09-03 23:06:26,552 - INFO - 📊 تعداد کل کانفیگ‌های جدید: 15
2026-09-03 23:06:26,552 - INFO - 📤 ارسال 10 کانفیگ به کانال
2026-09-03 23:06:27,104 - INFO - HTTP Request: POST https://api.telegram.org/bot8316746677:AAF1IzRzODBtCvVWrL6dWtw7F8U3qb4DwXM/sendMessage "HTTP/1.1 200 OK"
2026-09-03 23:06:27,105 - INFO - ✅ پیام 1 از 1 ارسال شد
2026-09-03 23:06:28,107 - INFO - ==================================================
2026-09-03 23:06:28,107 - INFO - 🏁 اجرای ربات با موفقیت به پایان رسید
2026-09-03 23:30:32,787 - INFO - ==================================================
2026-09-03 23:30:32,787 - INFO - 🚀 شروع اجرای ربات
2026-09-03 23:30:32,788 - INFO - 📥 بخش ۱: دریافت ۱۰۰ کانفیگ آخر برای فایل JSON...
2026-09-03 23:30:32,788 - INFO - 📡 دریافت کانفیگ‌ها از https://t.me/s/ConfigsHUB برای فایل JSON
2026-09-03 23:30:33,295 - INFO - ✅ 14 کانفیگ از صفحه دریافت شد
2026-09-03 23:30:33,296 - INFO - 📊 از https://t.me/s/ConfigsHUB: 14 کانفیگ دریافت شد
2026-09-03 23:30:33,296 - INFO - 🔄 بعد از حذف تکراری: 13 کانفیگ برای JSON
2026-09-03 23:30:33,296 - WARNING - ⚠️ تعداد کانفیگ‌ها به 100 رسید (با None پر شد)
2026-09-03 23:30:33,296 - INFO - ✅ دقیقاً 100 کانفیگ در configs.json ذخیره شد
2026-09-03 23:30:33,296 - INFO - ✅ فایل configs.json با 13 کانفیگ واقعی به‌روز شد
2026-09-03 23:30:33,296 - INFO - 📝 نمونه کانفیگ اول: vless://abe29339-9ac1-48be-bc47-00d81c0a3019@151.1...
2026-09-03 23:30:33,296 - INFO - 📤 بخش ۲: دریافت کانفیگ‌های جدید برای ارسال به کانال...
2026-09-03 23:30:33,297 - INFO - 📡 دریافت پست‌ها از https://t.me/s/ConfigsHUB برای ارسال به کانال
2026-09-03 23:30:33,724 - INFO - ✅ 20 پست دریافت شد
2026-09-03 23:30:33,725 - INFO - 💾 وضعیت به‌روز شد: ConfigsHUB/2051634
2026-09-03 23:30:33,725 - INFO - 📊 از https://t.me/s/ConfigsHUB: 14 کانفیگ جدید پیدا شد
2026-09-03 23:30:33,725 - INFO - 📊 تعداد کل کانفیگ‌های جدید: 14
2026-09-03 23:30:33,726 - INFO - 📤 ارسال 10 کانفیگ به کانال
2026-09-03 23:30:34,323 - INFO - HTTP Request: POST https://api.telegram.org/bot8316746677:AAF1IzRzODBtCvVWrL6dWtw7F8U3qb4DwXM/sendMessage "HTTP/1.1 200 OK"
2026-09-03 23:30:34,324 - INFO - ✅ پیام 1 از 1 ارسال شد
2026-09-03 23:30:35,324 - INFO - ==================================================
2026-09-03 23:30:35,325 - INFO - 🏁 اجرای ربات با موفقیت به پایان رسید
2026-09-04 00:30:30,831 - INFO - ==================================================
2026-09-04 00:30:30,831 - INFO - 🚀 شروع اجرای ربات
2026-09-04 00:30:30,831 - INFO - 📥 بخش ۱: دریافت ۱۰۰ کانفیگ آخر برای فایل JSON...
2026-09-04 00:30:30,831 - INFO - 📡 دریافت کانفیگ‌ها از https://t.me/s/ConfigsHUB برای فایل JSON
2026-09-04 00:30:31,312 - INFO - ✅ 19 کانفیگ از صفحه دریافت شد
2026-09-04 00:30:31,313 - INFO - 📊 از https://t.me/s/ConfigsHUB: 19 کانفیگ دریافت شد
2026-09-04 00:30:31,313 - INFO - 🔄 بعد از حذف تکراری: 19 کانفیگ برای JSON
2026-09-04 00:30:31,313 - WARNING - ⚠️ تعداد کانفیگ‌ها به 100 رسید (با None پر شد)
2026-09-04 00:30:31,313 - INFO - ✅ دقیقاً 100 کانفیگ در configs.json ذخیره شد
2026-09-04 00:30:31,313 - INFO - ✅ فایل configs.json با 19 کانفیگ واقعی به‌روز شد
2026-09-04 00:30:31,313 - INFO - 📝 نمونه کانفیگ اول: vless://eeb02670-a669-453a-a9ca-9aa09dec31c6@serve...
2026-09-04 00:30:31,313 - INFO - 📤 بخش ۲: دریافت کانفیگ‌های جدید برای ارسال به کانال...
2026-09-04 00:30:31,313 - INFO - 📡 دریافت پست‌ها از https://t.me/s/ConfigsHUB برای ارسال به کانال
2026-09-04 00:30:31,744 - INFO - ✅ 20 پست دریافت شد
2026-09-04 00:30:31,745 - INFO - 💾 وضعیت به‌روز شد: ConfigsHUB/2051762
2026-09-04 00:30:31,745 - INFO - 📊 از https://t.me/s/ConfigsHUB: 19 کانفیگ جدید پیدا شد
2026-09-04 00:30:31,745 - INFO - 📊 تعداد کل کانفیگ‌های جدید: 19
2026-09-04 00:30:31,745 - INFO - 📤 ارسال 10 کانفیگ به کانال
2026-09-04 00:30:32,387 - INFO - HTTP Request: POST https://api.telegram.org/bot8316746677:AAF1IzRzODBtCvVWrL6dWtw7F8U3qb4DwXM/sendMessage "HTTP/1.1 200 OK"
2026-09-04 00:30:32,388 - INFO - ✅ پیام 1 از 1 ارسال شد
2026-09-04 00:30:33,390 - INFO - ==================================================
2026-09-04 00:30:33,390 - INFO - 🏁 اجرای ربات با موفقیت به پایان رسید
2026-09-04 01:30:29,666 - INFO - ==================================================
2026-09-04 01:30:29,666 - INFO - 🚀 شروع اجرای ربات
2026-09-04 01:30:29,666 - INFO - 📥 بخش ۱: دریافت ۱۰۰ کانفیگ آخر برای فایل JSON...
2026-09-04 01:30:29,666 - INFO - 📡 دریافت کانفیگ‌ها از https://t.me/s/ConfigsHUB برای فایل JSON
2026-09-04 01:30:30,125 - INFO - ✅ 20 کانفیگ از صفحه دریافت شد
2026-09-04 01:30:30,127 - INFO - 📊 از https://t.me/s/ConfigsHUB: 20 کانفیگ دریافت شد
2026-09-04 01:30:30,127 - INFO - 🔄 بعد از حذف تکراری: 20 کانفیگ برای JSON
2026-09-04 01:30:30,127 - WARNING - ⚠️ تعداد کانفیگ‌ها به 100 رسید (با None پر شد)
2026-09-04 01:30:30,127 - INFO - ✅ دقیقاً 100 کانفیگ در configs.json ذخیره شد
2026-09-04 01:30:30,127 - INFO - ✅ فایل configs.json با 20 کانفیگ واقعی به‌روز شد
2026-09-04 01:30:30,127 - INFO - 📝 نمونه کانفیگ اول: vless://3bb6fd82-3a15-eaea-6168-4dac2b70079e@141.1...
2026-09-04 01:30:30,127 - INFO - 📤 بخش ۲: دریافت کانفیگ‌های جدید برای ارسال به کانال...
2026-09-04 01:30:30,128 - INFO - 📡 دریافت پست‌ها از https://t.me/s/ConfigsHUB برای ارسال به کانال
2026-09-04 01:30:30,522 - INFO - ✅ 20 پست دریافت شد
2026-09-04 01:30:30,524 - INFO - 💾 وضعیت به‌روز شد: ConfigsHUB/2051868
2026-09-04 01:30:30,524 - INFO - 📊 از https://t.me/s/ConfigsHUB: 20 کانفیگ جدید پیدا شد
2026-09-04 01:30:30,524 - INFO - 📊 تعداد کل کانفیگ‌های جدید: 20
2026-09-04 01:30:30,524 - INFO - 📤 ارسال 10 کانفیگ به کانال
2026-09-04 01:30:31,106 - INFO - HTTP Request: POST https://api.telegram.org/bot8316746677:AAF1IzRzODBtCvVWrL6dWtw7F8U3qb4DwXM/sendMessage "HTTP/1.1 200 OK"
2026-09-04 01:30:31,107 - INFO - ✅ پیام 1 از 1 ارسال شد
2026-09-04 01:30:32,109 - INFO - ==================================================
2026-09-04 01:30:32,109 - INFO - 🏁 اجرای ربات با موفقیت به پایان رسید
2026-09-04 02:30:30,522 - INFO - ==================================================
2026-09-04 02:30:30,522 - INFO - 🚀 شروع اجرای ربات
2026-09-04 02:30:30,522 - INFO - 📥 بخش ۱: دریافت ۱۰۰ کانفیگ آخر برای فایل JSON...
2026-09-04 02:30:30,523 - INFO - 📡 دریافت کانفیگ‌ها از https://t.me/s/ConfigsHUB برای فایل JSON
2026-09-04 02:30:31,023 - INFO - ✅ 20 کانفیگ از صفحه دریافت شد
2026-09-04 02:30:31,024 - INFO - 📊 از https://t.me/s/ConfigsHUB: 20 کانفیگ دریافت شد
2026-09-04 02:30:31,024 - INFO - 🔄 بعد از حذف تکراری: 20 کانفیگ برای JSON
2026-09-04 02:30:31,024 - WARNING - ⚠️ تعداد کانفیگ‌ها به 100 رسید (با None پر شد)
2026-09-04 02:30:31,024 - INFO - ✅ دقیقاً 100 کانفیگ در configs.json ذخیره شد
2026-09-04 02:30:31,024 - INFO - ✅ فایل configs.json با 20 کانفیگ واقعی به‌روز شد
2026-09-04 02:30:31,024 - INFO - 📝 نمونه کانفیگ اول: vless://6202b230-417c-4d8e-b624-0f71afa9c75d@114.1...
2026-09-04 02:30:31,024 - INFO - 📤 بخش ۲: دریافت کانفیگ‌های جدید برای ارسال به کانال...
2026-09-04 02:30:31,025 - INFO - 📡 دریافت پست‌ها از https://t.me/s/ConfigsHUB برای ارسال به کانال
2026-09-04 02:30:31,470 - INFO - ✅ 20 پست دریافت شد
2026-09-04 02:30:31,471 - INFO - 💾 وضعیت به‌روز شد: ConfigsHUB/2052000
2026-09-04 02:30:31,471 - INFO - 📊 از https://t.me/s/ConfigsHUB: 20 کانفیگ جدید پیدا شد
2026-09-04 02:30:31,472 - INFO - 📊 تعداد کل کانفیگ‌های جدید: 20
2026-09-04 02:30:31,472 - INFO - 📤 ارسال 10 کانفیگ به کانال
2026-09-04 02:30:32,073 - INFO - HTTP Request: POST https://api.telegram.org/bot8316746677:AAF1IzRzODBtCvVWrL6dWtw7F8U3qb4DwXM/sendMessage "HTTP/1.1 200 OK"
2026-09-04 02:30:32,074 - INFO - ✅ پیام 1 از 1 ارسال شد
2026-09-04 02:30:33,075 - INFO - ==================================================
2026-09-04 02:30:33,076 - INFO - 🏁 اجرای ربات با موفقیت به پایان رسید
2026-09-04 03:30:26,211 - INFO - ==================================================
2026-09-04 03:30:26,211 - INFO - 🚀 شروع اجرای ربات
2026-09-04 03:30:26,211 - INFO - 📥 بخش ۱: دریافت ۱۰۰ کانفیگ آخر برای فایل JSON...
2026-09-04 03:30:26,211 - INFO - 📡 دریافت کانفیگ‌ها از https://t.me/s/ConfigsHUB برای فایل JSON
2026-09-04 03:30:26,723 - INFO - ✅ 18 کانفیگ از صفحه دریافت شد
2026-09-04 03:30:26,725 - INFO - 📊 از https://t.me/s/ConfigsHUB: 18 کانفیگ دریافت شد
2026-09-04 03:30:26,725 - INFO - 🔄 بعد از حذف تکراری: 18 کانفیگ برای JSON
2026-09-04 03:30:26,725 - WARNING - ⚠️ تعداد کانفیگ‌ها به 100 رسید (با None پر شد)
2026-09-04 03:30:26,725 - INFO - ✅ دقیقاً 100 کانفیگ در configs.json ذخیره شد
2026-09-04 03:30:26,725 - INFO - ✅ فایل configs.json با 18 کانفیگ واقعی به‌روز شد
2026-09-04 03:30:26,725 - INFO - 📝 نمونه کانفیگ اول: vless://435bda4c-fe5e-42c9-a3ad-15334943b38a@104.1...
2026-09-04 03:30:26,725 - INFO - 📤 بخش ۲: دریافت کانفیگ‌های جدید برای ارسال به کانال...
2026-09-04 03:30:26,725 - INFO - 📡 دریافت پست‌ها از https://t.me/s/ConfigsHUB برای ارسال به کانال
2026-09-04 03:30:27,104 - INFO - ✅ 20 پست دریافت شد
2026-09-04 03:30:27,106 - INFO - 💾 وضعیت به‌روز شد: ConfigsHUB/2052111
2026-09-04 03:30:27,106 - INFO - 📊 از https://t.me/s/ConfigsHUB: 18 کانفیگ جدید پیدا شد
2026-09-04 03:30:27,106 - INFO - 📊 تعداد کل کانفیگ‌های جدید: 18
2026-09-04 03:30:27,106 - INFO - 📤 ارسال 10 کانفیگ به کانال
2026-09-04 03:30:27,544 - INFO - HTTP Request: POST https://api.telegram.org/bot8316746677:AAF1IzRzODBtCvVWrL6dWtw7F8U3qb4DwXM/sendMessage "HTTP/1.1 200 OK"
2026-09-04 03:30:27,545 - INFO - ✅ پیام 1 از 1 ارسال شد
2026-09-04 03:30:28,547 - INFO - ==================================================
2026-09-04 03:30:28,547 - INFO - 🏁 اجرای ربات با موفقیت به پایان رسید
2026-09-04 03:49:02,146 - INFO - ==================================================
2026-09-04 03:49:02,146 - INFO - 🚀 شروع اجرای ربات
2026-09-04 03:49:02,146 - INFO - 📥 بخش ۱: دریافت ۱۰۰ کانفیگ آخر برای فایل JSON...
2026-09-04 03:49:02,146 - INFO - 📡 دریافت کانفیگ‌ها از https://t.me/s/ConfigsHUB برای فایل JSON
2026-09-04 03:49:02,827 - INFO - ✅ 7 کانفیگ از صفحه دریافت شد
2026-09-04 03:49:02,828 - INFO - 📊 از https://t.me/s/ConfigsHUB: 7 کانفیگ دریافت شد
2026-09-04 03:49:02,828 - INFO - 🔄 بعد از حذف تکراری: 7 کانفیگ برای JSON
2026-09-04 03:49:02,828 - WARNING - ⚠️ تعداد کانفیگ‌ها به 100 رسید (با None پر شد)
2026-09-04 03:49:02,829 - INFO - ✅ دقیقاً 100 کانفیگ در configs.json ذخیره شد
2026-09-04 03:49:02,829 - INFO - ✅ فایل configs.json با 7 کانفیگ واقعی به‌روز شد
2026-09-04 03:49:02,829 - INFO - 📝 نمونه کانفیگ اول: vless://3e7bb66e-d7c6-4711-aa05-e4ab0ec58c6d@188.1...
2026-09-04 03:49:02,829 - INFO - 📤 بخش ۲: دریافت کانفیگ‌های جدید برای ارسال به کانال...
2026-09-04 03:49:02,829 - INFO - 📡 دریافت پست‌ها از https://t.me/s/ConfigsHUB برای ارسال به کانال
2026-09-04 03:49:03,402 - INFO - ✅ 20 پست دریافت شد
2026-09-04 03:49:03,403 - INFO - 💾 وضعیت به‌روز شد: ConfigsHUB/2052150
2026-09-04 03:49:03,403 - INFO - 📊 از https://t.me/s/ConfigsHUB: 7 کانفیگ جدید پیدا شد
2026-09-04 03:49:03,403 - INFO - 📊 تعداد کل کانفیگ‌های جدید: 7
2026-09-04 03:49:03,403 - INFO - 📤 ارسال 7 کانفیگ به کانال
2026-09-04 03:49:04,102 - INFO - HTTP Request: POST https://api.telegram.org/bot8316746677:AAF1IzRzODBtCvVWrL6dWtw7F8U3qb4DwXM/sendMessage "HTTP/1.1 200 OK"
2026-09-04 03:49:04,103 - INFO - ✅ پیام 1 از 1 ارسال شد
2026-09-04 03:49:05,105 - INFO - ==================================================
2026-09-04 03:49:05,105 - INFO - 🏁 اجرای ربات با موفقیت به پایان رسید
2026-09-04 04:30:30,889 - INFO - ==================================================
2026-09-04 04:30:30,889 - INFO - 🚀 شروع اجرای ربات
2026-09-04 04:30:30,889 - INFO - 📥 بخش ۱: دریافت ۱۰۰ کانفیگ آخر برای فایل JSON...
2026-09-04 04:30:30,889 - INFO - 📡 دریافت کانفیگ‌ها از https://t.me/s/ConfigsHUB برای فایل JSON
2026-09-04 04:30:31,407 - INFO - ✅ 18 کانفیگ از صفحه دریافت شد
2026-09-04 04:30:31,408 - INFO - 📊 از https://t.me/s/ConfigsHUB: 18 کانفیگ دریافت شد
2026-09-04 04:30:31,408 - INFO - 🔄 بعد از حذف تکراری: 18 کانفیگ برای JSON
2026-09-04 04:30:31,408 - WARNING - ⚠️ تعداد کانفیگ‌ها به 100 رسید (با None پر شد)
2026-09-04 04:30:31,409 - INFO - ✅ دقیقاً 100 کانفیگ در configs.json ذخیره شد
2026-09-04 04:30:31,409 - INFO - ✅ فایل configs.json با 18 کانفیگ واقعی به‌روز شد
2026-09-04 04:30:31,409 - INFO - 📝 نمونه کانفیگ اول: vless://d667d674-d836-4066-9980-b61fddc0d4e2@172.6...
2026-09-04 04:30:31,409 - INFO - 📤 بخش ۲: دریافت کانفیگ‌های جدید برای ارسال به کانال...
2026-09-04 04:30:31,409 - INFO - 📡 دریافت پست‌ها از https://t.me/s/ConfigsHUB برای ارسال به کانال
2026-09-04 04:30:31,869 - INFO - ✅ 20 پست دریافت شد
2026-09-04 04:30:31,870 - INFO - 💾 وضعیت به‌روز شد: ConfigsHUB/2052212
2026-09-04 04:30:31,870 - INFO - 📊 از https://t.me/s/ConfigsHUB: 18 کانفیگ جدید پیدا شد
2026-09-04 04:30:31,870 - INFO - 📊 تعداد کل کانفیگ‌های جدید: 18
2026-09-04 04:30:31,870 - INFO - 📤 ارسال 10 کانفیگ به کانال
2026-09-04 04:30:32,428 - INFO - HTTP Request: POST https://api.telegram.org/bot8316746677:AAF1IzRzODBtCvVWrL6dWtw7F8U3qb4DwXM/sendMessage "HTTP/1.1 200 OK"
2026-09-04 04:30:32,429 - INFO - ✅ پیام 1 از 1 ارسال شد
2026-09-04 04:30:33,431 - INFO - ==================================================
2026-09-04 04:30:33,431 - INFO - 🏁 اجرای ربات با موفقیت به پایان رسید
2026-09-04 05:30:30,015 - INFO - ==================================================
2026-09-04 05:30:30,015 - INFO - 🚀 شروع اجرای ربات
2026-09-04 05:30:30,015 - INFO - 📥 بخش ۱: دریافت ۱۰۰ کانفیگ آخر برای فایل JSON...
2026-09-04 05:30:30,015 - INFO - 📡 دریافت کانفیگ‌ها از https://t.me/s/ConfigsHUB برای فایل JSON
2026-09-04 05:30:30,522 - INFO - ✅ 20 کانفیگ از صفحه دریافت شد
2026-09-04 05:30:30,522 - INFO - 📊 از https://t.me/s/ConfigsHUB: 20 کانفیگ دریافت شد
2026-09-04 05:30:30,523 - INFO - 🔄 بعد از حذف تکراری: 19 کانفیگ برای JSON
2026-09-04 05:30:30,523 - WARNING - ⚠️ تعداد کانفیگ‌ها به 100 رسید (با None پر شد)
2026-09-04 05:30:30,523 - INFO - ✅ دقیقاً 100 کانفیگ در configs.json ذخیره شد
2026-09-04 05:30:30,523 - INFO - ✅ فایل configs.json با 19 کانفیگ واقعی به‌روز شد
2026-09-04 05:30:30,523 - INFO - 📝 نمونه کانفیگ اول: vless://ac7fb60f-0b7a-465d-a002-05160ec04ed6@som5....
2026-09-04 05:30:30,523 - INFO - 📤 بخش ۲: دریافت کانفیگ‌های جدید برای ارسال به کانال...
2026-09-04 05:30:30,523 - INFO - 📡 دریافت پست‌ها از https://t.me/s/ConfigsHUB برای ارسال به کانال
2026-09-04 05:30:30,963 - INFO - ✅ 20 پست دریافت شد
2026-09-04 05:30:30,964 - INFO - 💾 وضعیت به‌روز شد: ConfigsHUB/2052340
2026-09-04 05:30:30,964 - INFO - 📊 از https://t.me/s/ConfigsHUB: 20 کانفیگ جدید پیدا شد
2026-09-04 05:30:30,964 - INFO - 📊 تعداد کل کانفیگ‌های جدید: 20
2026-09-04 05:30:30,964 - INFO - 📤 ارسال 10 کانفیگ به کانال
2026-09-04 05:30:31,554 - INFO - HTTP Request: POST https://api.telegram.org/bot8316746677:AAF1IzRzODBtCvVWrL6dWtw7F8U3qb4DwXM/sendMessage "HTTP/1.1 200 OK"
2026-09-04 05:30:31,555 - INFO - ✅ پیام 1 از 1 ارسال شد
2026-09-04 05:30:32,563 - INFO - ==================================================
2026-09-04 05:30:32,563 - INFO - 🏁 اجرای ربات با موفقیت به پایان رسید
2026-09-04 06:30:27,607 - INFO - ==================================================
2026-09-04 06:30:27,607 - INFO - 🚀 شروع اجرای ربات
2026-09-04 06:30:27,607 - INFO - 📥 بخش ۱: دریافت ۱۰۰ کانفیگ آخر برای فایل JSON...
2026-09-04 06:30:27,607 - INFO - 📡 دریافت کانفیگ‌ها از https://t.me/s/ConfigsHUB برای فایل JSON
2026-09-04 06:30:28,241 - INFO - ✅ 17 کانفیگ از صفحه دریافت شد
2026-09-04 06:30:28,241 - INFO - 📊 از https://t.me/s/ConfigsHUB: 17 کانفیگ دریافت شد
2026-09-04 06:30:28,242 - INFO - 🔄 بعد از حذف تکراری: 17 کانفیگ برای JSON
2026-09-04 06:30:28,242 - WARNING - ⚠️ تعداد کانفیگ‌ها به 100 رسید (با None پر شد)
2026-09-04 06:30:28,242 - INFO - ✅ دقیقاً 100 کانفیگ در configs.json ذخیره شد
2026-09-04 06:30:28,242 - INFO - ✅ فایل configs.json با 17 کانفیگ واقعی به‌روز شد
2026-09-04 06:30:28,242 - INFO - 📝 نمونه کانفیگ اول: vless://6179ce37-97b2-4ac7-9591-b4b2bfaca09d@109.1...
2026-09-04 06:30:28,242 - INFO - 📤 بخش ۲: دریافت کانفیگ‌های جدید برای ارسال به کانال...
2026-09-04 06:30:28,242 - INFO - 📡 دریافت پست‌ها از https://t.me/s/ConfigsHUB برای ارسال به کانال
2026-09-04 06:30:28,774 - INFO - ✅ 20 پست دریافت شد
2026-09-04 06:30:28,775 - INFO - 💾 وضعیت به‌روز شد: ConfigsHUB/2052572
2026-09-04 06:30:28,775 - INFO - 📊 از https://t.me/s/ConfigsHUB: 17 کانفیگ جدید پیدا شد
2026-09-04 06:30:28,775 - INFO - 📊 تعداد کل کانفیگ‌های جدید: 17
2026-09-04 06:30:28,775 - INFO - 📤 ارسال 10 کانفیگ به کانال
2026-09-04 06:30:29,420 - INFO - HTTP Request: POST https://api.telegram.org/bot8316746677:AAF1IzRzODBtCvVWrL6dWtw7F8U3qb4DwXM/sendMessage "HTTP/1.1 200 OK"
2026-09-04 06:30:29,421 - INFO - ✅ پیام 1 از 1 ارسال شد
2026-09-04 06:30:30,422 - INFO - ==================================================
2026-09-04 06:30:30,423 - INFO - 🏁 اجرای ربات با موفقیت به پایان رسید
2026-09-04 07:30:31,419 - INFO - ==================================================
2026-09-04 07:30:31,419 - INFO - 🚀 شروع اجرای ربات
2026-09-04 07:30:31,419 - INFO - 📥 بخش ۱: دریافت ۱۰۰ کانفیگ آخر برای فایل JSON...
2026-09-04 07:30:31,419 - INFO - 📡 دریافت کانفیگ‌ها از https://t.me/s/ConfigsHUB برای فایل JSON
2026-09-04 07:30:31,932 - INFO - ✅ 20 کانفیگ از صفحه دریافت شد
2026-09-04 07:30:31,933 - INFO - 📊 از https://t.me/s/ConfigsHUB: 20 کانفیگ دریافت شد
2026-09-04 07:30:31,933 - INFO - 🔄 بعد از حذف تکراری: 14 کانفیگ برای JSON
2026-09-04 07:30:31,933 - WARNING - ⚠️ تعداد کانفیگ‌ها به 100 رسید (با None پر شد)
2026-09-04 07:30:31,933 - INFO - ✅ دقیقاً 100 کانفیگ در configs.json ذخیره شد
2026-09-04 07:30:31,933 - INFO - ✅ فایل configs.json با 14 کانفیگ واقعی به‌روز شد
2026-09-04 07:30:31,933 - INFO - 📝 نمونه کانفیگ اول: vless://35e8826f-0873-492d-8b8a-d495c9947480@104.1...
2026-09-04 07:30:31,933 - INFO - 📤 بخش ۲: دریافت کانفیگ‌های جدید برای ارسال به کانال...
2026-09-04 07:30:31,934 - INFO - 📡 دریافت پست‌ها از https://t.me/s/ConfigsHUB برای ارسال به کانال
2026-09-04 07:30:32,421 - INFO - ✅ 20 پست دریافت شد
2026-09-04 07:30:32,423 - INFO - 💾 وضعیت به‌روز شد: ConfigsHUB/2052816
2026-09-04 07:30:32,423 - INFO - 📊 از https://t.me/s/ConfigsHUB: 20 کانفیگ جدید پیدا شد
2026-09-04 07:30:32,423 - INFO - 📊 تعداد کل کانفیگ‌های جدید: 20
2026-09-04 07:30:32,423 - INFO - 📤 ارسال 10 کانفیگ به کانال
2026-09-04 07:30:33,025 - INFO - HTTP Request: POST https://api.telegram.org/bot8316746677:AAF1IzRzODBtCvVWrL6dWtw7F8U3qb4DwXM/sendMessage "HTTP/1.1 200 OK"
2026-09-04 07:30:33,026 - INFO - ✅ پیام 1 از 1 ارسال شد
2026-09-04 07:30:34,028 - INFO - ==================================================
2026-09-04 07:30:34,028 - INFO - 🏁 اجرای ربات با موفقیت به پایان رسید
2026-09-04 08:30:29,299 - INFO - ==================================================
2026-09-04 08:30:29,299 - INFO - 🚀 شروع اجرای ربات
2026-09-04 08:30:29,300 - INFO - 📥 بخش ۱: دریافت ۱۰۰ کانفیگ آخر برای فایل JSON...
2026-09-04 08:30:29,300 - INFO - 📡 دریافت کانفیگ‌ها از https://t.me/s/ConfigsHUB برای فایل JSON
2026-09-04 08:30:29,948 - INFO - ✅ 17 کانفیگ از صفحه دریافت شد
2026-09-04 08:30:29,949 - INFO - 📊 از https://t.me/s/ConfigsHUB: 17 کانفیگ دریافت شد
2026-09-04 08:30:29,949 - INFO - 🔄 بعد از حذف تکراری: 14 کانفیگ برای JSON
2026-09-04 08:30:29,949 - WARNING - ⚠️ تعداد کانفیگ‌ها به 100 رسید (با None پر شد)
2026-09-04 08:30:29,950 - INFO - ✅ دقیقاً 100 کانفیگ در configs.json ذخیره شد
2026-09-04 08:30:29,950 - INFO - ✅ فایل configs.json با 14 کانفیگ واقعی به‌روز شد
2026-09-04 08:30:29,950 - INFO - 📝 نمونه کانفیگ اول: vless://70e20b2e-3b1f-4c25-9a3d-9240570391bb@89.36...
2026-09-04 08:30:29,950 - INFO - 📤 بخش ۲: دریافت کانفیگ‌های جدید برای ارسال به کانال...
2026-09-04 08:30:29,950 - INFO - 📡 دریافت پست‌ها از https://t.me/s/ConfigsHUB برای ارسال به کانال
2026-09-04 08:30:30,479 - INFO - ✅ 20 پست دریافت شد
2026-09-04 08:30:30,480 - INFO - 💾 وضعیت به‌روز شد: ConfigsHUB/2053041
2026-09-04 08:30:30,480 - INFO - 📊 از https://t.me/s/ConfigsHUB: 17 کانفیگ جدید پیدا شد
2026-09-04 08:30:30,480 - INFO - 📊 تعداد کل کانفیگ‌های جدید: 17
2026-09-04 08:30:30,480 - INFO - 📤 ارسال 10 کانفیگ به کانال
2026-09-04 08:30:31,147 - INFO - HTTP Request: POST https://api.telegram.org/bot8316746677:AAF1IzRzODBtCvVWrL6dWtw7F8U3qb4DwXM/sendMessage "HTTP/1.1 200 OK"
2026-09-04 08:30:31,148 - INFO - ✅ پیام 1 از 1 ارسال شد
2026-09-04 08:30:32,150 - INFO - ==================================================
2026-09-04 08:30:32,150 - INFO - 🏁 اجرای ربات با موفقیت به پایان رسید
2026-09-04 08:41:44,667 - INFO - ==================================================
2026-09-04 08:41:44,667 - INFO - 🚀 شروع اجرای ربات
2026-09-04 08:41:44,667 - INFO - 📥 بخش ۱: دریافت ۱۰۰ کانفیگ آخر برای فایل JSON...
2026-09-04 08:41:44,667 - INFO - 📡 دریافت کانفیگ‌ها از https://t.me/s/ConfigsHUB برای فایل JSON
2026-09-04 08:41:45,150 - INFO - ✅ 12 کانفیگ از صفحه دریافت شد
2026-09-04 08:41:45,151 - INFO - 📊 از https://t.me/s/ConfigsHUB: 12 کانفیگ دریافت شد
2026-09-04 08:41:45,152 - INFO - 🔄 بعد از حذف تکراری: 12 کانفیگ برای JSON
2026-09-04 08:41:45,152 - WARNING - ⚠️ تعداد کانفیگ‌ها به 100 رسید (با None پر شد)
2026-09-04 08:41:45,152 - INFO - ✅ دقیقاً 100 کانفیگ در configs.json ذخیره شد
2026-09-04 08:41:45,152 - INFO - ✅ فایل configs.json با 12 کانفیگ واقعی به‌روز شد
2026-09-04 08:41:45,152 - INFO - 📝 نمونه کانفیگ اول: vless://435bda4c-fe5e-42c9-a3ad-15334943b38a@172.6...
2026-09-04 08:41:45,152 - INFO - 📤 بخش ۲: دریافت کانفیگ‌های جدید برای ارسال به کانال...
2026-09-04 08:41:45,152 - INFO - 📡 دریافت پست‌ها از https://t.me/s/ConfigsHUB برای ارسال به کانال
2026-09-04 08:41:45,543 - INFO - ✅ 20 پست دریافت شد
2026-09-04 08:41:45,545 - INFO - 💾 وضعیت به‌روز شد: ConfigsHUB/2053100
2026-09-04 08:41:45,545 - INFO - 📊 از https://t.me/s/ConfigsHUB: 12 کانفیگ جدید پیدا شد
2026-09-04 08:41:45,545 - INFO - 📊 تعداد کل کانفیگ‌های جدید: 12
2026-09-04 08:41:45,545 - INFO - 📤 ارسال 10 کانفیگ به کانال
2026-09-04 08:41:46,119 - INFO - HTTP Request: POST https://api.telegram.org/bot8316746677:AAF1IzRzODBtCvVWrL6dWtw7F8U3qb4DwXM/sendMessage "HTTP/1.1 200 OK"
2026-09-04 08:41:46,120 - INFO - ✅ پیام 1 از 1 ارسال شد
2026-09-04 08:41:47,121 - INFO - ==================================================
2026-09-04 08:41:47,121 - INFO - 🏁 اجرای ربات با موفقیت به پایان رسید
2026-09-04 09:30:30,149 - INFO - ==================================================
2026-09-04 09:30:30,149 - INFO - 🚀 شروع اجرای ربات
2026-09-04 09:30:30,149 - INFO - 📥 بخش ۱: دریافت ۱۰۰ کانفیگ آخر برای فایل JSON...
2026-09-04 09:30:30,149 - INFO - 📡 دریافت کانفیگ‌ها از https://t.me/s/ConfigsHUB برای فایل JSON
2026-09-04 09:30:31,463 - INFO - ✅ 19 کانفیگ از صفحه دریافت شد
2026-09-04 09:30:31,464 - INFO - 📊 از https://t.me/s/ConfigsHUB: 19 کانفیگ دریافت شد
2026-09-04 09:30:31,464 - INFO - 🔄 بعد از حذف تکراری: 19 کانفیگ برای JSON
2026-09-04 09:30:31,464 - WARNING - ⚠️ تعداد کانفیگ‌ها به 100 رسید (با None پر شد)
2026-09-04 09:30:31,465 - INFO - ✅ دقیقاً 100 کانفیگ در configs.json ذخیره شد
2026-09-04 09:30:31,465 - INFO - ✅ فایل configs.json با 19 کانفیگ واقعی به‌روز شد
2026-09-04 09:30:31,465 - INFO - 📝 نمونه کانفیگ اول: vless://eb0c4e16-8eab-44c0-b81e-403fb63d2942@162.1...
2026-09-04 09:30:31,465 - INFO - 📤 بخش ۲: دریافت کانفیگ‌های جدید برای ارسال به کانال...
2026-09-04 09:30:31,465 - INFO - 📡 دریافت پست‌ها از https://t.me/s/ConfigsHUB برای ارسال به کانال
2026-09-04 09:30:32,076 - INFO - ✅ 20 پست دریافت شد
2026-09-04 09:30:32,077 - INFO - 💾 وضعیت به‌روز شد: ConfigsHUB/2053291
2026-09-04 09:30:32,077 - INFO - 📊 از https://t.me/s/ConfigsHUB: 19 کانفیگ جدید پیدا شد
2026-09-04 09:30:32,077 - INFO - 📊 تعداد کل کانفیگ‌های جدید: 19
2026-09-04 09:30:32,077 - INFO - 📤 ارسال 10 کانفیگ به کانال
2026-09-04 09:30:32,799 - INFO - HTTP Request: POST https://api.telegram.org/bot8316746677:AAF1IzRzODBtCvVWrL6dWtw7F8U3qb4DwXM/sendMessage "HTTP/1.1 200 OK"
2026-09-04 09:30:32,800 - INFO - ✅ پیام 1 از 1 ارسال شد
2026-09-04 09:30:33,802 - INFO - ==================================================
2026-09-04 09:30:33,802 - INFO - 🏁 اجرای ربات با موفقیت به پایان رسید
2026-09-04 10:30:26,557 - INFO - ==================================================
2026-09-04 10:30:26,557 - INFO - 🚀 شروع اجرای ربات
2026-09-04 10:30:26,558 - INFO - 📥 بخش ۱: دریافت ۱۰۰ کانفیگ آخر برای فایل JSON...
2026-09-04 10:30:26,558 - INFO - 📡 دریافت کانفیگ‌ها از https://t.me/s/ConfigsHUB برای فایل JSON
2026-09-04 10:30:27,028 - INFO - ✅ 18 کانفیگ از صفحه دریافت شد
2026-09-04 10:30:27,029 - INFO - 📊 از https://t.me/s/ConfigsHUB: 18 کانفیگ دریافت شد
2026-09-04 10:30:27,030 - INFO - 🔄 بعد از حذف تکراری: 16 کانفیگ برای JSON
2026-09-04 10:30:27,030 - WARNING - ⚠️ تعداد کانفیگ‌ها به 100 رسید (با None پر شد)
2026-09-04 10:30:27,030 - INFO - ✅ دقیقاً 100 کانفیگ در configs.json ذخیره شد
2026-09-04 10:30:27,030 - INFO - ✅ فایل configs.json با 16 کانفیگ واقعی به‌روز شد
2026-09-04 10:30:27,030 - INFO - 📝 نمونه کانفیگ اول: vless://e4514801-0d5a-42ba-869f-39bd605aef9e@16.61...
2026-09-04 10:30:27,030 - INFO - 📤 بخش ۲: دریافت کانفیگ‌های جدید برای ارسال به کانال...
2026-09-04 10:30:27,030 - INFO - 📡 دریافت پست‌ها از https://t.me/s/ConfigsHUB برای ارسال به کانال
2026-09-04 10:30:27,446 - INFO - ✅ 20 پست دریافت شد
2026-09-04 10:30:27,448 - INFO - 💾 وضعیت به‌روز شد: ConfigsHUB/2053353
2026-09-04 10:30:27,448 - INFO - 📊 از https://t.me/s/ConfigsHUB: 18 کانفیگ جدید پیدا شد
2026-09-04 10:30:27,448 - INFO - 📊 تعداد کل کانفیگ‌های جدید: 18
2026-09-04 10:30:27,448 - INFO - 📤 ارسال 10 کانفیگ به کانال
2026-09-04 10:30:28,026 - INFO - HTTP Request: POST https://api.telegram.org/bot8316746677:AAF1IzRzODBtCvVWrL6dWtw7F8U3qb4DwXM/sendMessage "HTTP/1.1 200 OK"
2026-09-04 10:30:28,027 - INFO - ✅ پیام 1 از 1 ارسال شد
2026-09-04 10:30:29,029 - INFO - ==================================================
2026-09-04 10:30:29,029 - INFO - 🏁 اجرای ربات با موفقیت به پایان رسید
2026-09-04 11:30:30,433 - INFO - ==================================================
2026-09-04 11:30:30,433 - INFO - 🚀 شروع اجرای ربات
2026-09-04 11:30:30,433 - INFO - 📥 بخش ۱: دریافت ۱۰۰ کانفیگ آخر برای فایل JSON...
2026-09-04 11:30:30,433 - INFO - 📡 دریافت کانفیگ‌ها از https://t.me/s/ConfigsHUB برای فایل JSON
2026-09-04 11:30:30,956 - INFO - ✅ 15 کانفیگ از صفحه دریافت شد
2026-09-04 11:30:30,957 - INFO - 📊 از https://t.me/s/ConfigsHUB: 15 کانفیگ دریافت شد
2026-09-04 11:30:30,957 - INFO - 🔄 بعد از حذف تکراری: 12 کانفیگ برای JSON
2026-09-04 11:30:30,957 - WARNING - ⚠️ تعداد کانفیگ‌ها به 100 رسید (با None پر شد)
2026-09-04 11:30:30,957 - INFO - ✅ دقیقاً 100 کانفیگ در configs.json ذخیره شد
2026-09-04 11:30:30,957 - INFO - ✅ فایل configs.json با 12 کانفیگ واقعی به‌روز شد
2026-09-04 11:30:30,957 - INFO - 📝 نمونه کانفیگ اول: vless://513beae3-56e7-4954-a17e-930e06237b27@www.s...
2026-09-04 11:30:30,957 - INFO - 📤 بخش ۲: دریافت کانفیگ‌های جدید برای ارسال به کانال...
2026-09-04 11:30:30,958 - INFO - 📡 دریافت پست‌ها از https://t.me/s/ConfigsHUB برای ارسال به کانال
2026-09-04 11:30:31,401 - INFO - ✅ 20 پست دریافت شد
2026-09-04 11:30:31,403 - INFO - 💾 وضعیت به‌روز شد: ConfigsHUB/2053368
2026-09-04 11:30:31,403 - INFO - 📊 از https://t.me/s/ConfigsHUB: 15 کانفیگ جدید پیدا شد
2026-09-04 11:30:31,403 - INFO - 📊 تعداد کل کانفیگ‌های جدید: 15
2026-09-04 11:30:31,403 - INFO - 📤 ارسال 10 کانفیگ به کانال
2026-09-04 11:30:32,010 - INFO - HTTP Request: POST https://api.telegram.org/bot8316746677:AAF1IzRzODBtCvVWrL6dWtw7F8U3qb4DwXM/sendMessage "HTTP/1.1 200 OK"
2026-09-04 11:30:32,011 - INFO - ✅ پیام 1 از 1 ارسال شد
2026-09-04 11:30:33,013 - INFO - ==================================================
2026-09-04 11:30:33,013 - INFO - 🏁 اجرای ربات با موفقیت به پایان رسید
2026-09-04 12:30:32,290 - INFO - ==================================================
2026-09-04 12:30:32,290 - INFO - 🚀 شروع اجرای ربات
2026-09-04 12:30:32,290 - INFO - 📥 بخش ۱: دریافت ۱۰۰ کانفیگ آخر برای فایل JSON...
2026-09-04 12:30:32,290 - INFO - 📡 دریافت کانفیگ‌ها از https://t.me/s/ConfigsHUB برای فایل JSON
2026-09-04 12:30:32,732 - INFO - ✅ 18 کانفیگ از صفحه دریافت شد
2026-09-04 12:30:32,733 - INFO - 📊 از https://t.me/s/ConfigsHUB: 18 کانفیگ دریافت شد
2026-09-04 12:30:32,733 - INFO - 🔄 بعد از حذف تکراری: 18 کانفیگ برای JSON
2026-09-04 12:30:32,733 - WARNING - ⚠️ تعداد کانفیگ‌ها به 100 رسید (با None پر شد)
2026-09-04 12:30:32,733 - INFO - ✅ دقیقاً 100 کانفیگ در configs.json ذخیره شد
2026-09-04 12:30:32,733 - INFO - ✅ فایل configs.json با 18 کانفیگ واقعی به‌روز شد
2026-09-04 12:30:32,733 - INFO - 📝 نمونه کانفیگ اول: vless://0b0915d7-6800-4580-a44b-77d84f105e6a@185.7...
2026-09-04 12:30:32,733 - INFO - 📤 بخش ۲: دریافت کانفیگ‌های جدید برای ارسال به کانال...
2026-09-04 12:30:32,734 - INFO - 📡 دریافت پست‌ها از https://t.me/s/ConfigsHUB برای ارسال به کانال
2026-09-04 12:30:33,127 - INFO - ✅ 20 پست دریافت شد
2026-09-04 12:30:33,129 - INFO - 💾 وضعیت به‌روز شد: ConfigsHUB/2053431
2026-09-04 12:30:33,129 - INFO - 📊 از https://t.me/s/ConfigsHUB: 18 کانفیگ جدید پیدا شد
2026-09-04 12:30:33,129 - INFO - 📊 تعداد کل کانفیگ‌های جدید: 18
2026-09-04 12:30:33,129 - INFO - 📤 ارسال 10 کانفیگ به کانال
2026-09-04 12:30:33,630 - INFO - HTTP Request: POST https://api.telegram.org/bot8316746677:AAF1IzRzODBtCvVWrL6dWtw7F8U3qb4DwXM/sendMessage "HTTP/1.1 200 OK"
2026-09-04 12:30:33,631 - INFO - ✅ پیام 1 از 1 ارسال شد
2026-09-04 12:30:34,632 - INFO - ==================================================
2026-09-04 12:30:34,632 - INFO - 🏁 اجرای ربات با موفقیت به پایان رسید
2026-09-04 13:19:26,649 - INFO - ==================================================
2026-09-04 13:19:26,650 - INFO - 🚀 شروع اجرای ربات
2026-09-04 13:19:26,650 - INFO - 📥 بخش ۱: دریافت ۱۰۰ کانفیگ آخر برای فایل JSON...
2026-09-04 13:19:26,650 - INFO - 📡 دریافت کانفیگ‌ها از https://t.me/s/ConfigsHUB برای فایل JSON
2026-09-04 13:19:27,172 - INFO - ✅ 17 کانفیگ از صفحه دریافت شد
2026-09-04 13:19:27,173 - INFO - 📊 از https://t.me/s/ConfigsHUB: 17 کانفیگ دریافت شد
2026-09-04 13:19:27,173 - INFO - 🔄 بعد از حذف تکراری: 17 کانفیگ برای JSON
2026-09-04 13:19:27,173 - WARNING - ⚠️ تعداد کانفیگ‌ها به 100 رسید (با None پر شد)
2026-09-04 13:19:27,174 - INFO - ✅ دقیقاً 100 کانفیگ در configs.json ذخیره شد
2026-09-04 13:19:27,174 - INFO - ✅ فایل configs.json با 17 کانفیگ واقعی به‌روز شد
2026-09-04 13:19:27,174 - INFO - 📝 نمونه کانفیگ اول: vless://984d10dd-4d51-45ac-a781-f0c1357644c2@linge...
2026-09-04 13:19:27,174 - INFO - 📤 بخش ۲: دریافت کانفیگ‌های جدید برای ارسال به کانال...
2026-09-04 13:19:27,174 - INFO - 📡 دریافت پست‌ها از https://t.me/s/ConfigsHUB برای ارسال به کانال
2026-09-04 13:19:27,570 - INFO - ✅ 20 پست دریافت شد
2026-09-04 13:19:27,571 - INFO - 💾 وضعیت به‌روز شد: ConfigsHUB/2053625
2026-09-04 13:19:27,571 - INFO - 📊 از https://t.me/s/ConfigsHUB: 17 کانفیگ جدید پیدا شد
2026-09-04 13:19:27,571 - INFO - 📊 تعداد کل کانفیگ‌های جدید: 17
2026-09-04 13:19:27,571 - INFO - 📤 ارسال 10 کانفیگ به کانال
2026-09-04 13:19:28,114 - INFO - HTTP Request: POST https://api.telegram.org/bot8316746677:AAF1IzRzODBtCvVWrL6dWtw7F8U3qb4DwXM/sendMessage "HTTP/1.1 200 OK"
2026-09-04 13:19:28,115 - INFO - ✅ پیام 1 از 1 ارسال شد
2026-09-04 13:19:29,117 - INFO - ==================================================
2026-09-04 13:19:29,117 - INFO - 🏁 اجرای ربات با موفقیت به پایان رسید
2026-09-04 13:30:31,333 - INFO - ==================================================
2026-09-04 13:30:31,333 - INFO - 🚀 شروع اجرای ربات
2026-09-04 13:30:31,333 - INFO - 📥 بخش ۱: دریافت ۱۰۰ کانفیگ آخر برای فایل JSON...
2026-09-04 13:30:31,333 - INFO - 📡 دریافت کانفیگ‌ها از https://t.me/s/ConfigsHUB برای فایل JSON
2026-09-04 13:30:31,781 - INFO - ✅ 11 کانفیگ از صفحه دریافت شد
2026-09-04 13:30:31,782 - INFO - 📊 از https://t.me/s/ConfigsHUB: 11 کانفیگ دریافت شد
2026-09-04 13:30:31,782 - INFO - 🔄 بعد از حذف تکراری: 11 کانفیگ برای JSON
2026-09-04 13:30:31,782 - WARNING - ⚠️ تعداد کانفیگ‌ها به 100 رسید (با None پر شد)
2026-09-04 13:30:31,782 - INFO - ✅ دقیقاً 100 کانفیگ در configs.json ذخیره شد
2026-09-04 13:30:31,783 - INFO - ✅ فایل configs.json با 11 کانفیگ واقعی به‌روز شد
2026-09-04 13:30:31,783 - INFO - 📝 نمونه کانفیگ اول: vless://435bda4c-fe5e-42c9-a3ad-15334943b38a@104.1...
2026-09-04 13:30:31,783 - INFO - 📤 بخش ۲: دریافت کانفیگ‌های جدید برای ارسال به کانال...
2026-09-04 13:30:31,783 - INFO - 📡 دریافت پست‌ها از https://t.me/s/ConfigsHUB برای ارسال به کانال
2026-09-04 13:30:32,186 - INFO - ✅ 20 پست دریافت شد
2026-09-04 13:30:32,187 - INFO - 💾 وضعیت به‌روز شد: ConfigsHUB/2053653
2026-09-04 13:30:32,187 - INFO - 📊 از https://t.me/s/ConfigsHUB: 11 کانفیگ جدید پیدا شد
2026-09-04 13:30:32,187 - INFO - 📊 تعداد کل کانفیگ‌های جدید: 11
2026-09-04 13:30:32,187 - INFO - 📤 ارسال 10 کانفیگ به کانال
2026-09-04 13:30:32,761 - INFO - HTTP Request: POST https://api.telegram.org/bot8316746677:AAF1IzRzODBtCvVWrL6dWtw7F8U3qb4DwXM/sendMessage "HTTP/1.1 200 OK"
2026-09-04 13:30:32,762 - INFO - ✅ پیام 1 از 1 ارسال شد
2026-09-04 13:30:33,763 - INFO - ==================================================
2026-09-04 13:30:33,764 - INFO - 🏁 اجرای ربات با موفقیت به پایان رسید
2026-09-04 14:31:08,678 - INFO - ==================================================
2026-09-04 14:31:08,678 - INFO - 🚀 شروع اجرای ربات
2026-09-04 14:31:08,678 - INFO - 📥 بخش ۱: دریافت ۱۰۰ کانفیگ آخر برای فایل JSON...
2026-09-04 14:31:08,678 - INFO - 📡 دریافت کانفیگ‌ها از https://t.me/s/ConfigsHUB برای فایل JSON
2026-09-04 14:31:09,210 - INFO - ✅ 15 کانفیگ از صفحه دریافت شد
2026-09-04 14:31:09,211 - INFO - 📊 از https://t.me/s/ConfigsHUB: 15 کانفیگ دریافت شد
2026-09-04 14:31:09,211 - INFO - 🔄 بعد از حذف تکراری: 14 کانفیگ برای JSON
2026-09-04 14:31:09,211 - WARNING - ⚠️ تعداد کانفیگ‌ها به 100 رسید (با None پر شد)
2026-09-04 14:31:09,212 - INFO - ✅ دقیقاً 100 کانفیگ در configs.json ذخیره شد
2026-09-04 14:31:09,212 - INFO - ✅ فایل configs.json با 14 کانفیگ واقعی به‌روز شد
2026-09-04 14:31:09,212 - INFO - 📝 نمونه کانفیگ اول: vless://4a039ef9-894e-4a22-a20f-56c23a931a37@176.6...
2026-09-04 14:31:09,212 - INFO - 📤 بخش ۲: دریافت کانفیگ‌های جدید برای ارسال به کانال...
2026-09-04 14:31:09,212 - INFO - 📡 دریافت پست‌ها از https://t.me/s/ConfigsHUB برای ارسال به کانال
2026-09-04 14:31:09,648 - INFO - ✅ 20 پست دریافت شد
2026-09-04 14:31:09,649 - INFO - 💾 وضعیت به‌روز شد: ConfigsHUB/2053908
2026-09-04 14:31:09,649 - INFO - 📊 از https://t.me/s/ConfigsHUB: 15 کانفیگ جدید پیدا شد
2026-09-04 14:31:09,649 - INFO - 📊 تعداد کل کانفیگ‌های جدید: 15
2026-09-04 14:31:09,650 - INFO - 📤 ارسال 10 کانفیگ به کانال
2026-09-04 14:31:10,198 - INFO - HTTP Request: POST https://api.telegram.org/bot8316746677:AAF1IzRzODBtCvVWrL6dWtw7F8U3qb4DwXM/sendMessage "HTTP/1.1 200 OK"
2026-09-04 14:31:10,199 - INFO - ✅ پیام 1 از 1 ارسال شد
2026-09-04 14:31:11,200 - INFO - ==================================================
2026-09-04 14:31:11,201 - INFO - 🏁 اجرای ربات با موفقیت به پایان رسید
2026-09-04 15:30:34,002 - INFO - ==================================================
2026-09-04 15:30:34,002 - INFO - 🚀 شروع اجرای ربات
2026-09-04 15:30:34,002 - INFO - 📥 بخش ۱: دریافت ۱۰۰ کانفیگ آخر برای فایل JSON...
2026-09-04 15:30:34,002 - INFO - 📡 دریافت کانفیگ‌ها از https://t.me/s/ConfigsHUB برای فایل JSON
2026-09-04 15:30:34,662 - INFO - ✅ 14 کانفیگ از صفحه دریافت شد
2026-09-04 15:30:34,663 - INFO - 📊 از https://t.me/s/ConfigsHUB: 14 کانفیگ دریافت شد
2026-09-04 15:30:34,664 - INFO - 🔄 بعد از حذف تکراری: 13 کانفیگ برای JSON
2026-09-04 15:30:34,664 - WARNING - ⚠️ تعداد کانفیگ‌ها به 100 رسید (با None پر شد)
2026-09-04 15:30:34,664 - INFO - ✅ دقیقاً 100 کانفیگ در configs.json ذخیره شد
2026-09-04 15:30:34,664 - INFO - ✅ فایل configs.json با 13 کانفیگ واقعی به‌روز شد
2026-09-04 15:30:34,664 - INFO - 📝 نمونه کانفیگ اول: vless://a9160eba-23cd-407d-8cb3-39a2bc43148c@45.13...
2026-09-04 15:30:34,665 - INFO - 📤 بخش ۲: دریافت کانفیگ‌های جدید برای ارسال به کانال...
2026-09-04 15:30:34,665 - INFO - 📡 دریافت پست‌ها از https://t.me/s/ConfigsHUB برای ارسال به کانال
2026-09-04 15:30:35,255 - INFO - ✅ 20 پست دریافت شد
2026-09-04 15:30:35,257 - INFO - 💾 وضعیت به‌روز شد: ConfigsHUB/2054121
2026-09-04 15:30:35,258 - INFO - 📊 از https://t.me/s/ConfigsHUB: 14 کانفیگ جدید پیدا شد
2026-09-04 15:30:35,258 - INFO - 📊 تعداد کل کانفیگ‌های جدید: 14
2026-09-04 15:30:35,258 - INFO - 📤 ارسال 10 کانفیگ به کانال
2026-09-04 15:30:35,961 - INFO - HTTP Request: POST https://api.telegram.org/bot8316746677:AAF1IzRzODBtCvVWrL6dWtw7F8U3qb4DwXM/sendMessage "HTTP/1.1 200 OK"
2026-09-04 15:30:35,963 - INFO - ✅ پیام 1 از 1 ارسال شد
2026-09-04 15:30:36,965 - INFO - ==================================================
2026-09-04 15:30:36,965 - INFO - 🏁 اجرای ربات با موفقیت به پایان رسید
2026-09-04 16:30:40,267 - INFO - ==================================================
2026-09-04 16:30:40,267 - INFO - 🚀 شروع اجرای ربات
2026-09-04 16:30:40,267 - INFO - 📥 بخش ۱: دریافت ۱۰۰ کانفیگ آخر برای فایل JSON...
2026-09-04 16:30:40,267 - INFO - 📡 دریافت کانفیگ‌ها از https://t.me/s/ConfigsHUB برای فایل JSON
2026-09-04 16:30:40,760 - INFO - ✅ 8 کانفیگ از صفحه دریافت شد
2026-09-04 16:30:40,761 - INFO - 📊 از https://t.me/s/ConfigsHUB: 8 کانفیگ دریافت شد
2026-09-04 16:30:40,761 - INFO - 🔄 بعد از حذف تکراری: 7 کانفیگ برای JSON
2026-09-04 16:30:40,761 - WARNING - ⚠️ تعداد کانفیگ‌ها به 100 رسید (با None پر شد)
2026-09-04 16:30:40,762 - INFO - ✅ دقیقاً 100 کانفیگ در configs.json ذخیره شد
2026-09-04 16:30:40,762 - INFO - ✅ فایل configs.json با 7 کانفیگ واقعی به‌روز شد
2026-09-04 16:30:40,762 - INFO - 📝 نمونه کانفیگ اول: vless://b644728c-b82f-4507-91b3-e64789eb10be@5.75....
2026-09-04 16:30:40,762 - INFO - 📤 بخش ۲: دریافت کانفیگ‌های جدید برای ارسال به کانال...
2026-09-04 16:30:40,762 - INFO - 📡 دریافت پست‌ها از https://t.me/s/ConfigsHUB برای ارسال به کانال
2026-09-04 16:30:41,164 - INFO - ✅ 20 پست دریافت شد
2026-09-04 16:30:41,165 - INFO - 💾 وضعیت به‌روز شد: ConfigsHUB/2054315
2026-09-04 16:30:41,165 - INFO - 📊 از https://t.me/s/ConfigsHUB: 8 کانفیگ جدید پیدا شد
2026-09-04 16:30:41,165 - INFO - 📊 تعداد کل کانفیگ‌های جدید: 8
2026-09-04 16:30:41,165 - INFO - 📤 ارسال 7 کانفیگ به کانال
2026-09-04 16:30:41,637 - INFO - HTTP Request: POST https://api.telegram.org/bot8316746677:AAF1IzRzODBtCvVWrL6dWtw7F8U3qb4DwXM/sendMessage "HTTP/1.1 200 OK"
2026-09-04 16:30:41,638 - INFO - ✅ پیام 1 از 1 ارسال شد
2026-09-04 16:30:42,640 - INFO - ==================================================
2026-09-04 16:30:42,640 - INFO - 🏁 اجرای ربات با موفقیت به پایان رسید
2026-09-04 17:28:59,228 - INFO - ==================================================
2026-09-04 17:28:59,228 - INFO - 🚀 شروع اجرای ربات
2026-09-04 17:28:59,228 - INFO - 📥 بخش ۱: دریافت ۱۰۰ کانفیگ آخر برای فایل JSON...
2026-09-04 17:28:59,228 - INFO - 📡 دریافت کانفیگ‌ها از https://t.me/s/ConfigsHUB برای فایل JSON
2026-09-04 17:28:59,814 - INFO - ✅ 20 کانفیگ از صفحه دریافت شد
2026-09-04 17:28:59,815 - INFO - 📊 از https://t.me/s/ConfigsHUB: 20 کانفیگ دریافت شد
2026-09-04 17:28:59,815 - INFO - 🔄 بعد از حذف تکراری: 20 کانفیگ برای JSON
2026-09-04 17:28:59,815 - WARNING - ⚠️ تعداد کانفیگ‌ها به 100 رسید (با None پر شد)
2026-09-04 17:28:59,815 - INFO - ✅ دقیقاً 100 کانفیگ در configs.json ذخیره شد
2026-09-04 17:28:59,816 - INFO - ✅ فایل configs.json با 20 کانفیگ واقعی به‌روز شد
2026-09-04 17:28:59,816 - INFO - 📝 نمونه کانفیگ اول: vless://a0ba4d1e-60e7-4362-8f82-33da87da8e88@167.2...
2026-09-04 17:28:59,816 - INFO - 📤 بخش ۲: دریافت کانفیگ‌های جدید برای ارسال به کانال...
2026-09-04 17:28:59,816 - INFO - 📡 دریافت پست‌ها از https://t.me/s/ConfigsHUB برای ارسال به کانال
2026-09-04 17:29:00,408 - INFO - ✅ 20 پست دریافت شد
2026-09-04 17:29:00,409 - INFO - 💾 وضعیت به‌روز شد: ConfigsHUB/2054472
2026-09-04 17:29:00,409 - INFO - 📊 از https://t.me/s/ConfigsHUB: 20 کانفیگ جدید پیدا شد
2026-09-04 17:29:00,409 - INFO - 📊 تعداد کل کانفیگ‌های جدید: 20
2026-09-04 17:29:00,410 - INFO - 📤 ارسال 10 کانفیگ به کانال
2026-09-04 17:29:01,119 - INFO - HTTP Request: POST https://api.telegram.org/bot8316746677:AAF1IzRzODBtCvVWrL6dWtw7F8U3qb4DwXM/sendMessage "HTTP/1.1 200 OK"
2026-09-04 17:29:01,120 - INFO - ✅ پیام 1 از 1 ارسال شد
2026-09-04 17:29:02,122 - INFO - ==================================================
2026-09-04 17:29:02,122 - INFO - 🏁 اجرای ربات با موفقیت به پایان رسید
2026-09-04 17:30:41,371 - INFO - ==================================================
2026-09-04 17:30:41,371 - INFO - 🚀 شروع اجرای ربات
2026-09-04 17:30:41,371 - INFO - 📥 بخش ۱: دریافت ۱۰۰ کانفیگ آخر برای فایل JSON...
2026-09-04 17:30:41,371 - INFO - 📡 دریافت کانفیگ‌ها از https://t.me/s/ConfigsHUB برای فایل JSON
2026-09-04 17:30:41,857 - INFO - ✅ 10 کانفیگ از صفحه دریافت شد
2026-09-04 17:30:41,858 - INFO - 📊 از https://t.me/s/ConfigsHUB: 10 کانفیگ دریافت شد
2026-09-04 17:30:41,858 - INFO - 🔄 بعد از حذف تکراری: 10 کانفیگ برای JSON
2026-09-04 17:30:41,858 - WARNING - ⚠️ تعداد کانفیگ‌ها به 100 رسید (با None پر شد)
2026-09-04 17:30:41,859 - INFO - ✅ دقیقاً 100 کانفیگ در configs.json ذخیره شد
2026-09-04 17:30:41,859 - INFO - ✅ فایل configs.json با 10 کانفیگ واقعی به‌روز شد
2026-09-04 17:30:41,859 - INFO - 📝 نمونه کانفیگ اول: vless://bf443e4a-aa9e-4509-abf0-d0f6828d57be@178.9...
2026-09-04 17:30:41,859 - INFO - 📤 بخش ۲: دریافت کانفیگ‌های جدید برای ارسال به کانال...
2026-09-04 17:30:41,859 - INFO - 📡 دریافت پست‌ها از https://t.me/s/ConfigsHUB برای ارسال به کانال
2026-09-04 17:30:42,323 - INFO - ✅ 20 پست دریافت شد
2026-09-04 17:30:42,324 - INFO - 💾 وضعیت به‌روز شد: ConfigsHUB/2054493
2026-09-04 17:30:42,324 - INFO - 📊 از https://t.me/s/ConfigsHUB: 10 کانفیگ جدید پیدا شد
2026-09-04 17:30:42,324 - INFO - 📊 تعداد کل کانفیگ‌های جدید: 10
2026-09-04 17:30:42,324 - INFO - 📤 ارسال 10 کانفیگ به کانال
2026-09-04 17:30:43,116 - INFO - HTTP Request: POST https://api.telegram.org/bot8316746677:AAF1IzRzODBtCvVWrL6dWtw7F8U3qb4DwXM/sendMessage "HTTP/1.1 200 OK"
2026-09-04 17:30:43,117 - INFO - ✅ پیام 1 از 1 ارسال شد
2026-09-04 17:30:44,162 - INFO - ==================================================
2026-09-04 17:30:44,162 - INFO - 🏁 اجرای ربات با موفقیت به پایان رسید
2026-09-04 18:30:31,436 - INFO - ==================================================
2026-09-04 18:30:31,436 - INFO - 🚀 شروع اجرای ربات
2026-09-04 18:30:31,436 - INFO - 📥 بخش ۱: دریافت ۱۰۰ کانفیگ آخر برای فایل JSON...
2026-09-04 18:30:31,436 - INFO - 📡 دریافت کانفیگ‌ها از https://t.me/s/ConfigsHUB برای فایل JSON
2026-09-04 18:30:31,888 - INFO - ✅ 13 کانفیگ از صفحه دریافت شد
2026-09-04 18:30:31,889 - INFO - 📊 از https://t.me/s/ConfigsHUB: 13 کانفیگ دریافت شد
2026-09-04 18:30:31,889 - INFO - 🔄 بعد از حذف تکراری: 13 کانفیگ برای JSON
2026-09-04 18:30:31,889 - WARNING - ⚠️ تعداد کانفیگ‌ها به 100 رسید (با None پر شد)
2026-09-04 18:30:31,890 - INFO - ✅ دقیقاً 100 کانفیگ در configs.json ذخیره شد
2026-09-04 18:30:31,890 - INFO - ✅ فایل configs.json با 13 کانفیگ واقعی به‌روز شد
2026-09-04 18:30:31,890 - INFO - 📝 نمونه کانفیگ اول: vless://85cc845e-644c-4148-8288-f0c03c83c1ec@ww7.l...
2026-09-04 18:30:31,890 - INFO - 📤 بخش ۲: دریافت کانفیگ‌های جدید برای ارسال به کانال...
2026-09-04 18:30:31,890 - INFO - 📡 دریافت پست‌ها از https://t.me/s/ConfigsHUB برای ارسال به کانال
2026-09-04 18:30:32,335 - INFO - ✅ 20 پست دریافت شد
2026-09-04 18:30:32,337 - INFO - 💾 وضعیت به‌روز شد: ConfigsHUB/2054837
2026-09-04 18:30:32,337 - INFO - 📊 از https://t.me/s/ConfigsHUB: 13 کانفیگ جدید پیدا شد
2026-09-04 18:30:32,337 - INFO - 📊 تعداد کل کانفیگ‌های جدید: 13
2026-09-04 18:30:32,337 - INFO - 📤 ارسال 10 کانفیگ به کانال
2026-09-04 18:30:32,881 - INFO - HTTP Request: POST https://api.telegram.org/bot8316746677:AAF1IzRzODBtCvVWrL6dWtw7F8U3qb4DwXM/sendMessage "HTTP/1.1 200 OK"
2026-09-04 18:30:32,882 - INFO - ✅ پیام 1 از 1 ارسال شد
2026-09-04 18:30:33,883 - INFO - ==================================================
2026-09-04 18:30:33,884 - INFO - 🏁 اجرای ربات با موفقیت به پایان رسید
2026-09-04 19:30:30,653 - INFO - ==================================================
2026-09-04 19:30:30,653 - INFO - 🚀 شروع اجرای ربات
2026-09-04 19:30:30,653 - INFO - 📥 بخش ۱: دریافت ۱۰۰ کانفیگ آخر برای فایل JSON...
2026-09-04 19:30:30,653 - INFO - 📡 دریافت کانفیگ‌ها از https://t.me/s/ConfigsHUB برای فایل JSON
2026-09-04 19:30:31,352 - INFO - ✅ 10 کانفیگ از صفحه دریافت شد
2026-09-04 19:30:31,353 - INFO - 📊 از https://t.me/s/ConfigsHUB: 10 کانفیگ دریافت شد
2026-09-04 19:30:31,353 - INFO - 🔄 بعد از حذف تکراری: 8 کانفیگ برای JSON
2026-09-04 19:30:31,353 - WARNING - ⚠️ تعداد کانفیگ‌ها به 100 رسید (با None پر شد)
2026-09-04 19:30:31,354 - INFO - ✅ دقیقاً 100 کانفیگ در configs.json ذخیره شد
2026-09-04 19:30:31,354 - INFO - ✅ فایل configs.json با 8 کانفیگ واقعی به‌روز شد
2026-09-04 19:30:31,354 - INFO - 📝 نمونه کانفیگ اول: vless://9cb31568-b474-4008-bda0-061afc328647@194.5...
2026-09-04 19:30:31,354 - INFO - 📤 بخش ۲: دریافت کانفیگ‌های جدید برای ارسال به کانال...
2026-09-04 19:30:31,354 - INFO - 📡 دریافت پست‌ها از https://t.me/s/ConfigsHUB برای ارسال به کانال
2026-09-04 19:30:32,001 - INFO - ✅ 20 پست دریافت شد
2026-09-04 19:30:32,003 - INFO - 💾 وضعیت به‌روز شد: ConfigsHUB/2055096
2026-09-04 19:30:32,003 - INFO - 📊 از https://t.me/s/ConfigsHUB: 10 کانفیگ جدید پیدا شد
2026-09-04 19:30:32,003 - INFO - 📊 تعداد کل کانفیگ‌های جدید: 10
2026-09-04 19:30:32,003 - INFO - 📤 ارسال 8 کانفیگ به کانال
2026-09-04 19:30:32,676 - INFO - HTTP Request: POST https://api.telegram.org/bot8316746677:AAF1IzRzODBtCvVWrL6dWtw7F8U3qb4DwXM/sendMessage "HTTP/1.1 200 OK"
2026-09-04 19:30:32,677 - INFO - ✅ پیام 1 از 2 ارسال شد
2026-09-04 19:30:33,908 - INFO - HTTP Request: POST https://api.telegram.org/bot8316746677:AAF1IzRzODBtCvVWrL6dWtw7F8U3qb4DwXM/sendMessage "HTTP/1.1 200 OK"
2026-09-04 19:30:33,909 - INFO - ✅ پیام 2 از 2 ارسال شد
2026-09-04 19:30:34,910 - INFO - ==================================================
2026-09-04 19:30:34,910 - INFO - 🏁 اجرای ربات با موفقیت به پایان رسید
2026-09-04 20:30:28,846 - INFO - ==================================================
2026-09-04 20:30:28,846 - INFO - 🚀 شروع اجرای ربات
2026-09-04 20:30:28,846 - INFO - 📥 بخش ۱: دریافت ۱۰۰ کانفیگ آخر برای فایل JSON...
2026-09-04 20:30:28,846 - INFO - 📡 دریافت کانفیگ‌ها از https://t.me/s/ConfigsHUB برای فایل JSON
2026-09-04 20:30:29,308 - INFO - ✅ 15 کانفیگ از صفحه دریافت شد
2026-09-04 20:30:29,309 - INFO - 📊 از https://t.me/s/ConfigsHUB: 15 کانفیگ دریافت شد
2026-09-04 20:30:29,309 - INFO - 🔄 بعد از حذف تکراری: 15 کانفیگ برای JSON
2026-09-04 20:30:29,309 - WARNING - ⚠️ تعداد کانفیگ‌ها به 100 رسید (با None پر شد)
2026-09-04 20:30:29,310 - INFO - ✅ دقیقاً 100 کانفیگ در configs.json ذخیره شد
2026-09-04 20:30:29,310 - INFO - ✅ فایل configs.json با 15 کانفیگ واقعی به‌روز شد
2026-09-04 20:30:29,310 - INFO - 📝 نمونه کانفیگ اول: vless://e4514801-0d5a-42ba-869f-39bd605aef9e@51.24...
2026-09-04 20:30:29,310 - INFO - 📤 بخش ۲: دریافت کانفیگ‌های جدید برای ارسال به کانال...
2026-09-04 20:30:29,310 - INFO - 📡 دریافت پست‌ها از https://t.me/s/ConfigsHUB برای ارسال به کانال
2026-09-04 20:30:29,707 - INFO - ✅ 20 پست دریافت شد
2026-09-04 20:30:29,709 - INFO - 💾 وضعیت به‌روز شد: ConfigsHUB/2055301
2026-09-04 20:30:29,709 - INFO - 📊 از https://t.me/s/ConfigsHUB: 15 کانفیگ جدید پیدا شد
2026-09-04 20:30:29,709 - INFO - 📊 تعداد کل کانفیگ‌های جدید: 15
2026-09-04 20:30:29,709 - INFO - 📤 ارسال 10 کانفیگ به کانال
2026-09-04 20:30:30,158 - INFO - HTTP Request: POST https://api.telegram.org/bot8316746677:AAF1IzRzODBtCvVWrL6dWtw7F8U3qb4DwXM/sendMessage "HTTP/1.1 200 OK"
2026-09-04 20:30:30,159 - INFO - ✅ پیام 1 از 1 ارسال شد
2026-09-04 20:30:31,160 - INFO - ==================================================
2026-09-04 20:30:31,160 - INFO - 🏁 اجرای ربات با موفقیت به پایان رسید
2026-09-04 20:33:05,699 - INFO - ==================================================
2026-09-04 20:33:05,699 - INFO - 🚀 شروع اجرای ربات
2026-09-04 20:33:05,699 - INFO - 📥 بخش ۱: دریافت ۱۰۰ کانفیگ آخر برای فایل JSON...
2026-09-04 20:33:05,699 - INFO - 📡 دریافت کانفیگ‌ها از https://t.me/s/ConfigsHUB برای فایل JSON
2026-09-04 20:33:06,359 - INFO - ✅ 0 کانفیگ از صفحه دریافت شد
2026-09-04 20:33:06,360 - INFO - 📊 از https://t.me/s/ConfigsHUB: 0 کانفیگ دریافت شد
2026-09-04 20:33:06,360 - INFO - 🔄 بعد از حذف تکراری: 0 کانفیگ برای JSON
2026-09-04 20:33:06,360 - WARNING - ⚠️ تعداد کانفیگ‌ها به 100 رسید (با None پر شد)
2026-09-04 20:33:06,361 - INFO - ✅ دقیقاً 100 کانفیگ در configs.json ذخیره شد
2026-09-04 20:33:06,361 - INFO - ✅ فایل configs.json با 0 کانفیگ واقعی به‌روز شد
2026-09-04 20:33:06,361 - INFO - 📤 بخش ۲: دریافت کانفیگ‌های جدید برای ارسال به کانال...
2026-09-04 20:33:06,361 - INFO - 📡 دریافت پست‌ها از https://t.me/s/ConfigsHUB برای ارسال به کانال
2026-09-04 20:33:06,962 - INFO - ✅ 20 پست دریافت شد
2026-09-04 20:33:06,964 - INFO - 💾 وضعیت به‌روز شد: ConfigsHUB/2055324
2026-09-04 20:33:06,964 - INFO - 📊 از https://t.me/s/ConfigsHUB: 0 کانفیگ جدید پیدا شد
2026-09-04 20:33:06,964 - INFO - 📊 تعداد کل کانفیگ‌های جدید: 0
2026-09-04 20:33:06,964 - INFO - ℹ️ کانفیگ جدیدی برای ارسال وجود ندارد
2026-09-04 20:33:06,964 - INFO - ==================================================
2026-09-04 20:33:06,964 - INFO - 🏁 اجرای ربات با موفقیت به پایان رسید
2026-09-04 21:30:28,007 - INFO - ==================================================
2026-09-04 21:30:28,007 - INFO - 🚀 شروع اجرای ربات
2026-09-04 21:30:28,007 - INFO - 📥 بخش ۱: دریافت ۱۰۰ کانفیگ آخر برای فایل JSON...
2026-09-04 21:30:28,007 - INFO - 📡 دریافت کانفیگ‌ها از https://t.me/s/ConfigsHUB برای فایل JSON
2026-09-04 21:30:28,492 - INFO - ✅ 7 کانفیگ از صفحه دریافت شد
2026-09-04 21:30:28,493 - INFO - 📊 از https://t.me/s/ConfigsHUB: 7 کانفیگ دریافت شد
2026-09-04 21:30:28,493 - INFO - 🔄 بعد از حذف تکراری: 7 کانفیگ برای JSON
2026-09-04 21:30:28,493 - WARNING - ⚠️ تعداد کانفیگ‌ها به 100 رسید (با None پر شد)
2026-09-04 21:30:28,494 - INFO - ✅ دقیقاً 100 کانفیگ در configs.json ذخیره شد
2026-09-04 21:30:28,494 - INFO - ✅ فایل configs.json با 7 کانفیگ واقعی به‌روز شد
2026-09-04 21:30:28,494 - INFO - 📝 نمونه کانفیگ اول: vless://0f0b7f69-78e1-4e9e-8b35-0986444613e4@188.1...
2026-09-04 21:30:28,494 - INFO - 📤 بخش ۲: دریافت کانفیگ‌های جدید برای ارسال به کانال...
2026-09-04 21:30:28,494 - INFO - 📡 دریافت پست‌ها از https://t.me/s/ConfigsHUB برای ارسال به کانال
2026-09-04 21:30:28,930 - INFO - ✅ 20 پست دریافت شد
2026-09-04 21:30:28,931 - INFO - 💾 وضعیت به‌روز شد: ConfigsHUB/2055501
2026-09-04 21:30:28,931 - INFO - 📊 از https://t.me/s/ConfigsHUB: 7 کانفیگ جدید پیدا شد
2026-09-04 21:30:28,931 - INFO - 📊 تعداد کل کانفیگ‌های جدید: 7
2026-09-04 21:30:28,931 - INFO - 📤 ارسال 7 کانفیگ به کانال
2026-09-04 21:30:29,459 - INFO - HTTP Request: POST https://api.telegram.org/bot8316746677:AAF1IzRzODBtCvVWrL6dWtw7F8U3qb4DwXM/sendMessage "HTTP/1.1 200 OK"
2026-09-04 21:30:29,460 - INFO - ✅ پیام 1 از 1 ارسال شد
2026-09-04 21:30:30,462 - INFO - ==================================================
2026-09-04 21:30:30,462 - INFO - 🏁 اجرای ربات با موفقیت به پایان رسید
2026-09-04 22:30:27,499 - INFO - ==================================================
2026-09-04 22:30:27,499 - INFO - 🚀 شروع اجرای ربات
2026-09-04 22:30:27,499 - INFO - 📥 بخش ۱: دریافت ۱۰۰ کانفیگ آخر برای فایل JSON...
2026-09-04 22:30:27,499 - INFO - 📡 دریافت کانفیگ‌ها از https://t.me/s/ConfigsHUB برای فایل JSON
2026-09-04 22:30:28,136 - INFO - ✅ 19 کانفیگ از صفحه دریافت شد
2026-09-04 22:30:28,137 - INFO - 📊 از https://t.me/s/ConfigsHUB: 19 کانفیگ دریافت شد
2026-09-04 22:30:28,138 - INFO - 🔄 بعد از حذف تکراری: 17 کانفیگ برای JSON
2026-09-04 22:30:28,138 - WARNING - ⚠️ تعداد کانفیگ‌ها به 100 رسید (با None پر شد)
2026-09-04 22:30:28,138 - INFO - ✅ دقیقاً 100 کانفیگ در configs.json ذخیره شد
2026-09-04 22:30:28,138 - INFO - ✅ فایل configs.json با 17 کانفیگ واقعی به‌روز شد
2026-09-04 22:30:28,138 - INFO - 📝 نمونه کانفیگ اول: trojan://humanity@188.42.145.180:443?path=%2Fassig...
2026-09-04 22:30:28,138 - INFO - 📤 بخش ۲: دریافت کانفیگ‌های جدید برای ارسال به کانال...
2026-09-04 22:30:28,139 - INFO - 📡 دریافت پست‌ها از https://t.me/s/ConfigsHUB برای ارسال به کانال
2026-09-04 22:30:28,677 - INFO - ✅ 20 پست دریافت شد
2026-09-04 22:30:28,678 - INFO - 💾 وضعیت به‌روز شد: ConfigsHUB/2055639
2026-09-04 22:30:28,678 - INFO - 📊 از https://t.me/s/ConfigsHUB: 19 کانفیگ جدید پیدا شد
2026-09-04 22:30:28,678 - INFO - 📊 تعداد کل کانفیگ‌های جدید: 19
2026-09-04 22:30:28,678 - INFO - 📤 ارسال 10 کانفیگ به کانال
2026-09-04 22:30:29,342 - INFO - HTTP Request: POST https://api.telegram.org/bot8316746677:AAF1IzRzODBtCvVWrL6dWtw7F8U3qb4DwXM/sendMessage "HTTP/1.1 200 OK"
2026-09-04 22:30:29,343 - INFO - ✅ پیام 1 از 1 ارسال شد
2026-09-04 22:30:30,345 - INFO - ==================================================
2026-09-04 22:30:30,345 - INFO - 🏁 اجرای ربات با موفقیت به پایان رسید
2026-09-04 22:54:02,507 - INFO - ==================================================
2026-09-04 22:54:02,508 - INFO - 🚀 شروع اجرای ربات
2026-09-04 22:54:02,508 - INFO - 📥 بخش ۱: دریافت ۱۰۰ کانفیگ آخر برای فایل JSON...
2026-09-04 22:54:02,508 - INFO - 📡 دریافت کانفیگ‌ها از https://t.me/s/ConfigsHUB برای فایل JSON
2026-09-04 22:54:02,961 - INFO - ✅ 0 کانفیگ از صفحه دریافت شد
2026-09-04 22:54:02,962 - INFO - 📊 از https://t.me/s/ConfigsHUB: 0 کانفیگ دریافت شد
2026-09-04 22:54:02,962 - INFO - 🔄 بعد از حذف تکراری: 0 کانفیگ برای JSON
2026-09-04 22:54:02,962 - WARNING - ⚠️ تعداد کانفیگ‌ها به 100 رسید (با None پر شد)
2026-09-04 22:54:02,963 - INFO - ✅ دقیقاً 100 کانفیگ در configs.json ذخیره شد
2026-09-04 22:54:02,963 - INFO - ✅ فایل configs.json با 0 کانفیگ واقعی به‌روز شد
2026-09-04 22:54:02,963 - INFO - 📤 بخش ۲: دریافت کانفیگ‌های جدید برای ارسال به کانال...
2026-09-04 22:54:02,963 - INFO - 📡 دریافت پست‌ها از https://t.me/s/ConfigsHUB برای ارسال به کانال
2026-09-04 22:54:03,382 - INFO - ✅ 20 پست دریافت شد
2026-09-04 22:54:03,383 - INFO - 💾 وضعیت به‌روز شد: ConfigsHUB/2055711
2026-09-04 22:54:03,383 - INFO - 📊 از https://t.me/s/ConfigsHUB: 0 کانفیگ جدید پیدا شد
2026-09-04 22:54:03,383 - INFO - 📊 تعداد کل کانفیگ‌های جدید: 0
2026-09-04 22:54:03,383 - INFO - ℹ️ کانفیگ جدیدی برای ارسال وجود ندارد
2026-09-04 22:54:03,383 - INFO - ==================================================
2026-09-04 22:54:03,383 - INFO - 🏁 اجرای ربات با موفقیت به پایان رسید
2026-09-04 23:30:26,530 - INFO - ==================================================
2026-09-04 23:30:26,530 - INFO - 🚀 شروع اجرای ربات
2026-09-04 23:30:26,530 - INFO - 📥 بخش ۱: دریافت ۱۰۰ کانفیگ آخر برای فایل JSON...
2026-09-04 23:30:26,530 - INFO - 📡 دریافت کانفیگ‌ها از https://t.me/s/ConfigsHUB برای فایل JSON
2026-09-04 23:30:27,052 - INFO - ✅ 10 کانفیگ از صفحه دریافت شد
2026-09-04 23:30:27,053 - INFO - 📊 از https://t.me/s/ConfigsHUB: 10 کانفیگ دریافت شد
2026-09-04 23:30:27,053 - INFO - 🔄 بعد از حذف تکراری: 10 کانفیگ برای JSON
2026-09-04 23:30:27,053 - WARNING - ⚠️ تعداد کانفیگ‌ها به 100 رسید (با None پر شد)
2026-09-04 23:30:27,053 - INFO - ✅ دقیقاً 100 کانفیگ در configs.json ذخیره شد
2026-09-04 23:30:27,054 - INFO - ✅ فایل configs.json با 10 کانفیگ واقعی به‌روز شد
2026-09-04 23:30:27,054 - INFO - 📝 نمونه کانفیگ اول: trojan://%4d%69%54%69%56%50%4e@151.101.56.7:443?se...
2026-09-04 23:30:27,054 - INFO - 📤 بخش ۲: دریافت کانفیگ‌های جدید برای ارسال به کانال...
2026-09-04 23:30:27,054 - INFO - 📡 دریافت پست‌ها از https://t.me/s/ConfigsHUB برای ارسال به کانال
2026-09-04 23:30:27,507 - INFO - ✅ 20 پست دریافت شد
2026-09-04 23:30:27,509 - INFO - 💾 وضعیت به‌روز شد: ConfigsHUB/2055776
2026-09-04 23:30:27,509 - INFO - 📊 از https://t.me/s/ConfigsHUB: 10 کانفیگ جدید پیدا شد
2026-09-04 23:30:27,509 - INFO - 📊 تعداد کل کانفیگ‌های جدید: 10
2026-09-04 23:30:27,509 - INFO - 📤 ارسال 10 کانفیگ به کانال
2026-09-04 23:30:28,029 - INFO - HTTP Request: POST https://api.telegram.org/bot8316746677:AAF1IzRzODBtCvVWrL6dWtw7F8U3qb4DwXM/sendMessage "HTTP/1.1 200 OK"
2026-09-04 23:30:28,030 - INFO - ✅ پیام 1 از 1 ارسال شد
2026-09-04 23:30:29,032 - INFO - ==================================================
2026-09-04 23:30:29,032 - INFO - 🏁 اجرای ربات با موفقیت به پایان رسید
2026-09-05 00:30:27,350 - INFO - ==================================================
2026-09-05 00:30:27,350 - INFO - 🚀 شروع اجرای ربات
2026-09-05 00:30:27,350 - INFO - 📥 بخش ۱: دریافت ۱۰۰ کانفیگ آخر برای فایل JSON...
2026-09-05 00:30:27,350 - INFO - 📡 دریافت کانفیگ‌ها از https://t.me/s/ConfigsHUB برای فایل JSON
2026-09-05 00:30:27,814 - INFO - ✅ 18 کانفیگ از صفحه دریافت شد
2026-09-05 00:30:27,815 - INFO - 📊 از https://t.me/s/ConfigsHUB: 18 کانفیگ دریافت شد
2026-09-05 00:30:27,815 - INFO - 🔄 بعد از حذف تکراری: 16 کانفیگ برای JSON
2026-09-05 00:30:27,815 - WARNING - ⚠️ تعداد کانفیگ‌ها به 100 رسید (با None پر شد)
2026-09-05 00:30:27,816 - INFO - ✅ دقیقاً 100 کانفیگ در configs.json ذخیره شد
2026-09-05 00:30:27,816 - INFO - ✅ فایل configs.json با 16 کانفیگ واقعی به‌روز شد
2026-09-05 00:30:27,816 - INFO - 📝 نمونه کانفیگ اول: ss://Y2hhY2hhMjAtaWV0Zi1wb2x5MTMwNTp0cHVXdkFRdGpkL...
2026-09-05 00:30:27,816 - INFO - 📤 بخش ۲: دریافت کانفیگ‌های جدید برای ارسال به کانال...
2026-09-05 00:30:27,816 - INFO - 📡 دریافت پست‌ها از https://t.me/s/ConfigsHUB برای ارسال به کانال
2026-09-05 00:30:28,208 - INFO - ✅ 20 پست دریافت شد
2026-09-05 00:30:28,209 - INFO - 💾 وضعیت به‌روز شد: ConfigsHUB/2055857
2026-09-05 00:30:28,209 - INFO - 📊 از https://t.me/s/ConfigsHUB: 18 کانفیگ جدید پیدا شد
2026-09-05 00:30:28,209 - INFO - 📊 تعداد کل کانفیگ‌های جدید: 18
2026-09-05 00:30:28,209 - INFO - 📤 ارسال 10 کانفیگ به کانال
2026-09-05 00:30:28,729 - INFO - HTTP Request: POST https://api.telegram.org/bot8316746677:AAF1IzRzODBtCvVWrL6dWtw7F8U3qb4DwXM/sendMessage "HTTP/1.1 200 OK"
2026-09-05 00:30:28,730 - INFO - ✅ پیام 1 از 1 ارسال شد
2026-09-05 00:30:29,731 - INFO - ==================================================
2026-09-05 00:30:29,731 - INFO - 🏁 اجرای ربات با موفقیت به پایان رسید
2026-09-05 00:45:00,375 - INFO - ==================================================
2026-09-05 00:45:00,375 - INFO - 🚀 شروع اجرای ربات
2026-09-05 00:45:00,375 - INFO - 📥 بخش ۱: دریافت ۱۰۰ کانفیگ آخر برای فایل JSON...
2026-09-05 00:45:00,376 - INFO - 📡 دریافت کانفیگ‌ها از https://t.me/s/ConfigsHUB برای فایل JSON
2026-09-05 00:45:00,839 - INFO - ✅ 4 کانفیگ از صفحه دریافت شد
2026-09-05 00:45:00,840 - INFO - 📊 از https://t.me/s/ConfigsHUB: 4 کانفیگ دریافت شد
2026-09-05 00:45:00,841 - INFO - 🔄 بعد از حذف تکراری: 4 کانفیگ برای JSON
2026-09-05 00:45:00,841 - WARNING - ⚠️ تعداد کانفیگ‌ها به 100 رسید (با None پر شد)
2026-09-05 00:45:00,841 - INFO - ✅ دقیقاً 100 کانفیگ در configs.json ذخیره شد
2026-09-05 00:45:00,841 - INFO - ✅ فایل configs.json با 4 کانفیگ واقعی به‌روز شد
2026-09-05 00:45:00,841 - INFO - 📝 نمونه کانفیگ اول: trojan://EPI4SnpMUxd6L-I.B9@188.114.96.8:443?secur...
2026-09-05 00:45:00,841 - INFO - 📤 بخش ۲: دریافت کانفیگ‌های جدید برای ارسال به کانال...
2026-09-05 00:45:00,841 - INFO - 📡 دریافت پست‌ها از https://t.me/s/ConfigsHUB برای ارسال به کانال
2026-09-05 00:45:01,238 - INFO - ✅ 20 پست دریافت شد
2026-09-05 00:45:01,240 - INFO - 💾 وضعیت به‌روز شد: ConfigsHUB/2055892
2026-09-05 00:45:01,240 - INFO - 📊 از https://t.me/s/ConfigsHUB: 4 کانفیگ جدید پیدا شد
2026-09-05 00:45:01,240 - INFO - 📊 تعداد کل کانفیگ‌های جدید: 4
2026-09-05 00:45:01,240 - INFO - 📤 ارسال 4 کانفیگ به کانال
2026-09-05 00:45:01,702 - INFO - HTTP Request: POST https://api.telegram.org/bot8316746677:AAF1IzRzODBtCvVWrL6dWtw7F8U3qb4DwXM/sendMessage "HTTP/1.1 200 OK"
2026-09-05 00:45:01,703 - INFO - ✅ پیام 1 از 1 ارسال شد
2026-09-05 00:45:02,704 - INFO - ==================================================
2026-09-05 00:45:02,704 - INFO - 🏁 اجرای ربات با موفقیت به پایان رسید
2026-09-05 01:30:26,090 - INFO - ==================================================
2026-09-05 01:30:26,090 - INFO - 🚀 شروع اجرای ربات
2026-09-05 01:30:26,090 - INFO - 📥 بخش ۱: دریافت ۱۰۰ کانفیگ آخر برای فایل JSON...
2026-09-05 01:30:26,090 - INFO - 📡 دریافت کانفیگ‌ها از https://t.me/s/ConfigsHUB برای فایل JSON
2026-09-05 01:30:27,078 - INFO - ✅ 9 کانفیگ از صفحه دریافت شد
2026-09-05 01:30:27,079 - INFO - 📊 از https://t.me/s/ConfigsHUB: 9 کانفیگ دریافت شد
2026-09-05 01:30:27,079 - INFO - 🔄 بعد از حذف تکراری: 9 کانفیگ برای JSON
2026-09-05 01:30:27,079 - WARNING - ⚠️ تعداد کانفیگ‌ها به 100 رسید (با None پر شد)
2026-09-05 01:30:27,080 - INFO - ✅ دقیقاً 100 کانفیگ در configs.json ذخیره شد
2026-09-05 01:30:27,080 - INFO - ✅ فایل configs.json با 9 کانفیگ واقعی به‌روز شد
2026-09-05 01:30:27,080 - INFO - 📝 نمونه کانفیگ اول: vless://05214830-5d65-4ee1-a3d4-68f36cbea637@185.1...
2026-09-05 01:30:27,080 - INFO - 📤 بخش ۲: دریافت کانفیگ‌های جدید برای ارسال به کانال...
2026-09-05 01:30:27,080 - INFO - 📡 دریافت پست‌ها از https://t.me/s/ConfigsHUB برای ارسال به کانال
2026-09-05 01:30:27,593 - INFO - ✅ 20 پست دریافت شد
2026-09-05 01:30:27,594 - INFO - 💾 وضعیت به‌روز شد: ConfigsHUB/2055949
2026-09-05 01:30:27,594 - INFO - 📊 از https://t.me/s/ConfigsHUB: 9 کانفیگ جدید پیدا شد
2026-09-05 01:30:27,594 - INFO - 📊 تعداد کل کانفیگ‌های جدید: 9
2026-09-05 01:30:27,594 - INFO - 📤 ارسال 9 کانفیگ به کانال
2026-09-05 01:30:28,252 - INFO - HTTP Request: POST https://api.telegram.org/bot8316746677:AAF1IzRzODBtCvVWrL6dWtw7F8U3qb4DwXM/sendMessage "HTTP/1.1 200 OK"
2026-09-05 01:30:28,253 - INFO - ✅ پیام 1 از 1 ارسال شد
2026-09-05 01:30:29,255 - INFO - ==================================================
2026-09-05 01:30:29,255 - INFO - 🏁 اجرای ربات با موفقیت به پایان رسید
2026-09-05 02:30:31,826 - INFO - ==================================================
2026-09-05 02:30:31,826 - INFO - 🚀 شروع اجرای ربات
2026-09-05 02:30:31,826 - INFO - 📥 بخش ۱: دریافت ۱۰۰ کانفیگ آخر برای فایل JSON...
2026-09-05 02:30:31,826 - INFO - 📡 دریافت کانفیگ‌ها از https://t.me/s/ConfigsHUB برای فایل JSON
2026-09-05 02:30:32,862 - INFO - ✅ 12 کانفیگ از صفحه دریافت شد
2026-09-05 02:30:32,863 - INFO - 📊 از https://t.me/s/ConfigsHUB: 12 کانفیگ دریافت شد
2026-09-05 02:30:32,864 - INFO - 🔄 بعد از حذف تکراری: 12 کانفیگ برای JSON
2026-09-05 02:30:32,864 - WARNING - ⚠️ تعداد کانفیگ‌ها به 100 رسید (با None پر شد)
2026-09-05 02:30:32,864 - INFO - ✅ دقیقاً 100 کانفیگ در configs.json ذخیره شد
2026-09-05 02:30:32,864 - INFO - ✅ فایل configs.json با 12 کانفیگ واقعی به‌روز شد
2026-09-05 02:30:32,864 - INFO - 📝 نمونه کانفیگ اول: vmess://eyJhZGQiOiIxODUuMjA0LjE3MS4zIiwiYWlkIjoiMC...
2026-09-05 02:30:32,864 - INFO - 📤 بخش ۲: دریافت کانفیگ‌های جدید برای ارسال به کانال...
2026-09-05 02:30:32,864 - INFO - 📡 دریافت پست‌ها از https://t.me/s/ConfigsHUB برای ارسال به کانال
2026-09-05 02:30:33,438 - INFO - ✅ 20 پست دریافت شد
2026-09-05 02:30:33,439 - INFO - 💾 وضعیت به‌روز شد: ConfigsHUB/2056024
2026-09-05 02:30:33,439 - INFO - 📊 از https://t.me/s/ConfigsHUB: 12 کانفیگ جدید پیدا شد
2026-09-05 02:30:33,440 - INFO - 📊 تعداد کل کانفیگ‌های جدید: 12
2026-09-05 02:30:33,440 - INFO - 📤 ارسال 10 کانفیگ به کانال
2026-09-05 02:30:34,106 - INFO - HTTP Request: POST https://api.telegram.org/bot8316746677:AAF1IzRzODBtCvVWrL6dWtw7F8U3qb4DwXM/sendMessage "HTTP/1.1 200 OK"
2026-09-05 02:30:34,107 - INFO - ✅ پیام 1 از 1 ارسال شد
2026-09-05 02:30:35,108 - INFO - ==================================================
2026-09-05 02:30:35,108 - INFO - 🏁 اجرای ربات با موفقیت به پایان رسید
2026-09-05 03:30:25,156 - INFO - ==================================================
2026-09-05 03:30:25,157 - INFO - 🚀 شروع اجرای ربات
2026-09-05 03:30:25,157 - INFO - 📥 بخش ۱: دریافت ۱۰۰ کانفیگ آخر برای فایل JSON...
2026-09-05 03:30:25,157 - INFO - 📡 دریافت کانفیگ‌ها از https://t.me/s/ConfigsHUB برای فایل JSON
2026-09-05 03:30:25,654 - INFO - ✅ 13 کانفیگ از صفحه دریافت شد
2026-09-05 03:30:25,654 - INFO - 📊 از https://t.me/s/ConfigsHUB: 13 کانفیگ دریافت شد
2026-09-05 03:30:25,655 - INFO - 🔄 بعد از حذف تکراری: 13 کانفیگ برای JSON
2026-09-05 03:30:25,655 - WARNING - ⚠️ تعداد کانفیگ‌ها به 100 رسید (با None پر شد)
2026-09-05 03:30:25,655 - INFO - ✅ دقیقاً 100 کانفیگ در configs.json ذخیره شد
2026-09-05 03:30:25,655 - INFO - ✅ فایل configs.json با 13 کانفیگ واقعی به‌روز شد
2026-09-05 03:30:25,655 - INFO - 📝 نمونه کانفیگ اول: vless://435bda4c-fe5e-42c9-a3ad-15334943b38a@104.2...
2026-09-05 03:30:25,655 - INFO - 📤 بخش ۲: دریافت کانفیگ‌های جدید برای ارسال به کانال...
2026-09-05 03:30:25,655 - INFO - 📡 دریافت پست‌ها از https://t.me/s/ConfigsHUB برای ارسال به کانال
2026-09-05 03:30:26,070 - INFO - ✅ 20 پست دریافت شد
2026-09-05 03:30:26,072 - INFO - 💾 وضعیت به‌روز شد: ConfigsHUB/2056103
2026-09-05 03:30:26,072 - INFO - 📊 از https://t.me/s/ConfigsHUB: 13 کانفیگ جدید پیدا شد
2026-09-05 03:30:26,072 - INFO - 📊 تعداد کل کانفیگ‌های جدید: 13
2026-09-05 03:30:26,072 - INFO - 📤 ارسال 10 کانفیگ به کانال
2026-09-05 03:30:26,609 - INFO - HTTP Request: POST https://api.telegram.org/bot8316746677:AAF1IzRzODBtCvVWrL6dWtw7F8U3qb4DwXM/sendMessage "HTTP/1.1 200 OK"
2026-09-05 03:30:26,610 - INFO - ✅ پیام 1 از 1 ارسال شد
2026-09-05 03:30:27,612 - INFO - ==================================================
2026-09-05 03:30:27,612 - INFO - 🏁 اجرای ربات با موفقیت به پایان رسید
2026-09-05 04:30:29,751 - INFO - ==================================================
2026-09-05 04:30:29,751 - INFO - 🚀 شروع اجرای ربات
2026-09-05 04:30:29,751 - INFO - 📥 بخش ۱: دریافت ۱۰۰ کانفیگ آخر برای فایل JSON...
2026-09-05 04:30:29,751 - INFO - 📡 دریافت کانفیگ‌ها از https://t.me/s/ConfigsHUB برای فایل JSON
2026-09-05 04:30:30,434 - INFO - ✅ 13 کانفیگ از صفحه دریافت شد
2026-09-05 04:30:30,435 - INFO - 📊 از https://t.me/s/ConfigsHUB: 13 کانفیگ دریافت شد
2026-09-05 04:30:30,435 - INFO - 🔄 بعد از حذف تکراری: 11 کانفیگ برای JSON
2026-09-05 04:30:30,435 - WARNING - ⚠️ تعداد کانفیگ‌ها به 100 رسید (با None پر شد)
2026-09-05 04:30:30,435 - INFO - ✅ دقیقاً 100 کانفیگ در configs.json ذخیره شد
2026-09-05 04:30:30,435 - INFO - ✅ فایل configs.json با 11 کانفیگ واقعی به‌روز شد
2026-09-05 04:30:30,435 - INFO - 📝 نمونه کانفیگ اول: vless://3536e1fa-0850-44d1-b123-925ce12476cf@206.7...
2026-09-05 04:30:30,435 - INFO - 📤 بخش ۲: دریافت کانفیگ‌های جدید برای ارسال به کانال...
2026-09-05 04:30:30,436 - INFO - 📡 دریافت پست‌ها از https://t.me/s/ConfigsHUB برای ارسال به کانال
2026-09-05 04:30:31,024 - INFO - ✅ 20 پست دریافت شد
2026-09-05 04:30:31,025 - INFO - 💾 وضعیت به‌روز شد: ConfigsHUB/2056214
2026-09-05 04:30:31,025 - INFO - 📊 از https://t.me/s/ConfigsHUB: 13 کانفیگ جدید پیدا شد
2026-09-05 04:30:31,025 - INFO - 📊 تعداد کل کانفیگ‌های جدید: 13
2026-09-05 04:30:31,025 - INFO - 📤 ارسال 10 کانفیگ به کانال
2026-09-05 04:30:31,688 - INFO - HTTP Request: POST https://api.telegram.org/bot8316746677:AAF1IzRzODBtCvVWrL6dWtw7F8U3qb4DwXM/sendMessage "HTTP/1.1 200 OK"
2026-09-05 04:30:31,689 - INFO - ✅ پیام 1 از 1 ارسال شد
2026-09-05 04:30:32,691 - INFO - ==================================================
2026-09-05 04:30:32,691 - INFO - 🏁 اجرای ربات با موفقیت به پایان رسید
2026-09-05 05:26:01,331 - INFO - ==================================================
2026-09-05 05:26:01,332 - INFO - 🚀 شروع اجرای ربات
2026-09-05 05:26:01,332 - INFO - 📥 بخش ۱: دریافت ۱۰۰ کانفیگ آخر برای فایل JSON...
2026-09-05 05:26:01,332 - INFO - 📡 دریافت کانفیگ‌ها از https://t.me/s/ConfigsHUB برای فایل JSON
2026-09-05 05:26:02,014 - INFO - ✅ 8 کانفیگ از صفحه دریافت شد
2026-09-05 05:26:02,015 - INFO - 📊 از https://t.me/s/ConfigsHUB: 8 کانفیگ دریافت شد
2026-09-05 05:26:02,015 - INFO - 🔄 بعد از حذف تکراری: 8 کانفیگ برای JSON
2026-09-05 05:26:02,015 - WARNING - ⚠️ تعداد کانفیگ‌ها به 100 رسید (با None پر شد)
2026-09-05 05:26:02,016 - INFO - ✅ دقیقاً 100 کانفیگ در configs.json ذخیره شد
2026-09-05 05:26:02,016 - INFO - ✅ فایل configs.json با 8 کانفیگ واقعی به‌روز شد
2026-09-05 05:26:02,016 - INFO - 📝 نمونه کانفیگ اول: vless://7200c358-3605-4be5-adf0-9f694f4f58b7@172.6...
2026-09-05 05:26:02,016 - INFO - 📤 بخش ۲: دریافت کانفیگ‌های جدید برای ارسال به کانال...
2026-09-05 05:26:02,016 - INFO - 📡 دریافت پست‌ها از https://t.me/s/ConfigsHUB برای ارسال به کانال
2026-09-05 05:26:02,577 - INFO - ✅ 20 پست دریافت شد
2026-09-05 05:26:02,578 - INFO - 💾 وضعیت به‌روز شد: ConfigsHUB/2056344
2026-09-05 05:26:02,578 - INFO - 📊 از https://t.me/s/ConfigsHUB: 8 کانفیگ جدید پیدا شد
2026-09-05 05:26:02,578 - INFO - 📊 تعداد کل کانفیگ‌های جدید: 8
2026-09-05 05:26:02,578 - INFO - 📤 ارسال 8 کانفیگ به کانال
2026-09-05 05:26:03,256 - INFO - HTTP Request: POST https://api.telegram.org/bot8316746677:AAF1IzRzODBtCvVWrL6dWtw7F8U3qb4DwXM/sendMessage "HTTP/1.1 200 OK"
2026-09-05 05:26:03,257 - INFO - ✅ پیام 1 از 1 ارسال شد
2026-09-05 05:26:04,259 - INFO - ==================================================
2026-09-05 05:26:04,259 - INFO - 🏁 اجرای ربات با موفقیت به پایان رسید
2026-09-05 05:30:27,590 - INFO - ==================================================
2026-09-05 05:30:27,590 - INFO - 🚀 شروع اجرای ربات
2026-09-05 05:30:27,590 - INFO - 📥 بخش ۱: دریافت ۱۰۰ کانفیگ آخر برای فایل JSON...
2026-09-05 05:30:27,591 - INFO - 📡 دریافت کانفیگ‌ها از https://t.me/s/ConfigsHUB برای فایل JSON
2026-09-05 05:30:28,265 - INFO - ✅ 12 کانفیگ از صفحه دریافت شد
2026-09-05 05:30:28,266 - INFO - 📊 از https://t.me/s/ConfigsHUB: 12 کانفیگ دریافت شد
2026-09-05 05:30:28,267 - INFO - 🔄 بعد از حذف تکراری: 12 کانفیگ برای JSON
2026-09-05 05:30:28,267 - WARNING - ⚠️ تعداد کانفیگ‌ها به 100 رسید (با None پر شد)
2026-09-05 05:30:28,267 - INFO - ✅ دقیقاً 100 کانفیگ در configs.json ذخیره شد
2026-09-05 05:30:28,267 - INFO - ✅ فایل configs.json با 12 کانفیگ واقعی به‌روز شد
2026-09-05 05:30:28,267 - INFO - 📝 نمونه کانفیگ اول: vless://ef66f257-2187-48a0-ae46-fbd0519d24ab@104.2...
2026-09-05 05:30:28,267 - INFO - 📤 بخش ۲: دریافت کانفیگ‌های جدید برای ارسال به کانال...
2026-09-05 05:30:28,267 - INFO - 📡 دریافت پست‌ها از https://t.me/s/ConfigsHUB برای ارسال به کانال
2026-09-05 05:30:28,847 - INFO - ✅ 20 پست دریافت شد
2026-09-05 05:30:28,849 - INFO - 💾 وضعیت به‌روز شد: ConfigsHUB/2056369
2026-09-05 05:30:28,849 - INFO - 📊 از https://t.me/s/ConfigsHUB: 12 کانفیگ جدید پیدا شد
2026-09-05 05:30:28,849 - INFO - 📊 تعداد کل کانفیگ‌های جدید: 12
2026-09-05 05:30:28,849 - INFO - 📤 ارسال 10 کانفیگ به کانال
2026-09-05 05:30:29,505 - INFO - HTTP Request: POST https://api.telegram.org/bot8316746677:AAF1IzRzODBtCvVWrL6dWtw7F8U3qb4DwXM/sendMessage "HTTP/1.1 200 OK"
2026-09-05 05:30:29,506 - INFO - ✅ پیام 1 از 1 ارسال شد
2026-09-05 05:30:30,508 - INFO - ==================================================
2026-09-05 05:30:30,508 - INFO - 🏁 اجرای ربات با موفقیت به پایان رسید
2026-09-05 06:30:34,495 - INFO - ==================================================
2026-09-05 06:30:34,495 - INFO - 🚀 شروع اجرای ربات
2026-09-05 06:30:34,495 - INFO - 📥 بخش ۱: دریافت ۱۰۰ کانفیگ آخر برای فایل JSON...
2026-09-05 06:30:34,495 - INFO - 📡 دریافت کانفیگ‌ها از https://t.me/s/ConfigsHUB برای فایل JSON
2026-09-05 06:30:35,116 - INFO - ✅ 17 کانفیگ از صفحه دریافت شد
2026-09-05 06:30:35,117 - INFO - 📊 از https://t.me/s/ConfigsHUB: 17 کانفیگ دریافت شد
2026-09-05 06:30:35,117 - INFO - 🔄 بعد از حذف تکراری: 17 کانفیگ برای JSON
2026-09-05 06:30:35,117 - WARNING - ⚠️ تعداد کانفیگ‌ها به 100 رسید (با None پر شد)
2026-09-05 06:30:35,117 - INFO - ✅ دقیقاً 100 کانفیگ در configs.json ذخیره شد
2026-09-05 06:30:35,117 - INFO - ✅ فایل configs.json با 17 کانفیگ واقعی به‌روز شد
2026-09-05 06:30:35,117 - INFO - 📝 نمونه کانفیگ اول: ss://Y2hhY2hhMjAtaWV0Zi1wb2x5MTMwNTpvWklvQTY5UTh5a...
2026-09-05 06:30:35,117 - INFO - 📤 بخش ۲: دریافت کانفیگ‌های جدید برای ارسال به کانال...
2026-09-05 06:30:35,117 - INFO - 📡 دریافت پست‌ها از https://t.me/s/ConfigsHUB برای ارسال به کانال
2026-09-05 06:30:35,703 - INFO - ✅ 20 پست دریافت شد
2026-09-05 06:30:35,704 - INFO - 💾 وضعیت به‌روز شد: ConfigsHUB/2056617
2026-09-05 06:30:35,704 - INFO - 📊 از https://t.me/s/ConfigsHUB: 17 کانفیگ جدید پیدا شد
2026-09-05 06:30:35,704 - INFO - 📊 تعداد کل کانفیگ‌های جدید: 17
2026-09-05 06:30:35,704 - INFO - 📤 ارسال 10 کانفیگ به کانال
2026-09-05 06:30:36,438 - INFO - HTTP Request: POST https://api.telegram.org/bot8316746677:AAF1IzRzODBtCvVWrL6dWtw7F8U3qb4DwXM/sendMessage "HTTP/1.1 200 OK"
2026-09-05 06:30:36,438 - INFO - ✅ پیام 1 از 1 ارسال شد
2026-09-05 06:30:37,440 - INFO - ==================================================
2026-09-05 06:30:37,440 - INFO - 🏁 اجرای ربات با موفقیت به پایان رسید
2026-09-05 07:30:29,235 - INFO - ==================================================
2026-09-05 07:30:29,235 - INFO - 🚀 شروع اجرای ربات
2026-09-05 07:30:29,236 - INFO - 📥 بخش ۱: دریافت ۱۰۰ کانفیگ آخر برای فایل JSON...
2026-09-05 07:30:29,236 - INFO - 📡 دریافت کانفیگ‌ها از https://t.me/s/ConfigsHUB برای فایل JSON
2026-09-05 07:30:29,834 - INFO - ✅ 8 کانفیگ از صفحه دریافت شد
2026-09-05 07:30:29,835 - INFO - 📊 از https://t.me/s/ConfigsHUB: 8 کانفیگ دریافت شد
2026-09-05 07:30:29,835 - INFO - 🔄 بعد از حذف تکراری: 8 کانفیگ برای JSON
2026-09-05 07:30:29,835 - WARNING - ⚠️ تعداد کانفیگ‌ها به 100 رسید (با None پر شد)
2026-09-05 07:30:29,836 - INFO - ✅ دقیقاً 100 کانفیگ در configs.json ذخیره شد
2026-09-05 07:30:29,836 - INFO - ✅ فایل configs.json با 8 کانفیگ واقعی به‌روز شد
2026-09-05 07:30:29,836 - INFO - 📝 نمونه کانفیگ اول: vless://a3eb4c35-c1df-4448-968c-f6229cba9de0@proba...
2026-09-05 07:30:29,836 - INFO - 📤 بخش ۲: دریافت کانفیگ‌های جدید برای ارسال به کانال...
2026-09-05 07:30:29,836 - INFO - 📡 دریافت پست‌ها از https://t.me/s/ConfigsHUB برای ارسال به کانال
2026-09-05 07:30:30,339 - INFO - ✅ 20 پست دریافت شد
2026-09-05 07:30:30,340 - INFO - 💾 وضعیت به‌روز شد: ConfigsHUB/2056822
2026-09-05 07:30:30,340 - INFO - 📊 از https://t.me/s/ConfigsHUB: 8 کانفیگ جدید پیدا شد
2026-09-05 07:30:30,340 - INFO - 📊 تعداد کل کانفیگ‌های جدید: 8
2026-09-05 07:30:30,340 - INFO - 📤 ارسال 8 کانفیگ به کانال
2026-09-05 07:30:31,003 - INFO - HTTP Request: POST https://api.telegram.org/bot8316746677:AAF1IzRzODBtCvVWrL6dWtw7F8U3qb4DwXM/sendMessage "HTTP/1.1 200 OK"
2026-09-05 07:30:31,004 - INFO - ✅ پیام 1 از 1 ارسال شد
2026-09-05 07:30:32,005 - INFO - ==================================================
2026-09-05 07:30:32,006 - INFO - 🏁 اجرای ربات با موفقیت به پایان رسید
2026-09-05 08:30:40,194 - INFO - ==================================================
2026-09-05 08:30:40,194 - INFO - 🚀 شروع اجرای ربات
2026-09-05 08:30:40,194 - INFO - 📥 بخش ۱: دریافت ۱۰۰ کانفیگ آخر برای فایل JSON...
2026-09-05 08:30:40,194 - INFO - 📡 دریافت کانفیگ‌ها از https://t.me/s/ConfigsHUB برای فایل JSON
2026-09-05 08:30:40,714 - INFO - ✅ 8 کانفیگ از صفحه دریافت شد
2026-09-05 08:30:40,715 - INFO - 📊 از https://t.me/s/ConfigsHUB: 8 کانفیگ دریافت شد
2026-09-05 08:30:40,715 - INFO - 🔄 بعد از حذف تکراری: 7 کانفیگ برای JSON
2026-09-05 08:30:40,716 - WARNING - ⚠️ تعداد کانفیگ‌ها به 100 رسید (با None پر شد)
2026-09-05 08:30:40,716 - INFO - ✅ دقیقاً 100 کانفیگ در configs.json ذخیره شد
2026-09-05 08:30:40,716 - INFO - ✅ فایل configs.json با 7 کانفیگ واقعی به‌روز شد
2026-09-05 08:30:40,716 - INFO - 📝 نمونه کانفیگ اول: vless://b710a6da-bcbe-474a-bdc7-9162ba483c4d@5.75....
2026-09-05 08:30:40,716 - INFO - 📤 بخش ۲: دریافت کانفیگ‌های جدید برای ارسال به کانال...
2026-09-05 08:30:40,716 - INFO - 📡 دریافت پست‌ها از https://t.me/s/ConfigsHUB برای ارسال به کانال
2026-09-05 08:30:41,236 - INFO - ✅ 20 پست دریافت شد
2026-09-05 08:30:41,237 - INFO - 💾 وضعیت به‌روز شد: ConfigsHUB/2057066
2026-09-05 08:30:41,237 - INFO - 📊 از https://t.me/s/ConfigsHUB: 8 کانفیگ جدید پیدا شد
2026-09-05 08:30:41,237 - INFO - 📊 تعداد کل کانفیگ‌های جدید: 8
2026-09-05 08:30:41,237 - INFO - 📤 ارسال 7 کانفیگ به کانال
2026-09-05 08:30:41,757 - INFO - HTTP Request: POST https://api.telegram.org/bot8316746677:AAF1IzRzODBtCvVWrL6dWtw7F8U3qb4DwXM/sendMessage "HTTP/1.1 200 OK"
2026-09-05 08:30:41,758 - INFO - ✅ پیام 1 از 1 ارسال شد
2026-09-05 08:30:42,759 - INFO - ==================================================
2026-09-05 08:30:42,760 - INFO - 🏁 اجرای ربات با موفقیت به پایان رسید
2026-09-05 09:30:28,095 - INFO - ==================================================
2026-09-05 09:30:28,095 - INFO - 🚀 شروع اجرای ربات
2026-09-05 09:30:28,095 - INFO - 📥 بخش ۱: دریافت ۱۰۰ کانفیگ آخر برای فایل JSON...
2026-09-05 09:30:28,095 - INFO - 📡 دریافت کانفیگ‌ها از https://t.me/s/ConfigsHUB برای فایل JSON
2026-09-05 09:30:28,562 - INFO - ✅ 14 کانفیگ از صفحه دریافت شد
2026-09-05 09:30:28,563 - INFO - 📊 از https://t.me/s/ConfigsHUB: 14 کانفیگ دریافت شد
2026-09-05 09:30:28,563 - INFO - 🔄 بعد از حذف تکراری: 14 کانفیگ برای JSON
2026-09-05 09:30:28,563 - WARNING - ⚠️ تعداد کانفیگ‌ها به 100 رسید (با None پر شد)
2026-09-05 09:30:28,564 - INFO - ✅ دقیقاً 100 کانفیگ در configs.json ذخیره شد
2026-09-05 09:30:28,564 - INFO - ✅ فایل configs.json با 14 کانفیگ واقعی به‌روز شد
2026-09-05 09:30:28,564 - INFO - 📝 نمونه کانفیگ اول: vless://51748e21-20d5-496b-a705-2bfe446b83ad@188.1...
2026-09-05 09:30:28,564 - INFO - 📤 بخش ۲: دریافت کانفیگ‌های جدید برای ارسال به کانال...
2026-09-05 09:30:28,564 - INFO - 📡 دریافت پست‌ها از https://t.me/s/ConfigsHUB برای ارسال به کانال
2026-09-05 09:30:28,935 - INFO - ✅ 20 پست دریافت شد
2026-09-05 09:30:28,936 - INFO - 💾 وضعیت به‌روز شد: ConfigsHUB/2057312
2026-09-05 09:30:28,936 - INFO - 📊 از https://t.me/s/ConfigsHUB: 14 کانفیگ جدید پیدا شد
2026-09-05 09:30:28,937 - INFO - 📊 تعداد کل کانفیگ‌های جدید: 14
2026-09-05 09:30:28,937 - INFO - 📤 ارسال 10 کانفیگ به کانال
2026-09-05 09:30:29,411 - INFO - HTTP Request: POST https://api.telegram.org/bot8316746677:AAF1IzRzODBtCvVWrL6dWtw7F8U3qb4DwXM/sendMessage "HTTP/1.1 200 OK"
2026-09-05 09:30:29,412 - INFO - ✅ پیام 1 از 1 ارسال شد
2026-09-05 09:30:30,413 - INFO - ==================================================
2026-09-05 09:30:30,413 - INFO - 🏁 اجرای ربات با موفقیت به پایان رسید
2026-09-05 10:16:58,932 - INFO - ==================================================
2026-09-05 10:16:58,932 - INFO - 🚀 شروع اجرای ربات
2026-09-05 10:16:58,932 - INFO - 📥 بخش ۱: دریافت ۱۰۰ کانفیگ آخر برای فایل JSON...
2026-09-05 10:16:58,932 - INFO - 📡 دریافت کانفیگ‌ها از https://t.me/s/ConfigsHUB برای فایل JSON
2026-09-05 10:16:59,589 - INFO - ✅ 20 کانفیگ از صفحه دریافت شد
2026-09-05 10:16:59,590 - INFO - 📊 از https://t.me/s/ConfigsHUB: 20 کانفیگ دریافت شد
2026-09-05 10:16:59,590 - INFO - 🔄 بعد از حذف تکراری: 19 کانفیگ برای JSON
2026-09-05 10:16:59,590 - WARNING - ⚠️ تعداد کانفیگ‌ها به 100 رسید (با None پر شد)
2026-09-05 10:16:59,590 - INFO - ✅ دقیقاً 100 کانفیگ در configs.json ذخیره شد
2026-09-05 10:16:59,591 - INFO - ✅ فایل configs.json با 19 کانفیگ واقعی به‌روز شد
2026-09-05 10:16:59,591 - INFO - 📝 نمونه کانفیگ اول: vless://607f4f6c-2a71-43aa-e047-1ff5b5c23f67@k2.cl...
2026-09-05 10:16:59,591 - INFO - 📤 بخش ۲: دریافت کانفیگ‌های جدید برای ارسال به کانال...
2026-09-05 10:16:59,591 - INFO - 📡 دریافت پست‌ها از https://t.me/s/ConfigsHUB برای ارسال به کانال
2026-09-05 10:17:00,181 - INFO - ✅ 20 پست دریافت شد
2026-09-05 10:17:00,182 - INFO - 💾 وضعیت به‌روز شد: ConfigsHUB/2057440
2026-09-05 10:17:00,182 - INFO - 📊 از https://t.me/s/ConfigsHUB: 20 کانفیگ جدید پیدا شد
2026-09-05 10:17:00,182 - INFO - 📊 تعداد کل کانفیگ‌های جدید: 20
2026-09-05 10:17:00,182 - INFO - 📤 ارسال 10 کانفیگ به کانال
2026-09-05 10:17:00,842 - INFO - HTTP Request: POST https://api.telegram.org/bot8316746677:AAF1IzRzODBtCvVWrL6dWtw7F8U3qb4DwXM/sendMessage "HTTP/1.1 200 OK"
2026-09-05 10:17:00,842 - INFO - ✅ پیام 1 از 1 ارسال شد
2026-09-05 10:17:01,844 - INFO - ==================================================
2026-09-05 10:17:01,844 - INFO - 🏁 اجرای ربات با موفقیت به پایان رسید
2026-09-05 10:30:29,147 - INFO - ==================================================
2026-09-05 10:30:29,147 - INFO - 🚀 شروع اجرای ربات
2026-09-05 10:30:29,147 - INFO - 📥 بخش ۱: دریافت ۱۰۰ کانفیگ آخر برای فایل JSON...
2026-09-05 10:30:29,147 - INFO - 📡 دریافت کانفیگ‌ها از https://t.me/s/ConfigsHUB برای فایل JSON
2026-09-05 10:30:29,770 - INFO - ✅ 11 کانفیگ از صفحه دریافت شد
2026-09-05 10:30:29,772 - INFO - 📊 از https://t.me/s/ConfigsHUB: 11 کانفیگ دریافت شد
2026-09-05 10:30:29,772 - INFO - 🔄 بعد از حذف تکراری: 9 کانفیگ برای JSON
2026-09-05 10:30:29,772 - WARNING - ⚠️ تعداد کانفیگ‌ها به 100 رسید (با None پر شد)
2026-09-05 10:30:29,772 - INFO - ✅ دقیقاً 100 کانفیگ در configs.json ذخیره شد
2026-09-05 10:30:29,772 - INFO - ✅ فایل configs.json با 9 کانفیگ واقعی به‌روز شد
2026-09-05 10:30:29,772 - INFO - 📝 نمونه کانفیگ اول: vless://d9e8a300-489d-41ca-b129-841ffb654a1e@199.2...
2026-09-05 10:30:29,773 - INFO - 📤 بخش ۲: دریافت کانفیگ‌های جدید برای ارسال به کانال...
2026-09-05 10:30:29,773 - INFO - 📡 دریافت پست‌ها از https://t.me/s/ConfigsHUB برای ارسال به کانال
2026-09-05 10:30:30,374 - INFO - ✅ 20 پست دریافت شد
2026-09-05 10:30:30,375 - INFO - 💾 وضعیت به‌روز شد: ConfigsHUB/2057471
2026-09-05 10:30:30,375 - INFO - 📊 از https://t.me/s/ConfigsHUB: 11 کانفیگ جدید پیدا شد
2026-09-05 10:30:30,375 - INFO - 📊 تعداد کل کانفیگ‌های جدید: 11
2026-09-05 10:30:30,375 - INFO - 📤 ارسال 9 کانفیگ به کانال
2026-09-05 10:30:31,159 - INFO - HTTP Request: POST https://api.telegram.org/bot8316746677:AAF1IzRzODBtCvVWrL6dWtw7F8U3qb4DwXM/sendMessage "HTTP/1.1 200 OK"
2026-09-05 10:30:31,160 - INFO - ✅ پیام 1 از 1 ارسال شد
2026-09-05 10:30:32,161 - INFO - ==================================================
2026-09-05 10:30:32,161 - INFO - 🏁 اجرای ربات با موفقیت به پایان رسید
2026-09-05 11:30:26,708 - INFO - ==================================================
2026-09-05 11:30:26,709 - INFO - 🚀 شروع اجرای ربات
2026-09-05 11:30:26,709 - INFO - 📥 بخش ۱: دریافت ۱۰۰ کانفیگ آخر برای فایل JSON...
2026-09-05 11:30:26,709 - INFO - 📡 دریافت کانفیگ‌ها از https://t.me/s/ConfigsHUB برای فایل JSON
2026-09-05 11:30:27,199 - INFO - ✅ 6 کانفیگ از صفحه دریافت شد
2026-09-05 11:30:27,200 - INFO - 📊 از https://t.me/s/ConfigsHUB: 6 کانفیگ دریافت شد
2026-09-05 11:30:27,200 - INFO - 🔄 بعد از حذف تکراری: 6 کانفیگ برای JSON
2026-09-05 11:30:27,200 - WARNING - ⚠️ تعداد کانفیگ‌ها به 100 رسید (با None پر شد)
2026-09-05 11:30:27,200 - INFO - ✅ دقیقاً 100 کانفیگ در configs.json ذخیره شد
2026-09-05 11:30:27,200 - INFO - ✅ فایل configs.json با 6 کانفیگ واقعی به‌روز شد
2026-09-05 11:30:27,200 - INFO - 📝 نمونه کانفیگ اول: vless://2f35965a-9a9b-45fd-ba32-987296dfb6be@89.35...
2026-09-05 11:30:27,200 - INFO - 📤 بخش ۲: دریافت کانفیگ‌های جدید برای ارسال به کانال...
2026-09-05 11:30:27,200 - INFO - 📡 دریافت پست‌ها از https://t.me/s/ConfigsHUB برای ارسال به کانال
2026-09-05 11:30:27,675 - INFO - ✅ 20 پست دریافت شد
2026-09-05 11:30:27,676 - INFO - 💾 وضعیت به‌روز شد: ConfigsHUB/2057663
2026-09-05 11:30:27,676 - INFO - 📊 از https://t.me/s/ConfigsHUB: 6 کانفیگ جدید پیدا شد
2026-09-05 11:30:27,676 - INFO - 📊 تعداد کل کانفیگ‌های جدید: 6
2026-09-05 11:30:27,676 - INFO - 📤 ارسال 6 کانفیگ به کانال
2026-09-05 11:30:28,253 - INFO - HTTP Request: POST https://api.telegram.org/bot8316746677:AAF1IzRzODBtCvVWrL6dWtw7F8U3qb4DwXM/sendMessage "HTTP/1.1 200 OK"
2026-09-05 11:30:28,254 - INFO - ✅ پیام 1 از 1 ارسال شد
2026-09-05 11:30:29,255 - INFO - ==================================================
2026-09-05 11:30:29,255 - INFO - 🏁 اجرای ربات با موفقیت به پایان رسید
2026-09-05 12:30:26,868 - INFO - ==================================================
2026-09-05 12:30:26,868 - INFO - 🚀 شروع اجرای ربات
2026-09-05 12:30:26,868 - INFO - 📥 بخش ۱: دریافت ۱۰۰ کانفیگ آخر برای فایل JSON...
2026-09-05 12:30:26,868 - INFO - 📡 دریافت کانفیگ‌ها از https://t.me/s/ConfigsHUB برای فایل JSON
2026-09-05 12:30:27,380 - INFO - ✅ 14 کانفیگ از صفحه دریافت شد
2026-09-05 12:30:27,381 - INFO - 📊 از https://t.me/s/ConfigsHUB: 14 کانفیگ دریافت شد
2026-09-05 12:30:27,381 - INFO - 🔄 بعد از حذف تکراری: 13 کانفیگ برای JSON
2026-09-05 12:30:27,381 - WARNING - ⚠️ تعداد کانفیگ‌ها به 100 رسید (با None پر شد)
2026-09-05 12:30:27,382 - INFO - ✅ دقیقاً 100 کانفیگ در configs.json ذخیره شد
2026-09-05 12:30:27,382 - INFO - ✅ فایل configs.json با 13 کانفیگ واقعی به‌روز شد
2026-09-05 12:30:27,382 - INFO - 📝 نمونه کانفیگ اول: vless://2bfe6e7e-1128-47f6-9746-e3021907208d@dedir...
2026-09-05 12:30:27,382 - INFO - 📤 بخش ۲: دریافت کانفیگ‌های جدید برای ارسال به کانال...
2026-09-05 12:30:27,382 - INFO - 📡 دریافت پست‌ها از https://t.me/s/ConfigsHUB برای ارسال به کانال
2026-09-05 12:30:27,826 - INFO - ✅ 20 پست دریافت شد
2026-09-05 12:30:27,828 - INFO - 💾 وضعیت به‌روز شد: ConfigsHUB/2057919
2026-09-05 12:30:27,828 - INFO - 📊 از https://t.me/s/ConfigsHUB: 14 کانفیگ جدید پیدا شد
2026-09-05 12:30:27,828 - INFO - 📊 تعداد کل کانفیگ‌های جدید: 14
2026-09-05 12:30:27,828 - INFO - 📤 ارسال 10 کانفیگ به کانال
2026-09-05 12:30:28,411 - INFO - HTTP Request: POST https://api.telegram.org/bot8316746677:AAF1IzRzODBtCvVWrL6dWtw7F8U3qb4DwXM/sendMessage "HTTP/1.1 200 OK"
2026-09-05 12:30:28,412 - INFO - ✅ پیام 1 از 1 ارسال شد
2026-09-05 12:30:29,414 - INFO - ==================================================
2026-09-05 12:30:29,414 - INFO - 🏁 اجرای ربات با موفقیت به پایان رسید
2026-09-05 13:30:26,509 - INFO - ==================================================
2026-09-05 13:30:26,509 - INFO - 🚀 شروع اجرای ربات
2026-09-05 13:30:26,509 - INFO - 📥 بخش ۱: دریافت ۱۰۰ کانفیگ آخر برای فایل JSON...
2026-09-05 13:30:26,509 - INFO - 📡 دریافت کانفیگ‌ها از https://t.me/s/ConfigsHUB برای فایل JSON
2026-09-05 13:30:27,009 - INFO - ✅ 12 کانفیگ از صفحه دریافت شد
2026-09-05 13:30:27,010 - INFO - 📊 از https://t.me/s/ConfigsHUB: 12 کانفیگ دریافت شد
2026-09-05 13:30:27,011 - INFO - 🔄 بعد از حذف تکراری: 12 کانفیگ برای JSON
2026-09-05 13:30:27,011 - WARNING - ⚠️ تعداد کانفیگ‌ها به 100 رسید (با None پر شد)
2026-09-05 13:30:27,011 - INFO - ✅ دقیقاً 100 کانفیگ در configs.json ذخیره شد
2026-09-05 13:30:27,011 - INFO - ✅ فایل configs.json با 12 کانفیگ واقعی به‌روز شد
2026-09-05 13:30:27,011 - INFO - 📝 نمونه کانفیگ اول: vless://0a0ebba6-8c1b-4f06-abc6-874de0828a7e@speed...
2026-09-05 13:30:27,011 - INFO - 📤 بخش ۲: دریافت کانفیگ‌های جدید برای ارسال به کانال...
2026-09-05 13:30:27,012 - INFO - 📡 دریافت پست‌ها از https://t.me/s/ConfigsHUB برای ارسال به کانال
2026-09-05 13:30:27,458 - INFO - ✅ 20 پست دریافت شد
2026-09-05 13:30:27,460 - INFO - 💾 وضعیت به‌روز شد: ConfigsHUB/2058174
2026-09-05 13:30:27,460 - INFO - 📊 از https://t.me/s/ConfigsHUB: 12 کانفیگ جدید پیدا شد
2026-09-05 13:30:27,460 - INFO - 📊 تعداد کل کانفیگ‌های جدید: 12
2026-09-05 13:30:27,460 - INFO - 📤 ارسال 10 کانفیگ به کانال
2026-09-05 13:30:27,989 - INFO - HTTP Request: POST https://api.telegram.org/bot8316746677:AAF1IzRzODBtCvVWrL6dWtw7F8U3qb4DwXM/sendMessage "HTTP/1.1 200 OK"
2026-09-05 13:30:27,990 - INFO - ✅ پیام 1 از 2 ارسال شد
2026-09-05 13:30:29,168 - INFO - HTTP Request: POST https://api.telegram.org/bot8316746677:AAF1IzRzODBtCvVWrL6dWtw7F8U3qb4DwXM/sendMessage "HTTP/1.1 200 OK"
2026-09-05 13:30:29,169 - INFO - ✅ پیام 2 از 2 ارسال شد
2026-09-05 13:30:30,170 - INFO - ==================================================
2026-09-05 13:30:30,171 - INFO - 🏁 اجرای ربات با موفقیت به پایان رسید
2026-09-05 13:46:13,805 - INFO - ==================================================
2026-09-05 13:46:13,805 - INFO - 🚀 شروع اجرای ربات
2026-09-05 13:46:13,805 - INFO - 📥 بخش ۱: دریافت ۱۰۰ کانفیگ آخر برای فایل JSON...
2026-09-05 13:46:13,805 - INFO - 📡 دریافت کانفیگ‌ها از https://t.me/s/ConfigsHUB برای فایل JSON
2026-09-05 13:46:14,292 - INFO - ✅ 12 کانفیگ از صفحه دریافت شد
2026-09-05 13:46:14,293 - INFO - 📊 از https://t.me/s/ConfigsHUB: 12 کانفیگ دریافت شد
2026-09-05 13:46:14,293 - INFO - 🔄 بعد از حذف تکراری: 11 کانفیگ برای JSON
2026-09-05 13:46:14,293 - WARNING - ⚠️ تعداد کانفیگ‌ها به 100 رسید (با None پر شد)
2026-09-05 13:46:14,293 - INFO - ✅ دقیقاً 100 کانفیگ در configs.json ذخیره شد
2026-09-05 13:46:14,293 - INFO - ✅ فایل configs.json با 11 کانفیگ واقعی به‌روز شد
2026-09-05 13:46:14,293 - INFO - 📝 نمونه کانفیگ اول: vless://VIPTelegramVIPConfigs@217.179.5.62:443?sec...
2026-09-05 13:46:14,294 - INFO - 📤 بخش ۲: دریافت کانفیگ‌های جدید برای ارسال به کانال...
2026-09-05 13:46:14,294 - INFO - 📡 دریافت پست‌ها از https://t.me/s/ConfigsHUB برای ارسال به کانال
2026-09-05 13:46:14,703 - INFO - ✅ 20 پست دریافت شد
2026-09-05 13:46:14,704 - INFO - 💾 وضعیت به‌روز شد: ConfigsHUB/2058251
2026-09-05 13:46:14,704 - INFO - 📊 از https://t.me/s/ConfigsHUB: 12 کانفیگ جدید پیدا شد
2026-09-05 13:46:14,704 - INFO - 📊 تعداد کل کانفیگ‌های جدید: 12
2026-09-05 13:46:14,704 - INFO - 📤 ارسال 10 کانفیگ به کانال
2026-09-05 13:46:15,254 - INFO - HTTP Request: POST https://api.telegram.org/bot8316746677:AAF1IzRzODBtCvVWrL6dWtw7F8U3qb4DwXM/sendMessage "HTTP/1.1 200 OK"
2026-09-05 13:46:15,255 - INFO - ✅ پیام 1 از 1 ارسال شد
2026-09-05 13:46:16,257 - INFO - ==================================================
2026-09-05 13:46:16,257 - INFO - 🏁 اجرای ربات با موفقیت به پایان رسید
2026-09-05 14:30:28,710 - INFO - ==================================================
2026-09-05 14:30:28,710 - INFO - 🚀 شروع اجرای ربات
2026-09-05 14:30:28,710 - INFO - 📥 بخش ۱: دریافت ۱۰۰ کانفیگ آخر برای فایل JSON...
2026-09-05 14:30:28,710 - INFO - 📡 دریافت کانفیگ‌ها از https://t.me/s/ConfigsHUB برای فایل JSON
2026-09-05 14:30:29,325 - INFO - ✅ 16 کانفیگ از صفحه دریافت شد
2026-09-05 14:30:29,326 - INFO - 📊 از https://t.me/s/ConfigsHUB: 16 کانفیگ دریافت شد
2026-09-05 14:30:29,326 - INFO - 🔄 بعد از حذف تکراری: 11 کانفیگ برای JSON
2026-09-05 14:30:29,326 - WARNING - ⚠️ تعداد کانفیگ‌ها به 100 رسید (با None پر شد)
2026-09-05 14:30:29,327 - INFO - ✅ دقیقاً 100 کانفیگ در configs.json ذخیره شد
2026-09-05 14:30:29,327 - INFO - ✅ فایل configs.json با 11 کانفیگ واقعی به‌روز شد
2026-09-05 14:30:29,327 - INFO - 📝 نمونه کانفیگ اول: trojan://humanity@104.21.33.59:443?path=%2Fassignm...
2026-09-05 14:30:29,327 - INFO - 📤 بخش ۲: دریافت کانفیگ‌های جدید برای ارسال به کانال...
2026-09-05 14:30:29,327 - INFO - 📡 دریافت پست‌ها از https://t.me/s/ConfigsHUB برای ارسال به کانال
2026-09-05 14:30:29,846 - INFO - ✅ 20 پست دریافت شد
2026-09-05 14:30:29,848 - INFO - 💾 وضعیت به‌روز شد: ConfigsHUB/2058437
2026-09-05 14:30:29,848 - INFO - 📊 از https://t.me/s/ConfigsHUB: 16 کانفیگ جدید پیدا شد
2026-09-05 14:30:29,848 - INFO - 📊 تعداد کل کانفیگ‌های جدید: 16
2026-09-05 14:30:29,848 - INFO - 📤 ارسال 10 کانفیگ به کانال
2026-09-05 14:30:30,485 - INFO - HTTP Request: POST https://api.telegram.org/bot8316746677:AAF1IzRzODBtCvVWrL6dWtw7F8U3qb4DwXM/sendMessage "HTTP/1.1 200 OK"
2026-09-05 14:30:30,487 - INFO - ✅ پیام 1 از 1 ارسال شد
2026-09-05 14:30:31,488 - INFO - ==================================================
2026-09-05 14:30:31,488 - INFO - 🏁 اجرای ربات با موفقیت به پایان رسید
2026-09-05 15:30:29,476 - INFO - ==================================================
2026-09-05 15:30:29,476 - INFO - 🚀 شروع اجرای ربات
2026-09-05 15:30:29,476 - INFO - 📥 بخش ۱: دریافت ۱۰۰ کانفیگ آخر برای فایل JSON...
2026-09-05 15:30:29,476 - INFO - 📡 دریافت کانفیگ‌ها از https://t.me/s/ConfigsHUB برای فایل JSON
2026-09-05 15:30:30,140 - INFO - ✅ 12 کانفیگ از صفحه دریافت شد
2026-09-05 15:30:30,141 - INFO - 📊 از https://t.me/s/ConfigsHUB: 12 کانفیگ دریافت شد
2026-09-05 15:30:30,141 - INFO - 🔄 بعد از حذف تکراری: 11 کانفیگ برای JSON
2026-09-05 15:30:30,142 - WARNING - ⚠️ تعداد کانفیگ‌ها به 100 رسید (با None پر شد)
2026-09-05 15:30:30,142 - INFO - ✅ دقیقاً 100 کانفیگ در configs.json ذخیره شد
2026-09-05 15:30:30,142 - INFO - ✅ فایل configs.json با 11 کانفیگ واقعی به‌روز شد
2026-09-05 15:30:30,142 - INFO - 📝 نمونه کانفیگ اول: vless://5e2be2b4-8af5-4d18-a15c-d4cb4b1d6ae6@104.2...
2026-09-05 15:30:30,142 - INFO - 📤 بخش ۲: دریافت کانفیگ‌های جدید برای ارسال به کانال...
2026-09-05 15:30:30,142 - INFO - 📡 دریافت پست‌ها از https://t.me/s/ConfigsHUB برای ارسال به کانال
2026-09-05 15:30:30,737 - INFO - ✅ 20 پست دریافت شد
2026-09-05 15:30:30,738 - INFO - 💾 وضعیت به‌روز شد: ConfigsHUB/2058650
2026-09-05 15:30:30,738 - INFO - 📊 از https://t.me/s/ConfigsHUB: 12 کانفیگ جدید پیدا شد
2026-09-05 15:30:30,738 - INFO - 📊 تعداد کل کانفیگ‌های جدید: 12
2026-09-05 15:30:30,738 - INFO - 📤 ارسال 10 کانفیگ به کانال
2026-09-05 15:30:31,472 - INFO - HTTP Request: POST https://api.telegram.org/bot8316746677:AAF1IzRzODBtCvVWrL6dWtw7F8U3qb4DwXM/sendMessage "HTTP/1.1 200 OK"
2026-09-05 15:30:31,473 - INFO - ✅ پیام 1 از 1 ارسال شد
2026-09-05 15:30:32,474 - INFO - ==================================================
2026-09-05 15:30:32,474 - INFO - 🏁 اجرای ربات با موفقیت به پایان رسید
2026-09-05 16:30:26,345 - INFO - ==================================================
2026-09-05 16:30:26,345 - INFO - 🚀 شروع اجرای ربات
2026-09-05 16:30:26,345 - INFO - 📥 بخش ۱: دریافت ۱۰۰ کانفیگ آخر برای فایل JSON...
2026-09-05 16:30:26,345 - INFO - 📡 دریافت کانفیگ‌ها از https://t.me/s/ConfigsHUB برای فایل JSON
2026-09-05 16:30:30,569 - INFO - ✅ 14 کانفیگ از صفحه دریافت شد
2026-09-05 16:30:30,571 - INFO - 📊 از https://t.me/s/ConfigsHUB: 14 کانفیگ دریافت شد
2026-09-05 16:30:30,571 - INFO - 🔄 بعد از حذف تکراری: 13 کانفیگ برای JSON
2026-09-05 16:30:30,571 - WARNING - ⚠️ تعداد کانفیگ‌ها به 100 رسید (با None پر شد)
2026-09-05 16:30:30,571 - INFO - ✅ دقیقاً 100 کانفیگ در configs.json ذخیره شد
2026-09-05 16:30:30,571 - INFO - ✅ فایل configs.json با 13 کانفیگ واقعی به‌روز شد
2026-09-05 16:30:30,571 - INFO - 📝 نمونه کانفیگ اول: vless://3bcb31ef-840e-415d-abb3-28628add98d0@109.1...
2026-09-05 16:30:30,571 - INFO - 📤 بخش ۲: دریافت کانفیگ‌های جدید برای ارسال به کانال...
2026-09-05 16:30:30,571 - INFO - 📡 دریافت پست‌ها از https://t.me/s/ConfigsHUB برای ارسال به کانال
2026-09-05 16:30:30,981 - INFO - ✅ 20 پست دریافت شد
2026-09-05 16:30:30,982 - INFO - 💾 وضعیت به‌روز شد: ConfigsHUB/2058854
2026-09-05 16:30:30,982 - INFO - 📊 از https://t.me/s/ConfigsHUB: 14 کانفیگ جدید پیدا شد
2026-09-05 16:30:30,982 - INFO - 📊 تعداد کل کانفیگ‌های جدید: 14
2026-09-05 16:30:30,983 - INFO - 📤 ارسال 10 کانفیگ به کانال
2026-09-05 16:30:31,519 - INFO - HTTP Request: POST https://api.telegram.org/bot8316746677:AAF1IzRzODBtCvVWrL6dWtw7F8U3qb4DwXM/sendMessage "HTTP/1.1 200 OK"
2026-09-05 16:30:31,520 - INFO - ✅ پیام 1 از 1 ارسال شد
2026-09-05 16:30:32,521 - INFO - ==================================================
2026-09-05 16:30:32,521 - INFO - 🏁 اجرای ربات با موفقیت به پایان رسید
2026-09-05 16:39:58,681 - INFO - ==================================================
2026-09-05 16:39:58,681 - INFO - 🚀 شروع اجرای ربات
2026-09-05 16:39:58,681 - INFO - 📥 بخش ۱: دریافت ۱۰۰ کانفیگ آخر برای فایل JSON...
2026-09-05 16:39:58,681 - INFO - 📡 دریافت کانفیگ‌ها از https://t.me/s/ConfigsHUB برای فایل JSON
2026-09-05 16:39:59,183 - INFO - ✅ 9 کانفیگ از صفحه دریافت شد
2026-09-05 16:39:59,184 - INFO - 📊 از https://t.me/s/ConfigsHUB: 9 کانفیگ دریافت شد
2026-09-05 16:39:59,184 - INFO - 🔄 بعد از حذف تکراری: 9 کانفیگ برای JSON
2026-09-05 16:39:59,184 - WARNING - ⚠️ تعداد کانفیگ‌ها به 100 رسید (با None پر شد)
2026-09-05 16:39:59,184 - INFO - ✅ دقیقاً 100 کانفیگ در configs.json ذخیره شد
2026-09-05 16:39:59,185 - INFO - ✅ فایل configs.json با 9 کانفیگ واقعی به‌روز شد
2026-09-05 16:39:59,185 - INFO - 📝 نمونه کانفیگ اول: trojan://MiTiVPN@151.101.56.7:443?path=%2F---%40Mi...
2026-09-05 16:39:59,185 - INFO - 📤 بخش ۲: دریافت کانفیگ‌های جدید برای ارسال به کانال...
2026-09-05 16:39:59,185 - INFO - 📡 دریافت پست‌ها از https://t.me/s/ConfigsHUB برای ارسال به کانال
2026-09-05 16:39:59,592 - INFO - ✅ 20 پست دریافت شد
2026-09-05 16:39:59,593 - INFO - 💾 وضعیت به‌روز شد: ConfigsHUB/2058877
2026-09-05 16:39:59,593 - INFO - 📊 از https://t.me/s/ConfigsHUB: 9 کانفیگ جدید پیدا شد
2026-09-05 16:39:59,593 - INFO - 📊 تعداد کل کانفیگ‌های جدید: 9
2026-09-05 16:39:59,593 - INFO - 📤 ارسال 9 کانفیگ به کانال
2026-09-05 16:40:00,082 - INFO - HTTP Request: POST https://api.telegram.org/bot8316746677:AAF1IzRzODBtCvVWrL6dWtw7F8U3qb4DwXM/sendMessage "HTTP/1.1 200 OK"
2026-09-05 16:40:00,083 - INFO - ✅ پیام 1 از 1 ارسال شد
2026-09-05 16:40:01,085 - INFO - ==================================================
2026-09-05 16:40:01,085 - INFO - 🏁 اجرای ربات با موفقیت به پایان رسید
2026-09-05 17:30:27,356 - INFO - ==================================================
2026-09-05 17:30:27,356 - INFO - 🚀 شروع اجرای ربات
2026-09-05 17:30:27,356 - INFO - 📥 بخش ۱: دریافت ۱۰۰ کانفیگ آخر برای فایل JSON...
2026-09-05 17:30:27,356 - INFO - 📡 دریافت کانفیگ‌ها از https://t.me/s/ConfigsHUB برای فایل JSON
2026-09-05 17:30:27,972 - INFO - ✅ 10 کانفیگ از صفحه دریافت شد
2026-09-05 17:30:27,973 - INFO - 📊 از https://t.me/s/ConfigsHUB: 10 کانفیگ دریافت شد
2026-09-05 17:30:27,973 - INFO - 🔄 بعد از حذف تکراری: 10 کانفیگ برای JSON
2026-09-05 17:30:27,973 - WARNING - ⚠️ تعداد کانفیگ‌ها به 100 رسید (با None پر شد)
2026-09-05 17:30:27,974 - INFO - ✅ دقیقاً 100 کانفیگ در configs.json ذخیره شد
2026-09-05 17:30:27,974 - INFO - ✅ فایل configs.json با 10 کانفیگ واقعی به‌روز شد
2026-09-05 17:30:27,974 - INFO - 📝 نمونه کانفیگ اول: vless://e4514801-0d5a-42ba-869f-39bd605aef9e@16.60...
2026-09-05 17:30:27,974 - INFO - 📤 بخش ۲: دریافت کانفیگ‌های جدید برای ارسال به کانال...
2026-09-05 17:30:27,974 - INFO - 📡 دریافت پست‌ها از https://t.me/s/ConfigsHUB برای ارسال به کانال
2026-09-05 17:30:28,493 - INFO - ✅ 20 پست دریافت شد
2026-09-05 17:30:28,494 - INFO - 💾 وضعیت به‌روز شد: ConfigsHUB/2059087
2026-09-05 17:30:28,494 - INFO - 📊 از https://t.me/s/ConfigsHUB: 10 کانفیگ جدید پیدا شد
2026-09-05 17:30:28,494 - INFO - 📊 تعداد کل کانفیگ‌های جدید: 10
2026-09-05 17:30:28,495 - INFO - 📤 ارسال 9 کانفیگ به کانال
2026-09-05 17:30:29,177 - INFO - HTTP Request: POST https://api.telegram.org/bot8316746677:AAF1IzRzODBtCvVWrL6dWtw7F8U3qb4DwXM/sendMessage "HTTP/1.1 200 OK"
2026-09-05 17:30:29,178 - INFO - ✅ پیام 1 از 1 ارسال شد
2026-09-05 17:30:30,179 - INFO - ==================================================
2026-09-05 17:30:30,179 - INFO - 🏁 اجرای ربات با موفقیت به پایان رسید
2026-09-05 18:30:27,705 - INFO - ==================================================
2026-09-05 18:30:27,705 - INFO - 🚀 شروع اجرای ربات
2026-09-05 18:30:27,705 - INFO - 📥 بخش ۱: دریافت ۱۰۰ کانفیگ آخر برای فایل JSON...
2026-09-05 18:30:27,705 - INFO - 📡 دریافت کانفیگ‌ها از https://t.me/s/ConfigsHUB برای فایل JSON
2026-09-05 18:30:28,362 - INFO - ✅ 6 کانفیگ از صفحه دریافت شد
2026-09-05 18:30:28,363 - INFO - 📊 از https://t.me/s/ConfigsHUB: 6 کانفیگ دریافت شد
2026-09-05 18:30:28,363 - INFO - 🔄 بعد از حذف تکراری: 4 کانفیگ برای JSON
2026-09-05 18:30:28,363 - WARNING - ⚠️ تعداد کانفیگ‌ها به 100 رسید (با None پر شد)
2026-09-05 18:30:28,364 - INFO - ✅ دقیقاً 100 کانفیگ در configs.json ذخیره شد
2026-09-05 18:30:28,364 - INFO - ✅ فایل configs.json با 4 کانفیگ واقعی به‌روز شد
2026-09-05 18:30:28,364 - INFO - 📝 نمونه کانفیگ اول: vless://767b6340-96dc-4aa0-8013-a8af7513d920@104.2...
2026-09-05 18:30:28,364 - INFO - 📤 بخش ۲: دریافت کانفیگ‌های جدید برای ارسال به کانال...
2026-09-05 18:30:28,364 - INFO - 📡 دریافت پست‌ها از https://t.me/s/ConfigsHUB برای ارسال به کانال
2026-09-05 18:30:28,801 - INFO - ✅ 20 پست دریافت شد
2026-09-05 18:30:28,802 - INFO - 💾 وضعیت به‌روز شد: ConfigsHUB/2059309
2026-09-05 18:30:28,802 - INFO - 📊 از https://t.me/s/ConfigsHUB: 7 کانفیگ جدید پیدا شد
2026-09-05 18:30:28,802 - INFO - 📊 تعداد کل کانفیگ‌های جدید: 7
2026-09-05 18:30:28,802 - INFO - 📤 ارسال 5 کانفیگ به کانال
2026-09-05 18:30:29,345 - INFO - HTTP Request: POST https://api.telegram.org/bot8316746677:AAF1IzRzODBtCvVWrL6dWtw7F8U3qb4DwXM/sendMessage "HTTP/1.1 200 OK"
2026-09-05 18:30:29,346 - INFO - ✅ پیام 1 از 1 ارسال شد
2026-09-05 18:30:30,347 - INFO - ==================================================
2026-09-05 18:30:30,347 - INFO - 🏁 اجرای ربات با موفقیت به پایان رسید
2026-09-05 18:53:49,999 - INFO - ==================================================
2026-09-05 18:53:49,999 - INFO - 🚀 شروع اجرای ربات
2026-09-05 18:53:49,999 - INFO - 📥 بخش ۱: دریافت ۱۰۰ کانفیگ آخر برای فایل JSON...
2026-09-05 18:53:49,999 - INFO - 📡 دریافت کانفیگ‌ها از https://t.me/s/ConfigsHUB برای فایل JSON
2026-09-05 18:53:50,514 - INFO - ✅ 1 کانفیگ از صفحه دریافت شد
2026-09-05 18:53:50,515 - INFO - 📊 از https://t.me/s/ConfigsHUB: 1 کانفیگ دریافت شد
2026-09-05 18:53:50,516 - INFO - 🔄 بعد از حذف تکراری: 1 کانفیگ برای JSON
2026-09-05 18:53:50,516 - WARNING - ⚠️ تعداد کانفیگ‌ها به 100 رسید (با None پر شد)
2026-09-05 18:53:50,516 - INFO - ✅ دقیقاً 100 کانفیگ در configs.json ذخیره شد
2026-09-05 18:53:50,516 - INFO - ✅ فایل configs.json با 1 کانفیگ واقعی به‌روز شد
2026-09-05 18:53:50,516 - INFO - 📝 نمونه کانفیگ اول: vless://4a269a45-a9e3-4272-b04a-1d42d581150f@45.95...
2026-09-05 18:53:50,516 - INFO - 📤 بخش ۲: دریافت کانفیگ‌های جدید برای ارسال به کانال...
2026-09-05 18:53:50,517 - INFO - 📡 دریافت پست‌ها از https://t.me/s/ConfigsHUB برای ارسال به کانال
2026-09-05 18:53:50,908 - INFO - ✅ 20 پست دریافت شد
2026-09-05 18:53:50,909 - INFO - 💾 وضعیت به‌روز شد: ConfigsHUB/2059412
2026-09-05 18:53:50,909 - INFO - 📊 از https://t.me/s/ConfigsHUB: 1 کانفیگ جدید پیدا شد
2026-09-05 18:53:50,909 - INFO - 📊 تعداد کل کانفیگ‌های جدید: 1
2026-09-05 18:53:50,909 - INFO - 📤 ارسال 1 کانفیگ به کانال
2026-09-05 18:53:51,381 - INFO - HTTP Request: POST https://api.telegram.org/bot8316746677:AAF1IzRzODBtCvVWrL6dWtw7F8U3qb4DwXM/sendMessage "HTTP/1.1 200 OK"
2026-09-05 18:53:51,382 - INFO - ✅ پیام 1 از 1 ارسال شد
2026-09-05 18:53:52,384 - INFO - ==================================================
2026-09-05 18:53:52,384 - INFO - 🏁 اجرای ربات با موفقیت به پایان رسید
2026-09-05 19:30:26,426 - INFO - ==================================================
2026-09-05 19:30:26,427 - INFO - 🚀 شروع اجرای ربات
2026-09-05 19:30:26,427 - INFO - 📥 بخش ۱: دریافت ۱۰۰ کانفیگ آخر برای فایل JSON...
2026-09-05 19:30:26,427 - INFO - 📡 دریافت کانفیگ‌ها از https://t.me/s/ConfigsHUB برای فایل JSON
2026-09-05 19:30:27,100 - INFO - ✅ 11 کانفیگ از صفحه دریافت شد
2026-09-05 19:30:27,101 - INFO - 📊 از https://t.me/s/ConfigsHUB: 11 کانفیگ دریافت شد
2026-09-05 19:30:27,101 - INFO - 🔄 بعد از حذف تکراری: 9 کانفیگ برای JSON
2026-09-05 19:30:27,101 - WARNING - ⚠️ تعداد کانفیگ‌ها به 100 رسید (با None پر شد)
2026-09-05 19:30:27,102 - INFO - ✅ دقیقاً 100 کانفیگ در configs.json ذخیره شد
2026-09-05 19:30:27,102 - INFO - ✅ فایل configs.json با 9 کانفیگ واقعی به‌روز شد
2026-09-05 19:30:27,102 - INFO - 📝 نمونه کانفیگ اول: trojan://BbNnpOgc1j9WOaWoslbSyeob1r47IRHV@xn--meme...
2026-09-05 19:30:27,102 - INFO - 📤 بخش ۲: دریافت کانفیگ‌های جدید برای ارسال به کانال...
2026-09-05 19:30:27,102 - INFO - 📡 دریافت پست‌ها از https://t.me/s/ConfigsHUB برای ارسال به کانال
2026-09-05 19:30:27,690 - INFO - ✅ 20 پست دریافت شد
2026-09-05 19:30:27,691 - INFO - 💾 وضعیت به‌روز شد: ConfigsHUB/2059554
2026-09-05 19:30:27,691 - INFO - 📊 از https://t.me/s/ConfigsHUB: 11 کانفیگ جدید پیدا شد
2026-09-05 19:30:27,691 - INFO - 📊 تعداد کل کانفیگ‌های جدید: 11
2026-09-05 19:30:27,692 - INFO - 📤 ارسال 9 کانفیگ به کانال
2026-09-05 19:30:28,370 - INFO - HTTP Request: POST https://api.telegram.org/bot8316746677:AAF1IzRzODBtCvVWrL6dWtw7F8U3qb4DwXM/sendMessage "HTTP/1.1 200 OK"
2026-09-05 19:30:28,371 - INFO - ✅ پیام 1 از 1 ارسال شد
2026-09-05 19:30:29,372 - INFO - ==================================================
2026-09-05 19:30:29,372 - INFO - 🏁 اجرای ربات با موفقیت به پایان رسید
2026-09-05 20:30:24,443 - INFO - ==================================================
2026-09-05 20:30:24,443 - INFO - 🚀 شروع اجرای ربات
2026-09-05 20:30:24,443 - INFO - 📥 بخش ۱: دریافت ۱۰۰ کانفیگ آخر برای فایل JSON...
2026-09-05 20:30:24,443 - INFO - 📡 دریافت کانفیگ‌ها از https://t.me/s/ConfigsHUB برای فایل JSON
2026-09-05 20:30:24,955 - INFO - ✅ 14 کانفیگ از صفحه دریافت شد
2026-09-05 20:30:24,956 - INFO - 📊 از https://t.me/s/ConfigsHUB: 14 کانفیگ دریافت شد
2026-09-05 20:30:24,956 - INFO - 🔄 بعد از حذف تکراری: 13 کانفیگ برای JSON
2026-09-05 20:30:24,956 - WARNING - ⚠️ تعداد کانفیگ‌ها به 100 رسید (با None پر شد)
2026-09-05 20:30:24,957 - INFO - ✅ دقیقاً 100 کانفیگ در configs.json ذخیره شد
2026-09-05 20:30:24,957 - INFO - ✅ فایل configs.json با 13 کانفیگ واقعی به‌روز شد
2026-09-05 20:30:24,957 - INFO - 📝 نمونه کانفیگ اول: vless://59acb90b-fb9d-433b-a2f0-c039cf23dfc7@136.2...
2026-09-05 20:30:24,957 - INFO - 📤 بخش ۲: دریافت کانفیگ‌های جدید برای ارسال به کانال...
2026-09-05 20:30:24,957 - INFO - 📡 دریافت پست‌ها از https://t.me/s/ConfigsHUB برای ارسال به کانال
2026-09-05 20:30:25,360 - INFO - ✅ 20 پست دریافت شد
2026-09-05 20:30:25,362 - INFO - 💾 وضعیت به‌روز شد: ConfigsHUB/2059728
2026-09-05 20:30:25,362 - INFO - 📊 از https://t.me/s/ConfigsHUB: 10 کانفیگ جدید پیدا شد
2026-09-05 20:30:25,362 - INFO - 📊 تعداد کل کانفیگ‌های جدید: 10
2026-09-05 20:30:25,362 - INFO - 📤 ارسال 10 کانفیگ به کانال
2026-09-05 20:30:25,867 - INFO - HTTP Request: POST https://api.telegram.org/bot8316746677:AAF1IzRzODBtCvVWrL6dWtw7F8U3qb4DwXM/sendMessage "HTTP/1.1 200 OK"
2026-09-05 20:30:25,868 - INFO - ✅ پیام 1 از 1 ارسال شد
2026-09-05 20:30:26,870 - INFO - ==================================================
2026-09-05 20:30:26,870 - INFO - 🏁 اجرای ربات با موفقیت به پایان رسید
2026-09-05 21:01:33,366 - INFO - ==================================================
2026-09-05 21:01:33,366 - INFO - 🚀 شروع اجرای ربات
2026-09-05 21:01:33,367 - INFO - 📥 بخش ۱: دریافت ۱۰۰ کانفیگ آخر برای فایل JSON...
2026-09-05 21:01:33,367 - INFO - 📡 دریافت کانفیگ‌ها از https://t.me/s/ConfigsHUB برای فایل JSON
2026-09-05 21:01:33,899 - INFO - ✅ 17 کانفیگ از صفحه دریافت شد
2026-09-05 21:01:33,900 - INFO - 📊 از https://t.me/s/ConfigsHUB: 17 کانفیگ دریافت شد
2026-09-05 21:01:33,900 - INFO - 🔄 بعد از حذف تکراری: 16 کانفیگ برای JSON
2026-09-05 21:01:33,900 - WARNING - ⚠️ تعداد کانفیگ‌ها به 100 رسید (با None پر شد)
2026-09-05 21:01:33,901 - INFO - ✅ دقیقاً 100 کانفیگ در configs.json ذخیره شد
2026-09-05 21:01:33,901 - INFO - ✅ فایل configs.json با 16 کانفیگ واقعی به‌روز شد
2026-09-05 21:01:33,901 - INFO - 📝 نمونه کانفیگ اول: trojan://MiTiVPN@151.101.56.7:443?path=%2F---%40Me...
2026-09-05 21:01:33,901 - INFO - 📤 بخش ۲: دریافت کانفیگ‌های جدید برای ارسال به کانال...
2026-09-05 21:01:33,901 - INFO - 📡 دریافت پست‌ها از https://t.me/s/ConfigsHUB برای ارسال به کانال
2026-09-05 21:01:34,340 - INFO - ✅ 20 پست دریافت شد
2026-09-05 21:01:34,341 - INFO - 💾 وضعیت به‌روز شد: ConfigsHUB/2059843
2026-09-05 21:01:34,341 - INFO - 📊 از https://t.me/s/ConfigsHUB: 17 کانفیگ جدید پیدا شد
2026-09-05 21:01:34,341 - INFO - 📊 تعداد کل کانفیگ‌های جدید: 17
2026-09-05 21:01:34,341 - INFO - 📤 ارسال 10 کانفیگ به کانال
2026-09-05 21:01:34,889 - INFO - HTTP Request: POST https://api.telegram.org/bot8316746677:AAF1IzRzODBtCvVWrL6dWtw7F8U3qb4DwXM/sendMessage "HTTP/1.1 200 OK"
2026-09-05 21:01:34,889 - INFO - ✅ پیام 1 از 1 ارسال شد
2026-09-05 21:01:35,891 - INFO - ==================================================
2026-09-05 21:01:35,891 - INFO - 🏁 اجرای ربات با موفقیت به پایان رسید
2026-09-05 21:31:02,041 - INFO - ==================================================
2026-09-05 21:31:02,041 - INFO - 🚀 شروع اجرای ربات
2026-09-05 21:31:02,041 - INFO - 📥 بخش ۱: دریافت ۱۰۰ کانفیگ آخر برای فایل JSON...
2026-09-05 21:31:02,041 - INFO - 📡 دریافت کانفیگ‌ها از https://t.me/s/ConfigsHUB برای فایل JSON
2026-09-05 21:31:02,506 - INFO - ✅ 20 کانفیگ از صفحه دریافت شد
2026-09-05 21:31:02,507 - INFO - 📊 از https://t.me/s/ConfigsHUB: 20 کانفیگ دریافت شد
2026-09-05 21:31:02,507 - INFO - 🔄 بعد از حذف تکراری: 20 کانفیگ برای JSON
2026-09-05 21:31:02,507 - WARNING - ⚠️ تعداد کانفیگ‌ها به 100 رسید (با None پر شد)
2026-09-05 21:31:02,508 - INFO - ✅ دقیقاً 100 کانفیگ در configs.json ذخیره شد
2026-09-05 21:31:02,508 - INFO - ✅ فایل configs.json با 20 کانفیگ واقعی به‌روز شد
2026-09-05 21:31:02,508 - INFO - 📝 نمونه کانفیگ اول: vless://a9ad5751-32e3-4fdc-b250-36b594bed2be@194.1...
2026-09-05 21:31:02,508 - INFO - 📤 بخش ۲: دریافت کانفیگ‌های جدید برای ارسال به کانال...
2026-09-05 21:31:02,508 - INFO - 📡 دریافت پست‌ها از https://t.me/s/ConfigsHUB برای ارسال به کانال
2026-09-05 21:31:02,923 - INFO - ✅ 20 پست دریافت شد
2026-09-05 21:31:02,924 - INFO - 💾 وضعیت به‌روز شد: ConfigsHUB/2059939
2026-09-05 21:31:02,924 - INFO - 📊 از https://t.me/s/ConfigsHUB: 20 کانفیگ جدید پیدا شد
2026-09-05 21:31:02,924 - INFO - 📊 تعداد کل کانفیگ‌های جدید: 20
2026-09-05 21:31:02,924 - INFO - 📤 ارسال 10 کانفیگ به کانال
2026-09-05 21:31:03,459 - INFO - HTTP Request: POST https://api.telegram.org/bot8316746677:AAF1IzRzODBtCvVWrL6dWtw7F8U3qb4DwXM/sendMessage "HTTP/1.1 200 OK"
2026-09-05 21:31:03,460 - INFO - ✅ پیام 1 از 1 ارسال شد
2026-09-05 21:31:04,461 - INFO - ==================================================
2026-09-05 21:31:04,462 - INFO - 🏁 اجرای ربات با موفقیت به پایان رسید
2026-09-05 22:30:25,743 - INFO - ==================================================
2026-09-05 22:30:25,743 - INFO - 🚀 شروع اجرای ربات
2026-09-05 22:30:25,743 - INFO - 📥 بخش ۱: دریافت ۱۰۰ کانفیگ آخر برای فایل JSON...
2026-09-05 22:30:25,743 - INFO - 📡 دریافت کانفیگ‌ها از https://t.me/s/ConfigsHUB برای فایل JSON
2026-09-05 22:30:26,176 - INFO - ✅ 12 کانفیگ از صفحه دریافت شد
2026-09-05 22:30:26,178 - INFO - 📊 از https://t.me/s/ConfigsHUB: 12 کانفیگ دریافت شد
2026-09-05 22:30:26,178 - INFO - 🔄 بعد از حذف تکراری: 11 کانفیگ برای JSON
2026-09-05 22:30:26,178 - WARNING - ⚠️ تعداد کانفیگ‌ها به 100 رسید (با None پر شد)
2026-09-05 22:30:26,178 - INFO - ✅ دقیقاً 100 کانفیگ در configs.json ذخیره شد
2026-09-05 22:30:26,178 - INFO - ✅ فایل configs.json با 11 کانفیگ واقعی به‌روز شد
2026-09-05 22:30:26,178 - INFO - 📝 نمونه کانفیگ اول: vless://2f35965a-9a9b-45fd-ba32-987296dfb6be@45.9....
2026-09-05 22:30:26,178 - INFO - 📤 بخش ۲: دریافت کانفیگ‌های جدید برای ارسال به کانال...
2026-09-05 22:30:26,178 - INFO - 📡 دریافت پست‌ها از https://t.me/s/ConfigsHUB برای ارسال به کانال
2026-09-05 22:30:26,569 - INFO - ✅ 20 پست دریافت شد
2026-09-05 22:30:26,571 - INFO - 💾 وضعیت به‌روز شد: ConfigsHUB/2060130
2026-09-05 22:30:26,571 - INFO - 📊 از https://t.me/s/ConfigsHUB: 12 کانفیگ جدید پیدا شد
2026-09-05 22:30:26,571 - INFO - 📊 تعداد کل کانفیگ‌های جدید: 12
2026-09-05 22:30:26,571 - INFO - 📤 ارسال 10 کانفیگ به کانال
2026-09-05 22:30:27,137 - INFO - HTTP Request: POST https://api.telegram.org/bot8316746677:AAF1IzRzODBtCvVWrL6dWtw7F8U3qb4DwXM/sendMessage "HTTP/1.1 200 OK"
2026-09-05 22:30:27,138 - INFO - ✅ پیام 1 از 1 ارسال شد
2026-09-05 22:30:28,139 - INFO - ==================================================
2026-09-05 22:30:28,139 - INFO - 🏁 اجرای ربات با موفقیت به پایان رسید
2026-09-05 23:30:24,343 - INFO - ==================================================
2026-09-05 23:30:24,343 - INFO - 🚀 شروع اجرای ربات
2026-09-05 23:30:24,343 - INFO - 📥 بخش ۱: دریافت ۱۰۰ کانفیگ آخر برای فایل JSON...
2026-09-05 23:30:24,343 - INFO - 📡 دریافت کانفیگ‌ها از https://t.me/s/ConfigsHUB برای فایل JSON
2026-09-05 23:30:24,765 - INFO - ✅ 11 کانفیگ از صفحه دریافت شد
2026-09-05 23:30:24,766 - INFO - 📊 از https://t.me/s/ConfigsHUB: 11 کانفیگ دریافت شد
2026-09-05 23:30:24,766 - INFO - 🔄 بعد از حذف تکراری: 9 کانفیگ برای JSON
2026-09-05 23:30:24,766 - WARNING - ⚠️ تعداد کانفیگ‌ها به 100 رسید (با None پر شد)
2026-09-05 23:30:24,766 - INFO - ✅ دقیقاً 100 کانفیگ در configs.json ذخیره شد
2026-09-05 23:30:24,766 - INFO - ✅ فایل configs.json با 9 کانفیگ واقعی به‌روز شد
2026-09-05 23:30:24,766 - INFO - 📝 نمونه کانفیگ اول: trojan://telegram-id-privatevpns@13.38.207.212:222...
2026-09-05 23:30:24,766 - INFO - 📤 بخش ۲: دریافت کانفیگ‌های جدید برای ارسال به کانال...
2026-09-05 23:30:24,767 - INFO - 📡 دریافت پست‌ها از https://t.me/s/ConfigsHUB برای ارسال به کانال
2026-09-05 23:30:25,182 - INFO - ✅ 20 پست دریافت شد
2026-09-05 23:30:25,183 - INFO - 💾 وضعیت به‌روز شد: ConfigsHUB/2060238
2026-09-05 23:30:25,183 - INFO - 📊 از https://t.me/s/ConfigsHUB: 11 کانفیگ جدید پیدا شد
2026-09-05 23:30:25,183 - INFO - 📊 تعداد کل کانفیگ‌های جدید: 11
2026-09-05 23:30:25,183 - INFO - 📤 ارسال 9 کانفیگ به کانال
2026-09-05 23:30:25,666 - INFO - HTTP Request: POST https://api.telegram.org/bot8316746677:AAF1IzRzODBtCvVWrL6dWtw7F8U3qb4DwXM/sendMessage "HTTP/1.1 200 OK"
2026-09-05 23:30:25,667 - INFO - ✅ پیام 1 از 1 ارسال شد
2026-09-05 23:30:26,669 - INFO - ==================================================
2026-09-05 23:30:26,669 - INFO - 🏁 اجرای ربات با موفقیت به پایان رسید
2026-09-05 23:39:42,650 - INFO - ==================================================
2026-09-05 23:39:42,650 - INFO - 🚀 شروع اجرای ربات
2026-09-05 23:39:42,650 - INFO - 📥 بخش ۱: دریافت ۱۰۰ کانفیگ آخر برای فایل JSON...
2026-09-05 23:39:42,650 - INFO - 📡 دریافت کانفیگ‌ها از https://t.me/s/ConfigsHUB برای فایل JSON
2026-09-05 23:39:43,107 - INFO - ✅ 12 کانفیگ از صفحه دریافت شد
2026-09-05 23:39:43,108 - INFO - 📊 از https://t.me/s/ConfigsHUB: 12 کانفیگ دریافت شد
2026-09-05 23:39:43,108 - INFO - 🔄 بعد از حذف تکراری: 11 کانفیگ برای JSON
2026-09-05 23:39:43,108 - WARNING - ⚠️ تعداد کانفیگ‌ها به 100 رسید (با None پر شد)
2026-09-05 23:39:43,108 - INFO - ✅ دقیقاً 100 کانفیگ در configs.json ذخیره شد
2026-09-05 23:39:43,108 - INFO - ✅ فایل configs.json با 11 کانفیگ واقعی به‌روز شد
2026-09-05 23:39:43,109 - INFO - 📝 نمونه کانفیگ اول: vless://711e1b5a-1b7d-54ee-95c7-6eefd40c6599@5.160...
2026-09-05 23:39:43,109 - INFO - 📤 بخش ۲: دریافت کانفیگ‌های جدید برای ارسال به کانال...
2026-09-05 23:39:43,109 - INFO - 📡 دریافت پست‌ها از https://t.me/s/ConfigsHUB برای ارسال به کانال
2026-09-05 23:39:43,502 - INFO - ✅ 20 پست دریافت شد
2026-09-05 23:39:43,503 - INFO - 💾 وضعیت به‌روز شد: ConfigsHUB/2060247
2026-09-05 23:39:43,503 - INFO - 📊 از https://t.me/s/ConfigsHUB: 12 کانفیگ جدید پیدا شد
2026-09-05 23:39:43,503 - INFO - 📊 تعداد کل کانفیگ‌های جدید: 12
2026-09-05 23:39:43,504 - INFO - 📤 ارسال 10 کانفیگ به کانال
2026-09-05 23:39:43,963 - INFO - HTTP Request: POST https://api.telegram.org/bot8316746677:AAF1IzRzODBtCvVWrL6dWtw7F8U3qb4DwXM/sendMessage "HTTP/1.1 200 OK"
2026-09-05 23:39:43,964 - INFO - ✅ پیام 1 از 1 ارسال شد
2026-09-05 23:39:44,966 - INFO - ==================================================
2026-09-05 23:39:44,966 - INFO - 🏁 اجرای ربات با موفقیت به پایان رسید
2026-09-06 00:30:27,114 - INFO - ==================================================
2026-09-06 00:30:27,114 - INFO - 🚀 شروع اجرای ربات
2026-09-06 00:30:27,114 - INFO - 📥 بخش ۱: دریافت ۱۰۰ کانفیگ آخر برای فایل JSON...
2026-09-06 00:30:27,114 - INFO - 📡 دریافت کانفیگ‌ها از https://t.me/s/ConfigsHUB برای فایل JSON
2026-09-06 00:30:27,777 - INFO - ✅ 11 کانفیگ از صفحه دریافت شد
2026-09-06 00:30:27,778 - INFO - 📊 از https://t.me/s/ConfigsHUB: 11 کانفیگ دریافت شد
2026-09-06 00:30:27,778 - INFO - 🔄 بعد از حذف تکراری: 11 کانفیگ برای JSON
2026-09-06 00:30:27,778 - WARNING - ⚠️ تعداد کانفیگ‌ها به 100 رسید (با None پر شد)
2026-09-06 00:30:27,779 - INFO - ✅ دقیقاً 100 کانفیگ در configs.json ذخیره شد
2026-09-06 00:30:27,779 - INFO - ✅ فایل configs.json با 11 کانفیگ واقعی به‌روز شد
2026-09-06 00:30:27,779 - INFO - 📝 نمونه کانفیگ اول: trojan://a4aac0ee79b742fb966568187bd70f68@log-svc-...
2026-09-06 00:30:27,779 - INFO - 📤 بخش ۲: دریافت کانفیگ‌های جدید برای ارسال به کانال...
2026-09-06 00:30:27,779 - INFO - 📡 دریافت پست‌ها از https://t.me/s/ConfigsHUB برای ارسال به کانال
2026-09-06 00:30:28,336 - INFO - ✅ 20 پست دریافت شد
2026-09-06 00:30:28,338 - INFO - 💾 وضعیت به‌روز شد: ConfigsHUB/2060333
2026-09-06 00:30:28,338 - INFO - 📊 از https://t.me/s/ConfigsHUB: 11 کانفیگ جدید پیدا شد
2026-09-06 00:30:28,338 - INFO - 📊 تعداد کل کانفیگ‌های جدید: 11
2026-09-06 00:30:28,338 - INFO - 📤 ارسال 10 کانفیگ به کانال
2026-09-06 00:30:29,097 - INFO - HTTP Request: POST https://api.telegram.org/bot8316746677:AAF1IzRzODBtCvVWrL6dWtw7F8U3qb4DwXM/sendMessage "HTTP/1.1 200 OK"
2026-09-06 00:30:29,098 - INFO - ✅ پیام 1 از 1 ارسال شد
2026-09-06 00:30:30,100 - INFO - ==================================================
2026-09-06 00:30:30,100 - INFO - 🏁 اجرای ربات با موفقیت به پایان رسید
2026-09-06 01:30:27,895 - INFO - ==================================================
2026-09-06 01:30:27,895 - INFO - 🚀 شروع اجرای ربات
2026-09-06 01:30:27,895 - INFO - 📥 بخش ۱: دریافت ۱۰۰ کانفیگ آخر برای فایل JSON...
2026-09-06 01:30:27,895 - INFO - 📡 دریافت کانفیگ‌ها از https://t.me/s/ConfigsHUB برای فایل JSON
2026-09-06 01:30:28,351 - INFO - ✅ 7 کانفیگ از صفحه دریافت شد
2026-09-06 01:30:28,352 - INFO - 📊 از https://t.me/s/ConfigsHUB: 7 کانفیگ دریافت شد
2026-09-06 01:30:28,352 - INFO - 🔄 بعد از حذف تکراری: 7 کانفیگ برای JSON
2026-09-06 01:30:28,352 - WARNING - ⚠️ تعداد کانفیگ‌ها به 100 رسید (با None پر شد)
2026-09-06 01:30:28,353 - INFO - ✅ دقیقاً 100 کانفیگ در configs.json ذخیره شد
2026-09-06 01:30:28,353 - INFO - ✅ فایل configs.json با 7 کانفیگ واقعی به‌روز شد
2026-09-06 01:30:28,353 - INFO - 📝 نمونه کانفیگ اول: vless://435bda4c-fe5e-42c9-a3ad-15334943b38a@104.2...
2026-09-06 01:30:28,353 - INFO - 📤 بخش ۲: دریافت کانفیگ‌های جدید برای ارسال به کانال...
2026-09-06 01:30:28,353 - INFO - 📡 دریافت پست‌ها از https://t.me/s/ConfigsHUB برای ارسال به کانال
2026-09-06 01:30:28,747 - INFO - ✅ 20 پست دریافت شد
2026-09-06 01:30:28,748 - INFO - 💾 وضعیت به‌روز شد: ConfigsHUB/2060434
2026-09-06 01:30:28,748 - INFO - 📊 از https://t.me/s/ConfigsHUB: 7 کانفیگ جدید پیدا شد
2026-09-06 01:30:28,748 - INFO - 📊 تعداد کل کانفیگ‌های جدید: 7
2026-09-06 01:30:28,748 - INFO - 📤 ارسال 7 کانفیگ به کانال
2026-09-06 01:30:29,280 - INFO - HTTP Request: POST https://api.telegram.org/bot8316746677:AAF1IzRzODBtCvVWrL6dWtw7F8U3qb4DwXM/sendMessage "HTTP/1.1 200 OK"
2026-09-06 01:30:29,281 - INFO - ✅ پیام 1 از 1 ارسال شد
2026-09-06 01:30:30,283 - INFO - ==================================================
2026-09-06 01:30:30,283 - INFO - 🏁 اجرای ربات با موفقیت به پایان رسید
2026-09-06 02:30:28,388 - INFO - ==================================================
2026-09-06 02:30:28,388 - INFO - 🚀 شروع اجرای ربات
2026-09-06 02:30:28,388 - INFO - 📥 بخش ۱: دریافت ۱۰۰ کانفیگ آخر برای فایل JSON...
2026-09-06 02:30:28,388 - INFO - 📡 دریافت کانفیگ‌ها از https://t.me/s/ConfigsHUB برای فایل JSON
2026-09-06 02:30:29,041 - INFO - ✅ 8 کانفیگ از صفحه دریافت شد
2026-09-06 02:30:29,042 - INFO - 📊 از https://t.me/s/ConfigsHUB: 8 کانفیگ دریافت شد
2026-09-06 02:30:29,042 - INFO - 🔄 بعد از حذف تکراری: 8 کانفیگ برای JSON
2026-09-06 02:30:29,042 - WARNING - ⚠️ تعداد کانفیگ‌ها به 100 رسید (با None پر شد)
2026-09-06 02:30:29,042 - INFO - ✅ دقیقاً 100 کانفیگ در configs.json ذخیره شد
2026-09-06 02:30:29,042 - INFO - ✅ فایل configs.json با 8 کانفیگ واقعی به‌روز شد
2026-09-06 02:30:29,042 - INFO - 📝 نمونه کانفیگ اول: vless://35235522-7ab3-4491-ab1f-839a34acaf38@66.33...
2026-09-06 02:30:29,042 - INFO - 📤 بخش ۲: دریافت کانفیگ‌های جدید برای ارسال به کانال...
2026-09-06 02:30:29,042 - INFO - 📡 دریافت پست‌ها از https://t.me/s/ConfigsHUB برای ارسال به کانال
2026-09-06 02:30:29,606 - INFO - ✅ 20 پست دریافت شد
2026-09-06 02:30:29,607 - INFO - 💾 وضعیت به‌روز شد: ConfigsHUB/2060516
2026-09-06 02:30:29,607 - INFO - 📊 از https://t.me/s/ConfigsHUB: 8 کانفیگ جدید پیدا شد
2026-09-06 02:30:29,607 - INFO - 📊 تعداد کل کانفیگ‌های جدید: 8
2026-09-06 02:30:29,607 - INFO - 📤 ارسال 8 کانفیگ به کانال
2026-09-06 02:30:30,230 - INFO - HTTP Request: POST https://api.telegram.org/bot8316746677:AAF1IzRzODBtCvVWrL6dWtw7F8U3qb4DwXM/sendMessage "HTTP/1.1 200 OK"
2026-09-06 02:30:30,231 - INFO - ✅ پیام 1 از 1 ارسال شد
2026-09-06 02:30:31,233 - INFO - ==================================================
2026-09-06 02:30:31,233 - INFO - 🏁 اجرای ربات با موفقیت به پایان رسید
2026-09-06 03:30:24,195 - INFO - ==================================================
2026-09-06 03:30:24,195 - INFO - 🚀 شروع اجرای ربات
2026-09-06 03:30:24,195 - INFO - 📥 بخش ۱: دریافت ۱۰۰ کانفیگ آخر برای فایل JSON...
2026-09-06 03:30:24,195 - INFO - 📡 دریافت کانفیگ‌ها از https://t.me/s/ConfigsHUB برای فایل JSON
2026-09-06 03:30:24,597 - INFO - ✅ 5 کانفیگ از صفحه دریافت شد
2026-09-06 03:30:24,598 - INFO - 📊 از https://t.me/s/ConfigsHUB: 5 کانفیگ دریافت شد
2026-09-06 03:30:24,598 - INFO - 🔄 بعد از حذف تکراری: 5 کانفیگ برای JSON
2026-09-06 03:30:24,598 - WARNING - ⚠️ تعداد کانفیگ‌ها به 100 رسید (با None پر شد)
2026-09-06 03:30:24,598 - INFO - ✅ دقیقاً 100 کانفیگ در configs.json ذخیره شد
2026-09-06 03:30:24,598 - INFO - ✅ فایل configs.json با 5 کانفیگ واقعی به‌روز شد
2026-09-06 03:30:24,598 - INFO - 📝 نمونه کانفیگ اول: vless://435bda4c-fe5e-42c9-a3ad-15334943b38a@104.1...
2026-09-06 03:30:24,598 - INFO - 📤 بخش ۲: دریافت کانفیگ‌های جدید برای ارسال به کانال...
2026-09-06 03:30:24,599 - INFO - 📡 دریافت پست‌ها از https://t.me/s/ConfigsHUB برای ارسال به کانال
2026-09-06 03:30:24,960 - INFO - ✅ 20 پست دریافت شد
2026-09-06 03:30:24,961 - INFO - 💾 وضعیت به‌روز شد: ConfigsHUB/2060622
2026-09-06 03:30:24,961 - INFO - 📊 از https://t.me/s/ConfigsHUB: 5 کانفیگ جدید پیدا شد
2026-09-06 03:30:24,961 - INFO - 📊 تعداد کل کانفیگ‌های جدید: 5
2026-09-06 03:30:24,961 - INFO - 📤 ارسال 5 کانفیگ به کانال
2026-09-06 03:30:25,390 - INFO - HTTP Request: POST https://api.telegram.org/bot8316746677:AAF1IzRzODBtCvVWrL6dWtw7F8U3qb4DwXM/sendMessage "HTTP/1.1 200 OK"
2026-09-06 03:30:25,391 - INFO - ✅ پیام 1 از 1 ارسال شد
2026-09-06 03:30:26,393 - INFO - ==================================================
2026-09-06 03:30:26,393 - INFO - 🏁 اجرای ربات با موفقیت به پایان رسید
2026-09-06 03:51:12,927 - INFO - ==================================================
2026-09-06 03:51:12,927 - INFO - 🚀 شروع اجرای ربات
2026-09-06 03:51:12,927 - INFO - 📥 بخش ۱: دریافت ۱۰۰ کانفیگ آخر برای فایل JSON...
2026-09-06 03:51:12,927 - INFO - 📡 دریافت کانفیگ‌ها از https://t.me/s/ConfigsHUB برای فایل JSON
2026-09-06 03:51:13,371 - INFO - ✅ 0 کانفیگ از صفحه دریافت شد
2026-09-06 03:51:13,372 - INFO - 📊 از https://t.me/s/ConfigsHUB: 0 کانفیگ دریافت شد
2026-09-06 03:51:13,372 - INFO - 🔄 بعد از حذف تکراری: 0 کانفیگ برای JSON
2026-09-06 03:51:13,372 - WARNING - ⚠️ تعداد کانفیگ‌ها به 100 رسید (با None پر شد)
2026-09-06 03:51:13,373 - INFO - ✅ دقیقاً 100 کانفیگ در configs.json ذخیره شد
2026-09-06 03:51:13,373 - INFO - ✅ فایل configs.json با 0 کانفیگ واقعی به‌روز شد
2026-09-06 03:51:13,373 - INFO - 📤 بخش ۲: دریافت کانفیگ‌های جدید برای ارسال به کانال...
2026-09-06 03:51:13,373 - INFO - 📡 دریافت پست‌ها از https://t.me/s/ConfigsHUB برای ارسال به کانال
2026-09-06 03:51:13,772 - INFO - ✅ 20 پست دریافت شد
2026-09-06 03:51:13,773 - INFO - 💾 وضعیت به‌روز شد: ConfigsHUB/2060651
2026-09-06 03:51:13,773 - INFO - 📊 از https://t.me/s/ConfigsHUB: 0 کانفیگ جدید پیدا شد
2026-09-06 03:51:13,773 - INFO - 📊 تعداد کل کانفیگ‌های جدید: 0
2026-09-06 03:51:13,773 - INFO - ℹ️ کانفیگ جدیدی برای ارسال وجود ندارد
2026-09-06 03:51:13,773 - INFO - ==================================================
2026-09-06 03:51:13,773 - INFO - 🏁 اجرای ربات با موفقیت به پایان رسید
2026-09-06 04:30:25,420 - INFO - ==================================================
2026-09-06 04:30:25,420 - INFO - 🚀 شروع اجرای ربات
2026-09-06 04:30:25,420 - INFO - 📥 بخش ۱: دریافت ۱۰۰ کانفیگ آخر برای فایل JSON...
2026-09-06 04:30:25,420 - INFO - 📡 دریافت کانفیگ‌ها از https://t.me/s/ConfigsHUB برای فایل JSON
2026-09-06 04:30:25,932 - INFO - ✅ 8 کانفیگ از صفحه دریافت شد
2026-09-06 04:30:25,933 - INFO - 📊 از https://t.me/s/ConfigsHUB: 8 کانفیگ دریافت شد
2026-09-06 04:30:25,933 - INFO - 🔄 بعد از حذف تکراری: 8 کانفیگ برای JSON
2026-09-06 04:30:25,933 - WARNING - ⚠️ تعداد کانفیگ‌ها به 100 رسید (با None پر شد)
2026-09-06 04:30:25,934 - INFO - ✅ دقیقاً 100 کانفیگ در configs.json ذخیره شد
2026-09-06 04:30:25,934 - INFO - ✅ فایل configs.json با 8 کانفیگ واقعی به‌روز شد
2026-09-06 04:30:25,934 - INFO - 📝 نمونه کانفیگ اول: vless://ad554ef2-a860-41da-8ecf-7b2dfbb1df32@www.g...
2026-09-06 04:30:25,934 - INFO - 📤 بخش ۲: دریافت کانفیگ‌های جدید برای ارسال به کانال...
2026-09-06 04:30:25,934 - INFO - 📡 دریافت پست‌ها از https://t.me/s/ConfigsHUB برای ارسال به کانال
2026-09-06 04:30:26,389 - INFO - ✅ 20 پست دریافت شد
2026-09-06 04:30:26,390 - INFO - 💾 وضعیت به‌روز شد: ConfigsHUB/2060687
2026-09-06 04:30:26,390 - INFO - 📊 از https://t.me/s/ConfigsHUB: 6 کانفیگ جدید پیدا شد
2026-09-06 04:30:26,390 - INFO - 📊 تعداد کل کانفیگ‌های جدید: 6
2026-09-06 04:30:26,390 - INFO - 📤 ارسال 6 کانفیگ به کانال
2026-09-06 04:30:26,920 - INFO - HTTP Request: POST https://api.telegram.org/bot8316746677:AAF1IzRzODBtCvVWrL6dWtw7F8U3qb4DwXM/sendMessage "HTTP/1.1 200 OK"
2026-09-06 04:30:26,921 - INFO - ✅ پیام 1 از 1 ارسال شد
2026-09-06 04:30:27,922 - INFO - ==================================================
2026-09-06 04:30:27,922 - INFO - 🏁 اجرای ربات با موفقیت به پایان رسید
2026-09-06 05:30:26,262 - INFO - ==================================================
2026-09-06 05:30:26,262 - INFO - 🚀 شروع اجرای ربات
2026-09-06 05:30:26,262 - INFO - 📥 بخش ۱: دریافت ۱۰۰ کانفیگ آخر برای فایل JSON...
2026-09-06 05:30:26,262 - INFO - 📡 دریافت کانفیگ‌ها از https://t.me/s/ConfigsHUB برای فایل JSON
2026-09-06 05:30:26,732 - INFO - ✅ 12 کانفیگ از صفحه دریافت شد
2026-09-06 05:30:26,733 - INFO - 📊 از https://t.me/s/ConfigsHUB: 12 کانفیگ دریافت شد
2026-09-06 05:30:26,733 - INFO - 🔄 بعد از حذف تکراری: 7 کانفیگ برای JSON
2026-09-06 05:30:26,733 - WARNING - ⚠️ تعداد کانفیگ‌ها به 100 رسید (با None پر شد)
2026-09-06 05:30:26,733 - INFO - ✅ دقیقاً 100 کانفیگ در configs.json ذخیره شد
2026-09-06 05:30:26,734 - INFO - ✅ فایل configs.json با 7 کانفیگ واقعی به‌روز شد
2026-09-06 05:30:26,734 - INFO - 📝 نمونه کانفیگ اول: vless://0f0b7f69-78e1-4e9e-8b35-0986444613e4@188.1...
2026-09-06 05:30:26,734 - INFO - 📤 بخش ۲: دریافت کانفیگ‌های جدید برای ارسال به کانال...
2026-09-06 05:30:26,734 - INFO - 📡 دریافت پست‌ها از https://t.me/s/ConfigsHUB برای ارسال به کانال
2026-09-06 05:30:27,132 - INFO - ✅ 20 پست دریافت شد
2026-09-06 05:30:27,134 - INFO - 💾 وضعیت به‌روز شد: ConfigsHUB/2060850
2026-09-06 05:30:27,134 - INFO - 📊 از https://t.me/s/ConfigsHUB: 12 کانفیگ جدید پیدا شد
2026-09-06 05:30:27,134 - INFO - 📊 تعداد کل کانفیگ‌های جدید: 12
2026-09-06 05:30:27,134 - INFO - 📤 ارسال 7 کانفیگ به کانال
2026-09-06 05:30:27,701 - INFO - HTTP Request: POST https://api.telegram.org/bot8316746677:AAF1IzRzODBtCvVWrL6dWtw7F8U3qb4DwXM/sendMessage "HTTP/1.1 200 OK"
2026-09-06 05:30:27,702 - INFO - ✅ پیام 1 از 1 ارسال شد
2026-09-06 05:30:28,704 - INFO - ==================================================
2026-09-06 05:30:28,704 - INFO - 🏁 اجرای ربات با موفقیت به پایان رسید
2026-09-06 06:30:25,853 - INFO - ==================================================
2026-09-06 06:30:25,853 - INFO - 🚀 شروع اجرای ربات
2026-09-06 06:30:25,853 - INFO - 📥 بخش ۱: دریافت ۱۰۰ کانفیگ آخر برای فایل JSON...
2026-09-06 06:30:25,853 - INFO - 📡 دریافت کانفیگ‌ها از https://t.me/s/ConfigsHUB برای فایل JSON
2026-09-06 06:30:26,337 - INFO - ✅ 11 کانفیگ از صفحه دریافت شد
2026-09-06 06:30:26,338 - INFO - 📊 از https://t.me/s/ConfigsHUB: 11 کانفیگ دریافت شد
2026-09-06 06:30:26,338 - INFO - 🔄 بعد از حذف تکراری: 11 کانفیگ برای JSON
2026-09-06 06:30:26,338 - WARNING - ⚠️ تعداد کانفیگ‌ها به 100 رسید (با None پر شد)
2026-09-06 06:30:26,338 - INFO - ✅ دقیقاً 100 کانفیگ در configs.json ذخیره شد
2026-09-06 06:30:26,339 - INFO - ✅ فایل configs.json با 11 کانفیگ واقعی به‌روز شد
2026-09-06 06:30:26,339 - INFO - 📝 نمونه کانفیگ اول: vless://65c56e1f-5c41-40bc-b0b5-9346772476ca@104.1...
2026-09-06 06:30:26,339 - INFO - 📤 بخش ۲: دریافت کانفیگ‌های جدید برای ارسال به کانال...
2026-09-06 06:30:26,339 - INFO - 📡 دریافت پست‌ها از https://t.me/s/ConfigsHUB برای ارسال به کانال
2026-09-06 06:30:26,730 - INFO - ✅ 20 پست دریافت شد
2026-09-06 06:30:26,731 - INFO - 💾 وضعیت به‌روز شد: ConfigsHUB/2061043
2026-09-06 06:30:26,731 - INFO - 📊 از https://t.me/s/ConfigsHUB: 11 کانفیگ جدید پیدا شد
2026-09-06 06:30:26,731 - INFO - 📊 تعداد کل کانفیگ‌های جدید: 11
2026-09-06 06:30:26,731 - INFO - 📤 ارسال 10 کانفیگ به کانال
2026-09-06 06:30:27,272 - INFO - HTTP Request: POST https://api.telegram.org/bot8316746677:AAF1IzRzODBtCvVWrL6dWtw7F8U3qb4DwXM/sendMessage "HTTP/1.1 200 OK"
2026-09-06 06:30:27,273 - INFO - ✅ پیام 1 از 1 ارسال شد
2026-09-06 06:30:28,275 - INFO - ==================================================
2026-09-06 06:30:28,275 - INFO - 🏁 اجرای ربات با موفقیت به پایان رسید
2026-09-06 07:30:24,957 - INFO - ==================================================
2026-09-06 07:30:24,957 - INFO - 🚀 شروع اجرای ربات
2026-09-06 07:30:24,957 - INFO - 📥 بخش ۱: دریافت ۱۰۰ کانفیگ آخر برای فایل JSON...
2026-09-06 07:30:24,957 - INFO - 📡 دریافت کانفیگ‌ها از https://t.me/s/ConfigsHUB برای فایل JSON
2026-09-06 07:30:25,392 - INFO - ✅ 17 کانفیگ از صفحه دریافت شد
2026-09-06 07:30:25,393 - INFO - 📊 از https://t.me/s/ConfigsHUB: 17 کانفیگ دریافت شد
2026-09-06 07:30:25,393 - INFO - 🔄 بعد از حذف تکراری: 16 کانفیگ برای JSON
2026-09-06 07:30:25,393 - WARNING - ⚠️ تعداد کانفیگ‌ها به 100 رسید (با None پر شد)
2026-09-06 07:30:25,393 - INFO - ✅ دقیقاً 100 کانفیگ در configs.json ذخیره شد
2026-09-06 07:30:25,393 - INFO - ✅ فایل configs.json با 16 کانفیگ واقعی به‌روز شد
2026-09-06 07:30:25,394 - INFO - 📝 نمونه کانفیگ اول: vless://2f35965a-9a9b-45fd-ba32-987296dfb6be@md4.u...
2026-09-06 07:30:25,394 - INFO - 📤 بخش ۲: دریافت کانفیگ‌های جدید برای ارسال به کانال...
2026-09-06 07:30:25,394 - INFO - 📡 دریافت پست‌ها از https://t.me/s/ConfigsHUB برای ارسال به کانال
2026-09-06 07:30:25,805 - INFO - ✅ 20 پست دریافت شد
2026-09-06 07:30:25,806 - INFO - 💾 وضعیت به‌روز شد: ConfigsHUB/2061264
2026-09-06 07:30:25,806 - INFO - 📊 از https://t.me/s/ConfigsHUB: 17 کانفیگ جدید پیدا شد
2026-09-06 07:30:25,806 - INFO - 📊 تعداد کل کانفیگ‌های جدید: 17
2026-09-06 07:30:25,806 - INFO - 📤 ارسال 10 کانفیگ به کانال
2026-09-06 07:30:26,413 - INFO - HTTP Request: POST https://api.telegram.org/bot8316746677:AAF1IzRzODBtCvVWrL6dWtw7F8U3qb4DwXM/sendMessage "HTTP/1.1 200 OK"
2026-09-06 07:30:26,414 - INFO - ✅ پیام 1 از 1 ارسال شد
2026-09-06 07:30:27,415 - INFO - ==================================================
2026-09-06 07:30:27,416 - INFO - 🏁 اجرای ربات با موفقیت به پایان رسید
2026-09-06 08:30:25,170 - INFO - ==================================================
2026-09-06 08:30:25,170 - INFO - 🚀 شروع اجرای ربات
2026-09-06 08:30:25,170 - INFO - 📥 بخش ۱: دریافت ۱۰۰ کانفیگ آخر برای فایل JSON...
2026-09-06 08:30:25,170 - INFO - 📡 دریافت کانفیگ‌ها از https://t.me/s/ConfigsHUB برای فایل JSON
2026-09-06 08:30:25,637 - INFO - ✅ 11 کانفیگ از صفحه دریافت شد
2026-09-06 08:30:25,638 - INFO - 📊 از https://t.me/s/ConfigsHUB: 11 کانفیگ دریافت شد
2026-09-06 08:30:25,639 - INFO - 🔄 بعد از حذف تکراری: 11 کانفیگ برای JSON
2026-09-06 08:30:25,639 - WARNING - ⚠️ تعداد کانفیگ‌ها به 100 رسید (با None پر شد)
2026-09-06 08:30:25,639 - INFO - ✅ دقیقاً 100 کانفیگ در configs.json ذخیره شد
2026-09-06 08:30:25,639 - INFO - ✅ فایل configs.json با 11 کانفیگ واقعی به‌روز شد
2026-09-06 08:30:25,639 - INFO - 📝 نمونه کانفیگ اول: trojan://humanity@213.182.199.137:443?path=%2Fassi...
2026-09-06 08:30:25,639 - INFO - 📤 بخش ۲: دریافت کانفیگ‌های جدید برای ارسال به کانال...
2026-09-06 08:30:25,640 - INFO - 📡 دریافت پست‌ها از https://t.me/s/ConfigsHUB برای ارسال به کانال
2026-09-06 08:30:26,056 - INFO - ✅ 20 پست دریافت شد
2026-09-06 08:30:26,057 - INFO - 💾 وضعیت به‌روز شد: ConfigsHUB/2061464
2026-09-06 08:30:26,057 - INFO - 📊 از https://t.me/s/ConfigsHUB: 11 کانفیگ جدید پیدا شد
2026-09-06 08:30:26,057 - INFO - 📊 تعداد کل کانفیگ‌های جدید: 11
2026-09-06 08:30:26,057 - INFO - 📤 ارسال 10 کانفیگ به کانال
2026-09-06 08:30:26,573 - INFO - HTTP Request: POST https://api.telegram.org/bot8316746677:AAF1IzRzODBtCvVWrL6dWtw7F8U3qb4DwXM/sendMessage "HTTP/1.1 200 OK"
2026-09-06 08:30:26,574 - INFO - ✅ پیام 1 از 1 ارسال شد
2026-09-06 08:30:27,576 - INFO - ==================================================
2026-09-06 08:30:27,576 - INFO - 🏁 اجرای ربات با موفقیت به پایان رسید
2026-09-06 08:31:31,902 - INFO - ==================================================
2026-09-06 08:31:31,902 - INFO - 🚀 شروع اجرای ربات
2026-09-06 08:31:31,902 - INFO - 📥 بخش ۱: دریافت ۱۰۰ کانفیگ آخر برای فایل JSON...
2026-09-06 08:31:31,902 - INFO - 📡 دریافت کانفیگ‌ها از https://t.me/s/ConfigsHUB برای فایل JSON
2026-09-06 08:31:32,419 - INFO - ✅ 0 کانفیگ از صفحه دریافت شد
2026-09-06 08:31:32,420 - INFO - 📊 از https://t.me/s/ConfigsHUB: 0 کانفیگ دریافت شد
2026-09-06 08:31:32,420 - INFO - 🔄 بعد از حذف تکراری: 0 کانفیگ برای JSON
2026-09-06 08:31:32,420 - WARNING - ⚠️ تعداد کانفیگ‌ها به 100 رسید (با None پر شد)
2026-09-06 08:31:32,421 - INFO - ✅ دقیقاً 100 کانفیگ در configs.json ذخیره شد
2026-09-06 08:31:32,421 - INFO - ✅ فایل configs.json با 0 کانفیگ واقعی به‌روز شد
2026-09-06 08:31:32,421 - INFO - 📤 بخش ۲: دریافت کانفیگ‌های جدید برای ارسال به کانال...
2026-09-06 08:31:32,421 - INFO - 📡 دریافت پست‌ها از https://t.me/s/ConfigsHUB برای ارسال به کانال
2026-09-06 08:31:32,872 - INFO - ✅ 20 پست دریافت شد
2026-09-06 08:31:32,873 - INFO - 💾 وضعیت به‌روز شد: ConfigsHUB/2061495
2026-09-06 08:31:32,874 - INFO - 📊 از https://t.me/s/ConfigsHUB: 0 کانفیگ جدید پیدا شد
2026-09-06 08:31:32,874 - INFO - 📊 تعداد کل کانفیگ‌های جدید: 0
2026-09-06 08:31:32,874 - INFO - ℹ️ کانفیگ جدیدی برای ارسال وجود ندارد
2026-09-06 08:31:32,874 - INFO - ==================================================
2026-09-06 08:31:32,874 - INFO - 🏁 اجرای ربات با موفقیت به پایان رسید
2026-09-06 09:30:32,653 - INFO - ==================================================
2026-09-06 09:30:32,653 - INFO - 🚀 شروع اجرای ربات
2026-09-06 09:30:32,653 - INFO - 📥 بخش ۱: دریافت ۱۰۰ کانفیگ آخر برای فایل JSON...
2026-09-06 09:30:32,653 - INFO - 📡 دریافت کانفیگ‌ها از https://t.me/s/ConfigsHUB برای فایل JSON
2026-09-06 09:30:33,112 - INFO - ✅ 12 کانفیگ از صفحه دریافت شد
2026-09-06 09:30:33,113 - INFO - 📊 از https://t.me/s/ConfigsHUB: 12 کانفیگ دریافت شد
2026-09-06 09:30:33,113 - INFO - 🔄 بعد از حذف تکراری: 12 کانفیگ برای JSON
2026-09-06 09:30:33,113 - WARNING - ⚠️ تعداد کانفیگ‌ها به 100 رسید (با None پر شد)
2026-09-06 09:30:33,113 - INFO - ✅ دقیقاً 100 کانفیگ در configs.json ذخیره شد
2026-09-06 09:30:33,113 - INFO - ✅ فایل configs.json با 12 کانفیگ واقعی به‌روز شد
2026-09-06 09:30:33,113 - INFO - 📝 نمونه کانفیگ اول: vless://c6037cf7-d931-4027-af06-6bfb0f10684c@sv14....
2026-09-06 09:30:33,113 - INFO - 📤 بخش ۲: دریافت کانفیگ‌های جدید برای ارسال به کانال...
2026-09-06 09:30:33,114 - INFO - 📡 دریافت پست‌ها از https://t.me/s/ConfigsHUB برای ارسال به کانال
2026-09-06 09:30:33,520 - INFO - ✅ 20 پست دریافت شد
2026-09-06 09:30:33,521 - INFO - 💾 وضعیت به‌روز شد: ConfigsHUB/2061660
2026-09-06 09:30:33,521 - INFO - 📊 از https://t.me/s/ConfigsHUB: 12 کانفیگ جدید پیدا شد
2026-09-06 09:30:33,521 - INFO - 📊 تعداد کل کانفیگ‌های جدید: 12
2026-09-06 09:30:33,521 - INFO - 📤 ارسال 10 کانفیگ به کانال
2026-09-06 09:30:34,036 - INFO - HTTP Request: POST https://api.telegram.org/bot8316746677:AAF1IzRzODBtCvVWrL6dWtw7F8U3qb4DwXM/sendMessage "HTTP/1.1 200 OK"
2026-09-06 09:30:34,037 - INFO - ✅ پیام 1 از 1 ارسال شد
2026-09-06 09:30:35,112 - INFO - ==================================================
2026-09-06 09:30:35,112 - INFO - 🏁 اجرای ربات با موفقیت به پایان رسید
2026-09-06 10:30:26,648 - INFO - ==================================================
2026-09-06 10:30:26,648 - INFO - 🚀 شروع اجرای ربات
2026-09-06 10:30:26,648 - INFO - 📥 بخش ۱: دریافت ۱۰۰ کانفیگ آخر برای فایل JSON...
2026-09-06 10:30:26,649 - INFO - 📡 دریافت کانفیگ‌ها از https://t.me/s/ConfigsHUB برای فایل JSON
2026-09-06 10:30:27,251 - INFO - ✅ 12 کانفیگ از صفحه دریافت شد
2026-09-06 10:30:27,252 - INFO - 📊 از https://t.me/s/ConfigsHUB: 12 کانفیگ دریافت شد
2026-09-06 10:30:27,253 - INFO - 🔄 بعد از حذف تکراری: 12 کانفیگ برای JSON
2026-09-06 10:30:27,253 - WARNING - ⚠️ تعداد کانفیگ‌ها به 100 رسید (با None پر شد)
2026-09-06 10:30:27,253 - INFO - ✅ دقیقاً 100 کانفیگ در configs.json ذخیره شد
2026-09-06 10:30:27,253 - INFO - ✅ فایل configs.json با 12 کانفیگ واقعی به‌روز شد
2026-09-06 10:30:27,253 - INFO - 📝 نمونه کانفیگ اول: vless://2f35965a-9a9b-45fd-ba32-987296dfb6be@md1.u...
2026-09-06 10:30:27,253 - INFO - 📤 بخش ۲: دریافت کانفیگ‌های جدید برای ارسال به کانال...
2026-09-06 10:30:27,253 - INFO - 📡 دریافت پست‌ها از https://t.me/s/ConfigsHUB برای ارسال به کانال
2026-09-06 10:30:27,783 - INFO - ✅ 20 پست دریافت شد
2026-09-06 10:30:27,785 - INFO - 💾 وضعیت به‌روز شد: ConfigsHUB/2061867
2026-09-06 10:30:27,785 - INFO - 📊 از https://t.me/s/ConfigsHUB: 11 کانفیگ جدید پیدا شد
2026-09-06 10:30:27,785 - INFO - 📊 تعداد کل کانفیگ‌های جدید: 11
2026-09-06 10:30:27,785 - INFO - 📤 ارسال 10 کانفیگ به کانال
2026-09-06 10:30:28,445 - INFO - HTTP Request: POST https://api.telegram.org/bot8316746677:AAF1IzRzODBtCvVWrL6dWtw7F8U3qb4DwXM/sendMessage "HTTP/1.1 200 OK"
2026-09-06 10:30:28,446 - INFO - ✅ پیام 1 از 1 ارسال شد
2026-09-06 10:30:29,448 - INFO - ==================================================
2026-09-06 10:30:29,448 - INFO - 🏁 اجرای ربات با موفقیت به پایان رسید
2026-09-06 11:30:25,111 - INFO - ==================================================
2026-09-06 11:30:25,111 - INFO - 🚀 شروع اجرای ربات
2026-09-06 11:30:25,111 - INFO - 📥 بخش ۱: دریافت ۱۰۰ کانفیگ آخر برای فایل JSON...
2026-09-06 11:30:25,111 - INFO - 📡 دریافت کانفیگ‌ها از https://t.me/s/ConfigsHUB برای فایل JSON
2026-09-06 11:30:25,641 - INFO - ✅ 14 کانفیگ از صفحه دریافت شد
2026-09-06 11:30:25,642 - INFO - 📊 از https://t.me/s/ConfigsHUB: 14 کانفیگ دریافت شد
2026-09-06 11:30:25,642 - INFO - 🔄 بعد از حذف تکراری: 14 کانفیگ برای JSON
2026-09-06 11:30:25,642 - WARNING - ⚠️ تعداد کانفیگ‌ها به 100 رسید (با None پر شد)
2026-09-06 11:30:25,642 - INFO - ✅ دقیقاً 100 کانفیگ در configs.json ذخیره شد
2026-09-06 11:30:25,643 - INFO - ✅ فایل configs.json با 14 کانفیگ واقعی به‌روز شد
2026-09-06 11:30:25,643 - INFO - 📝 نمونه کانفیگ اول: vless://8525fe74-67e6-4a55-8a26-95f227bd1384@68.18...
2026-09-06 11:30:25,643 - INFO - 📤 بخش ۲: دریافت کانفیگ‌های جدید برای ارسال به کانال...
2026-09-06 11:30:25,643 - INFO - 📡 دریافت پست‌ها از https://t.me/s/ConfigsHUB برای ارسال به کانال
2026-09-06 11:30:26,056 - INFO - ✅ 20 پست دریافت شد
2026-09-06 11:30:26,057 - INFO - 💾 وضعیت به‌روز شد: ConfigsHUB/2062058
2026-09-06 11:30:26,057 - INFO - 📊 از https://t.me/s/ConfigsHUB: 14 کانفیگ جدید پیدا شد
2026-09-06 11:30:26,057 - INFO - 📊 تعداد کل کانفیگ‌های جدید: 14
2026-09-06 11:30:26,057 - INFO - 📤 ارسال 10 کانفیگ به کانال
2026-09-06 11:30:26,590 - INFO - HTTP Request: POST https://api.telegram.org/bot8316746677:AAF1IzRzODBtCvVWrL6dWtw7F8U3qb4DwXM/sendMessage "HTTP/1.1 200 OK"
2026-09-06 11:30:26,591 - INFO - ✅ پیام 1 از 1 ارسال شد
2026-09-06 11:30:27,592 - INFO - ==================================================
2026-09-06 11:30:27,593 - INFO - 🏁 اجرای ربات با موفقیت به پایان رسید
2026-09-06 12:30:28,689 - INFO - ==================================================
2026-09-06 12:30:28,689 - INFO - 🚀 شروع اجرای ربات
2026-09-06 12:30:28,689 - INFO - 📥 بخش ۱: دریافت ۱۰۰ کانفیگ آخر برای فایل JSON...
2026-09-06 12:30:28,689 - INFO - 📡 دریافت کانفیگ‌ها از https://t.me/s/ConfigsHUB برای فایل JSON
2026-09-06 12:30:29,201 - INFO - ✅ 15 کانفیگ از صفحه دریافت شد
2026-09-06 12:30:29,202 - INFO - 📊 از https://t.me/s/ConfigsHUB: 15 کانفیگ دریافت شد
2026-09-06 12:30:29,202 - INFO - 🔄 بعد از حذف تکراری: 15 کانفیگ برای JSON
2026-09-06 12:30:29,202 - WARNING - ⚠️ تعداد کانفیگ‌ها به 100 رسید (با None پر شد)
2026-09-06 12:30:29,203 - INFO - ✅ دقیقاً 100 کانفیگ در configs.json ذخیره شد
2026-09-06 12:30:29,203 - INFO - ✅ فایل configs.json با 15 کانفیگ واقعی به‌روز شد
2026-09-06 12:30:29,203 - INFO - 📝 نمونه کانفیگ اول: vless://2f35965a-9a9b-45fd-ba32-987296dfb6be@45.9....
2026-09-06 12:30:29,203 - INFO - 📤 بخش ۲: دریافت کانفیگ‌های جدید برای ارسال به کانال...
2026-09-06 12:30:29,203 - INFO - 📡 دریافت پست‌ها از https://t.me/s/ConfigsHUB برای ارسال به کانال
2026-09-06 12:30:29,621 - INFO - ✅ 20 پست دریافت شد
2026-09-06 12:30:29,623 - INFO - 💾 وضعیت به‌روز شد: ConfigsHUB/2062359
2026-09-06 12:30:29,623 - INFO - 📊 از https://t.me/s/ConfigsHUB: 11 کانفیگ جدید پیدا شد
2026-09-06 12:30:29,623 - INFO - 📊 تعداد کل کانفیگ‌های جدید: 11
2026-09-06 12:30:29,623 - INFO - 📤 ارسال 10 کانفیگ به کانال
2026-09-06 12:30:30,154 - INFO - HTTP Request: POST https://api.telegram.org/bot8316746677:AAF1IzRzODBtCvVWrL6dWtw7F8U3qb4DwXM/sendMessage "HTTP/1.1 200 OK"
2026-09-06 12:30:30,155 - INFO - ✅ پیام 1 از 1 ارسال شد
2026-09-06 12:30:31,156 - INFO - ==================================================
2026-09-06 12:30:31,156 - INFO - 🏁 اجرای ربات با موفقیت به پایان رسید
2026-09-06 12:43:54,828 - INFO - ==================================================
2026-09-06 12:43:54,828 - INFO - 🚀 شروع اجرای ربات
2026-09-06 12:43:54,828 - INFO - 📥 بخش ۱: دریافت ۱۰۰ کانفیگ آخر برای فایل JSON...
2026-09-06 12:43:54,828 - INFO - 📡 دریافت کانفیگ‌ها از https://t.me/s/ConfigsHUB برای فایل JSON
2026-09-06 12:43:55,400 - INFO - ✅ 16 کانفیگ از صفحه دریافت شد
2026-09-06 12:43:55,401 - INFO - 📊 از https://t.me/s/ConfigsHUB: 16 کانفیگ دریافت شد
2026-09-06 12:43:55,401 - INFO - 🔄 بعد از حذف تکراری: 8 کانفیگ برای JSON
2026-09-06 12:43:55,401 - WARNING - ⚠️ تعداد کانفیگ‌ها به 100 رسید (با None پر شد)
2026-09-06 12:43:55,402 - INFO - ✅ دقیقاً 100 کانفیگ در configs.json ذخیره شد
2026-09-06 12:43:55,402 - INFO - ✅ فایل configs.json با 8 کانفیگ واقعی به‌روز شد
2026-09-06 12:43:55,402 - INFO - 📝 نمونه کانفیگ اول: vless://3b733177-14f5-49d5-91e6-4dce73c038e3@47.13...
2026-09-06 12:43:55,402 - INFO - 📤 بخش ۲: دریافت کانفیگ‌های جدید برای ارسال به کانال...
2026-09-06 12:43:55,402 - INFO - 📡 دریافت پست‌ها از https://t.me/s/ConfigsHUB برای ارسال به کانال
2026-09-06 12:43:55,911 - INFO - ✅ 20 پست دریافت شد
2026-09-06 12:43:55,913 - INFO - 💾 وضعیت به‌روز شد: ConfigsHUB/2062437
2026-09-06 12:43:55,913 - INFO - 📊 از https://t.me/s/ConfigsHUB: 16 کانفیگ جدید پیدا شد
2026-09-06 12:43:55,913 - INFO - 📊 تعداد کل کانفیگ‌های جدید: 16
2026-09-06 12:43:55,913 - INFO - 📤 ارسال 8 کانفیگ به کانال
2026-09-06 12:43:56,480 - INFO - HTTP Request: POST https://api.telegram.org/bot8316746677:AAF1IzRzODBtCvVWrL6dWtw7F8U3qb4DwXM/sendMessage "HTTP/1.1 200 OK"
2026-09-06 12:43:56,481 - INFO - ✅ پیام 1 از 1 ارسال شد
2026-09-06 12:43:57,483 - INFO - ==================================================
2026-09-06 12:43:57,483 - INFO - 🏁 اجرای ربات با موفقیت به پایان رسید
2026-09-06 13:30:27,052 - INFO - ==================================================
2026-09-06 13:30:27,052 - INFO - 🚀 شروع اجرای ربات
2026-09-06 13:30:27,052 - INFO - 📥 بخش ۱: دریافت ۱۰۰ کانفیگ آخر برای فایل JSON...
2026-09-06 13:30:27,052 - INFO - 📡 دریافت کانفیگ‌ها از https://t.me/s/ConfigsHUB برای فایل JSON
2026-09-06 13:30:27,732 - INFO - ✅ 14 کانفیگ از صفحه دریافت شد
2026-09-06 13:30:27,733 - INFO - 📊 از https://t.me/s/ConfigsHUB: 14 کانفیگ دریافت شد
2026-09-06 13:30:27,733 - INFO - 🔄 بعد از حذف تکراری: 14 کانفیگ برای JSON
2026-09-06 13:30:27,733 - WARNING - ⚠️ تعداد کانفیگ‌ها به 100 رسید (با None پر شد)
2026-09-06 13:30:27,733 - INFO - ✅ دقیقاً 100 کانفیگ در configs.json ذخیره شد
2026-09-06 13:30:27,733 - INFO - ✅ فایل configs.json با 14 کانفیگ واقعی به‌روز شد
2026-09-06 13:30:27,733 - INFO - 📝 نمونه کانفیگ اول: vless://5cc814de-2bbb-4409-ad8c-ee841ca7bad1@84.22...
2026-09-06 13:30:27,734 - INFO - 📤 بخش ۲: دریافت کانفیگ‌های جدید برای ارسال به کانال...
2026-09-06 13:30:27,734 - INFO - 📡 دریافت پست‌ها از https://t.me/s/ConfigsHUB برای ارسال به کانال
2026-09-06 13:30:28,354 - INFO - ✅ 20 پست دریافت شد
2026-09-06 13:30:28,355 - INFO - 💾 وضعیت به‌روز شد: ConfigsHUB/2062648
2026-09-06 13:30:28,355 - INFO - 📊 از https://t.me/s/ConfigsHUB: 14 کانفیگ جدید پیدا شد
2026-09-06 13:30:28,355 - INFO - 📊 تعداد کل کانفیگ‌های جدید: 14
2026-09-06 13:30:28,355 - INFO - 📤 ارسال 10 کانفیگ به کانال
2026-09-06 13:30:29,043 - INFO - HTTP Request: POST https://api.telegram.org/bot8316746677:AAF1IzRzODBtCvVWrL6dWtw7F8U3qb4DwXM/sendMessage "HTTP/1.1 200 OK"
2026-09-06 13:30:29,044 - INFO - ✅ پیام 1 از 1 ارسال شد
2026-09-06 13:30:30,046 - INFO - ==================================================
2026-09-06 13:30:30,046 - INFO - 🏁 اجرای ربات با موفقیت به پایان رسید
2026-09-06 14:30:34,553 - INFO - ==================================================
2026-09-06 14:30:34,553 - INFO - 🚀 شروع اجرای ربات
2026-09-06 14:30:34,553 - INFO - 📥 بخش ۱: دریافت ۱۰۰ کانفیگ آخر برای فایل JSON...
2026-09-06 14:30:34,553 - INFO - 📡 دریافت کانفیگ‌ها از https://t.me/s/ConfigsHUB برای فایل JSON
2026-09-06 14:30:35,047 - INFO - ✅ 15 کانفیگ از صفحه دریافت شد
2026-09-06 14:30:35,048 - INFO - 📊 از https://t.me/s/ConfigsHUB: 15 کانفیگ دریافت شد
2026-09-06 14:30:35,048 - INFO - 🔄 بعد از حذف تکراری: 11 کانفیگ برای JSON
2026-09-06 14:30:35,048 - WARNING - ⚠️ تعداد کانفیگ‌ها به 100 رسید (با None پر شد)
2026-09-06 14:30:35,049 - INFO - ✅ دقیقاً 100 کانفیگ در configs.json ذخیره شد
2026-09-06 14:30:35,049 - INFO - ✅ فایل configs.json با 11 کانفیگ واقعی به‌روز شد
2026-09-06 14:30:35,049 - INFO - 📝 نمونه کانفیگ اول: vless://2f35965a-9a9b-45fd-ba32-987296dfb6be@45.9....
2026-09-06 14:30:35,049 - INFO - 📤 بخش ۲: دریافت کانفیگ‌های جدید برای ارسال به کانال...
2026-09-06 14:30:35,049 - INFO - 📡 دریافت پست‌ها از https://t.me/s/ConfigsHUB برای ارسال به کانال
2026-09-06 14:30:35,507 - INFO - ✅ 20 پست دریافت شد
2026-09-06 14:30:35,508 - INFO - 💾 وضعیت به‌روز شد: ConfigsHUB/2062931
2026-09-06 14:30:35,508 - INFO - 📊 از https://t.me/s/ConfigsHUB: 15 کانفیگ جدید پیدا شد
2026-09-06 14:30:35,508 - INFO - 📊 تعداد کل کانفیگ‌های جدید: 15
2026-09-06 14:30:35,508 - INFO - 📤 ارسال 10 کانفیگ به کانال
2026-09-06 14:30:36,147 - INFO - HTTP Request: POST https://api.telegram.org/bot8316746677:AAF1IzRzODBtCvVWrL6dWtw7F8U3qb4DwXM/sendMessage "HTTP/1.1 200 OK"
2026-09-06 14:30:36,148 - INFO - ✅ پیام 1 از 1 ارسال شد
2026-09-06 14:30:37,149 - INFO - ==================================================
2026-09-06 14:30:37,149 - INFO - 🏁 اجرای ربات با موفقیت به پایان رسید
2026-09-06 15:30:27,497 - INFO - ==================================================
2026-09-06 15:30:27,497 - INFO - 🚀 شروع اجرای ربات
2026-09-06 15:30:27,497 - INFO - 📥 بخش ۱: دریافت ۱۰۰ کانفیگ آخر برای فایل JSON...
2026-09-06 15:30:27,497 - INFO - 📡 دریافت کانفیگ‌ها از https://t.me/s/ConfigsHUB برای فایل JSON
2026-09-06 15:30:27,976 - INFO - ✅ 13 کانفیگ از صفحه دریافت شد
2026-09-06 15:30:27,977 - INFO - 📊 از https://t.me/s/ConfigsHUB: 13 کانفیگ دریافت شد
2026-09-06 15:30:27,978 - INFO - 🔄 بعد از حذف تکراری: 12 کانفیگ برای JSON
2026-09-06 15:30:27,978 - WARNING - ⚠️ تعداد کانفیگ‌ها به 100 رسید (با None پر شد)
2026-09-06 15:30:27,978 - INFO - ✅ دقیقاً 100 کانفیگ در configs.json ذخیره شد
2026-09-06 15:30:27,978 - INFO - ✅ فایل configs.json با 12 کانفیگ واقعی به‌روز شد
2026-09-06 15:30:27,978 - INFO - 📝 نمونه کانفیگ اول: vless://0560982d-52d5-4768-a82a-d2388ced61ba@95.18...
2026-09-06 15:30:27,978 - INFO - 📤 بخش ۲: دریافت کانفیگ‌های جدید برای ارسال به کانال...
2026-09-06 15:30:27,979 - INFO - 📡 دریافت پست‌ها از https://t.me/s/ConfigsHUB برای ارسال به کانال
2026-09-06 15:30:28,368 - INFO - ✅ 20 پست دریافت شد
2026-09-06 15:30:28,370 - INFO - 💾 وضعیت به‌روز شد: ConfigsHUB/2063145
2026-09-06 15:30:28,370 - INFO - 📊 از https://t.me/s/ConfigsHUB: 13 کانفیگ جدید پیدا شد
2026-09-06 15:30:28,370 - INFO - 📊 تعداد کل کانفیگ‌های جدید: 13
2026-09-06 15:30:28,370 - INFO - 📤 ارسال 10 کانفیگ به کانال
2026-09-06 15:30:28,863 - INFO - HTTP Request: POST https://api.telegram.org/bot8316746677:AAF1IzRzODBtCvVWrL6dWtw7F8U3qb4DwXM/sendMessage "HTTP/1.1 200 OK"
2026-09-06 15:30:28,864 - INFO - ✅ پیام 1 از 1 ارسال شد
2026-09-06 15:30:29,865 - INFO - ==================================================
2026-09-06 15:30:29,865 - INFO - 🏁 اجرای ربات با موفقیت به پایان رسید
2026-09-06 16:04:01,214 - INFO - ==================================================
2026-09-06 16:04:01,214 - INFO - 🚀 شروع اجرای ربات
2026-09-06 16:04:01,214 - INFO - 📥 بخش ۱: دریافت ۱۰۰ کانفیگ آخر برای فایل JSON...
2026-09-06 16:04:01,214 - INFO - 📡 دریافت کانفیگ‌ها از https://t.me/s/ConfigsHUB برای فایل JSON
2026-09-06 16:04:01,704 - INFO - ✅ 20 کانفیگ از صفحه دریافت شد
2026-09-06 16:04:01,705 - INFO - 📊 از https://t.me/s/ConfigsHUB: 20 کانفیگ دریافت شد
2026-09-06 16:04:01,706 - INFO - 🔄 بعد از حذف تکراری: 20 کانفیگ برای JSON
2026-09-06 16:04:01,706 - WARNING - ⚠️ تعداد کانفیگ‌ها به 100 رسید (با None پر شد)
2026-09-06 16:04:01,706 - INFO - ✅ دقیقاً 100 کانفیگ در configs.json ذخیره شد
2026-09-06 16:04:01,706 - INFO - ✅ فایل configs.json با 20 کانفیگ واقعی به‌روز شد
2026-09-06 16:04:01,706 - INFO - 📝 نمونه کانفیگ اول: vless://41e71ba7-d389-47aa-94f7-ed1f55fdbcdf@194.9...
2026-09-06 16:04:01,706 - INFO - 📤 بخش ۲: دریافت کانفیگ‌های جدید برای ارسال به کانال...
2026-09-06 16:04:01,706 - INFO - 📡 دریافت پست‌ها از https://t.me/s/ConfigsHUB برای ارسال به کانال
2026-09-06 16:04:02,126 - INFO - ✅ 20 پست دریافت شد
2026-09-06 16:04:02,127 - INFO - 💾 وضعیت به‌روز شد: ConfigsHUB/2063241
2026-09-06 16:04:02,127 - INFO - 📊 از https://t.me/s/ConfigsHUB: 20 کانفیگ جدید پیدا شد
2026-09-06 16:04:02,128 - INFO - 📊 تعداد کل کانفیگ‌های جدید: 20
2026-09-06 16:04:02,128 - INFO - 📤 ارسال 10 کانفیگ به کانال
2026-09-06 16:04:02,776 - INFO - HTTP Request: POST https://api.telegram.org/bot8316746677:AAF1IzRzODBtCvVWrL6dWtw7F8U3qb4DwXM/sendMessage "HTTP/1.1 200 OK"
2026-09-06 16:04:02,777 - INFO - ✅ پیام 1 از 1 ارسال شد
2026-09-06 16:04:03,778 - INFO - ==================================================
2026-09-06 16:04:03,778 - INFO - 🏁 اجرای ربات با موفقیت به پایان رسید
2026-09-06 16:30:27,341 - INFO - ==================================================
2026-09-06 16:30:27,341 - INFO - 🚀 شروع اجرای ربات
2026-09-06 16:30:27,341 - INFO - 📥 بخش ۱: دریافت ۱۰۰ کانفیگ آخر برای فایل JSON...
2026-09-06 16:30:27,341 - INFO - 📡 دریافت کانفیگ‌ها از https://t.me/s/ConfigsHUB برای فایل JSON
2026-09-06 16:30:27,958 - INFO - ✅ 14 کانفیگ از صفحه دریافت شد
2026-09-06 16:30:27,959 - INFO - 📊 از https://t.me/s/ConfigsHUB: 14 کانفیگ دریافت شد
2026-09-06 16:30:27,959 - INFO - 🔄 بعد از حذف تکراری: 14 کانفیگ برای JSON
2026-09-06 16:30:27,959 - WARNING - ⚠️ تعداد کانفیگ‌ها به 100 رسید (با None پر شد)
2026-09-06 16:30:27,959 - INFO - ✅ دقیقاً 100 کانفیگ در configs.json ذخیره شد
2026-09-06 16:30:27,959 - INFO - ✅ فایل configs.json با 14 کانفیگ واقعی به‌روز شد
2026-09-06 16:30:27,959 - INFO - 📝 نمونه کانفیگ اول: vless://5944c048-fea1-4e19-8899-fd3dd5aa81d8@cdn4....
2026-09-06 16:30:27,959 - INFO - 📤 بخش ۲: دریافت کانفیگ‌های جدید برای ارسال به کانال...
2026-09-06 16:30:27,959 - INFO - 📡 دریافت پست‌ها از https://t.me/s/ConfigsHUB برای ارسال به کانال
2026-09-06 16:30:28,472 - INFO - ✅ 20 پست دریافت شد
2026-09-06 16:30:28,474 - INFO - 💾 وضعیت به‌روز شد: ConfigsHUB/2063281
2026-09-06 16:30:28,474 - INFO - 📊 از https://t.me/s/ConfigsHUB: 14 کانفیگ جدید پیدا شد
2026-09-06 16:30:28,474 - INFO - 📊 تعداد کل کانفیگ‌های جدید: 14
2026-09-06 16:30:28,474 - INFO - 📤 ارسال 10 کانفیگ به کانال
2026-09-06 16:30:29,087 - INFO - HTTP Request: POST https://api.telegram.org/bot8316746677:AAF1IzRzODBtCvVWrL6dWtw7F8U3qb4DwXM/sendMessage "HTTP/1.1 200 OK"
2026-09-06 16:30:29,088 - INFO - ✅ پیام 1 از 1 ارسال شد
2026-09-06 16:30:30,090 - INFO - ==================================================
2026-09-06 16:30:30,090 - INFO - 🏁 اجرای ربات با موفقیت به پایان رسید
2026-09-06 17:30:26,095 - INFO - ==================================================
2026-09-06 17:30:26,095 - INFO - 🚀 شروع اجرای ربات
2026-09-06 17:30:26,095 - INFO - 📥 بخش ۱: دریافت ۱۰۰ کانفیگ آخر برای فایل JSON...
2026-09-06 17:30:26,095 - INFO - 📡 دریافت کانفیگ‌ها از https://t.me/s/ConfigsHUB برای فایل JSON
2026-09-06 17:30:26,584 - INFO - ✅ 18 کانفیگ از صفحه دریافت شد
2026-09-06 17:30:26,585 - INFO - 📊 از https://t.me/s/ConfigsHUB: 18 کانفیگ دریافت شد
2026-09-06 17:30:26,585 - INFO - 🔄 بعد از حذف تکراری: 18 کانفیگ برای JSON
2026-09-06 17:30:26,586 - WARNING - ⚠️ تعداد کانفیگ‌ها به 100 رسید (با None پر شد)
2026-09-06 17:30:26,586 - INFO - ✅ دقیقاً 100 کانفیگ در configs.json ذخیره شد
2026-09-06 17:30:26,586 - INFO - ✅ فایل configs.json با 18 کانفیگ واقعی به‌روز شد
2026-09-06 17:30:26,586 - INFO - 📝 نمونه کانفیگ اول: vless://6202b230-417c-4d8e-b624-0f71afa9c75d@66.23...
2026-09-06 17:30:26,586 - INFO - 📤 بخش ۲: دریافت کانفیگ‌های جدید برای ارسال به کانال...
2026-09-06 17:30:26,586 - INFO - 📡 دریافت پست‌ها از https://t.me/s/ConfigsHUB برای ارسال به کانال
2026-09-06 17:30:27,040 - INFO - ✅ 20 پست دریافت شد
2026-09-06 17:30:27,042 - INFO - 💾 وضعیت به‌روز شد: ConfigsHUB/2063495
2026-09-06 17:30:27,042 - INFO - 📊 از https://t.me/s/ConfigsHUB: 18 کانفیگ جدید پیدا شد
2026-09-06 17:30:27,042 - INFO - 📊 تعداد کل کانفیگ‌های جدید: 18
2026-09-06 17:30:27,042 - INFO - 📤 ارسال 10 کانفیگ به کانال
2026-09-06 17:30:28,330 - INFO - HTTP Request: POST https://api.telegram.org/bot8316746677:AAF1IzRzODBtCvVWrL6dWtw7F8U3qb4DwXM/sendMessage "HTTP/1.1 200 OK"
2026-09-06 17:30:28,331 - INFO - ✅ پیام 1 از 1 ارسال شد
2026-09-06 17:30:29,332 - INFO - ==================================================
2026-09-06 17:30:29,332 - INFO - 🏁 اجرای ربات با موفقیت به پایان رسید
2026-09-06 18:30:30,832 - INFO - ==================================================
2026-09-06 18:30:30,832 - INFO - 🚀 شروع اجرای ربات
2026-09-06 18:30:30,832 - INFO - 📥 بخش ۱: دریافت ۱۰۰ کانفیگ آخر برای فایل JSON...
2026-09-06 18:30:30,833 - INFO - 📡 دریافت کانفیگ‌ها از https://t.me/s/ConfigsHUB برای فایل JSON
2026-09-06 18:30:31,513 - INFO - ✅ 15 کانفیگ از صفحه دریافت شد
2026-09-06 18:30:31,514 - INFO - 📊 از https://t.me/s/ConfigsHUB: 15 کانفیگ دریافت شد
2026-09-06 18:30:31,514 - INFO - 🔄 بعد از حذف تکراری: 14 کانفیگ برای JSON
2026-09-06 18:30:31,514 - WARNING - ⚠️ تعداد کانفیگ‌ها به 100 رسید (با None پر شد)
2026-09-06 18:30:31,515 - INFO - ✅ دقیقاً 100 کانفیگ در configs.json ذخیره شد
2026-09-06 18:30:31,515 - INFO - ✅ فایل configs.json با 14 کانفیگ واقعی به‌روز شد
2026-09-06 18:30:31,515 - INFO - 📝 نمونه کانفیگ اول: vless://70e20b2e-3b1f-4c25-9a3d-9240570391bb@89.36...
2026-09-06 18:30:31,515 - INFO - 📤 بخش ۲: دریافت کانفیگ‌های جدید برای ارسال به کانال...
2026-09-06 18:30:31,515 - INFO - 📡 دریافت پست‌ها از https://t.me/s/ConfigsHUB برای ارسال به کانال
2026-09-06 18:30:32,091 - INFO - ✅ 20 پست دریافت شد
2026-09-06 18:30:32,093 - INFO - 💾 وضعیت به‌روز شد: ConfigsHUB/2063752
2026-09-06 18:30:32,093 - INFO - 📊 از https://t.me/s/ConfigsHUB: 15 کانفیگ جدید پیدا شد
2026-09-06 18:30:32,093 - INFO - 📊 تعداد کل کانفیگ‌های جدید: 15
2026-09-06 18:30:32,093 - INFO - 📤 ارسال 10 کانفیگ به کانال
2026-09-06 18:30:32,818 - INFO - HTTP Request: POST https://api.telegram.org/bot8316746677:AAF1IzRzODBtCvVWrL6dWtw7F8U3qb4DwXM/sendMessage "HTTP/1.1 200 OK"
2026-09-06 18:30:32,819 - INFO - ✅ پیام 1 از 1 ارسال شد
2026-09-06 18:30:33,820 - INFO - ==================================================
2026-09-06 18:30:33,820 - INFO - 🏁 اجرای ربات با موفقیت به پایان رسید
2026-09-06 18:57:09,113 - INFO - ==================================================
2026-09-06 18:57:09,113 - INFO - 🚀 شروع اجرای ربات
2026-09-06 18:57:09,113 - INFO - 📥 بخش ۱: دریافت ۱۰۰ کانفیگ آخر برای فایل JSON...
2026-09-06 18:57:09,114 - INFO - 📡 دریافت کانفیگ‌ها از https://t.me/s/ConfigsHUB برای فایل JSON
2026-09-06 18:57:09,519 - INFO - ✅ 18 کانفیگ از صفحه دریافت شد
2026-09-06 18:57:09,520 - INFO - 📊 از https://t.me/s/ConfigsHUB: 18 کانفیگ دریافت شد
2026-09-06 18:57:09,520 - INFO - 🔄 بعد از حذف تکراری: 17 کانفیگ برای JSON
2026-09-06 18:57:09,520 - WARNING - ⚠️ تعداد کانفیگ‌ها به 100 رسید (با None پر شد)
2026-09-06 18:57:09,520 - INFO - ✅ دقیقاً 100 کانفیگ در configs.json ذخیره شد
2026-09-06 18:57:09,520 - INFO - ✅ فایل configs.json با 17 کانفیگ واقعی به‌روز شد
2026-09-06 18:57:09,520 - INFO - 📝 نمونه کانفیگ اول: vless://91a32c70-7a90-42ca-94d5-cd44b98cd262@www.c...
2026-09-06 18:57:09,520 - INFO - 📤 بخش ۲: دریافت کانفیگ‌های جدید برای ارسال به کانال...
2026-09-06 18:57:09,520 - INFO - 📡 دریافت پست‌ها از https://t.me/s/ConfigsHUB برای ارسال به کانال
2026-09-06 18:57:09,894 - INFO - ✅ 20 پست دریافت شد
2026-09-06 18:57:09,895 - INFO - 💾 وضعیت به‌روز شد: ConfigsHUB/2063884
2026-09-06 18:57:09,895 - INFO - 📊 از https://t.me/s/ConfigsHUB: 18 کانفیگ جدید پیدا شد
2026-09-06 18:57:09,895 - INFO - 📊 تعداد کل کانفیگ‌های جدید: 18
2026-09-06 18:57:09,895 - INFO - 📤 ارسال 10 کانفیگ به کانال
2026-09-06 18:57:10,387 - INFO - HTTP Request: POST https://api.telegram.org/bot8316746677:AAF1IzRzODBtCvVWrL6dWtw7F8U3qb4DwXM/sendMessage "HTTP/1.1 200 OK"
2026-09-06 18:57:10,388 - INFO - ✅ پیام 1 از 1 ارسال شد
2026-09-06 18:57:11,389 - INFO - ==================================================
2026-09-06 18:57:11,389 - INFO - 🏁 اجرای ربات با موفقیت به پایان رسید
2026-09-06 19:31:02,442 - INFO - ==================================================
2026-09-06 19:31:02,442 - INFO - 🚀 شروع اجرای ربات
2026-09-06 19:31:02,442 - INFO - 📥 بخش ۱: دریافت ۱۰۰ کانفیگ آخر برای فایل JSON...
2026-09-06 19:31:02,442 - INFO - 📡 دریافت کانفیگ‌ها از https://t.me/s/ConfigsHUB برای فایل JSON
2026-09-06 19:31:03,089 - INFO - ✅ 16 کانفیگ از صفحه دریافت شد
2026-09-06 19:31:03,090 - INFO - 📊 از https://t.me/s/ConfigsHUB: 16 کانفیگ دریافت شد
2026-09-06 19:31:03,090 - INFO - 🔄 بعد از حذف تکراری: 16 کانفیگ برای JSON
2026-09-06 19:31:03,091 - WARNING - ⚠️ تعداد کانفیگ‌ها به 100 رسید (با None پر شد)
2026-09-06 19:31:03,091 - INFO - ✅ دقیقاً 100 کانفیگ در configs.json ذخیره شد
2026-09-06 19:31:03,091 - INFO - ✅ فایل configs.json با 16 کانفیگ واقعی به‌روز شد
2026-09-06 19:31:03,091 - INFO - 📝 نمونه کانفیگ اول: vless://cf39fab0-bb85-42cb-9945-2ad69d78e575@188.1...
2026-09-06 19:31:03,091 - INFO - 📤 بخش ۲: دریافت کانفیگ‌های جدید برای ارسال به کانال...
2026-09-06 19:31:03,091 - INFO - 📡 دریافت پست‌ها از https://t.me/s/ConfigsHUB برای ارسال به کانال
2026-09-06 19:31:03,679 - INFO - ✅ 20 پست دریافت شد
2026-09-06 19:31:03,680 - INFO - 💾 وضعیت به‌روز شد: ConfigsHUB/2063886
2026-09-06 19:31:03,680 - INFO - 📊 از https://t.me/s/ConfigsHUB: 16 کانفیگ جدید پیدا شد
2026-09-06 19:31:03,680 - INFO - 📊 تعداد کل کانفیگ‌های جدید: 16
2026-09-06 19:31:03,680 - INFO - 📤 ارسال 10 کانفیگ به کانال
2026-09-06 19:31:04,406 - INFO - HTTP Request: POST https://api.telegram.org/bot8316746677:AAF1IzRzODBtCvVWrL6dWtw7F8U3qb4DwXM/sendMessage "HTTP/1.1 200 OK"
2026-09-06 19:31:04,407 - INFO - ✅ پیام 1 از 1 ارسال شد
2026-09-06 19:31:05,408 - INFO - ==================================================
2026-09-06 19:31:05,409 - INFO - 🏁 اجرای ربات با موفقیت به پایان رسید
2026-09-06 20:30:28,080 - INFO - ==================================================
2026-09-06 20:30:28,080 - INFO - 🚀 شروع اجرای ربات
2026-09-06 20:30:28,080 - INFO - 📥 بخش ۱: دریافت ۱۰۰ کانفیگ آخر برای فایل JSON...
2026-09-06 20:30:28,080 - INFO - 📡 دریافت کانفیگ‌ها از https://t.me/s/ConfigsHUB برای فایل JSON
2026-09-06 20:30:28,611 - INFO - ✅ 16 کانفیگ از صفحه دریافت شد
2026-09-06 20:30:28,613 - INFO - 📊 از https://t.me/s/ConfigsHUB: 16 کانفیگ دریافت شد
2026-09-06 20:30:28,613 - INFO - 🔄 بعد از حذف تکراری: 16 کانفیگ برای JSON
2026-09-06 20:30:28,613 - WARNING - ⚠️ تعداد کانفیگ‌ها به 100 رسید (با None پر شد)
2026-09-06 20:30:28,613 - INFO - ✅ دقیقاً 100 کانفیگ در configs.json ذخیره شد
2026-09-06 20:30:28,613 - INFO - ✅ فایل configs.json با 16 کانفیگ واقعی به‌روز شد
2026-09-06 20:30:28,613 - INFO - 📝 نمونه کانفیگ اول: vless://cf39fab0-bb85-42cb-9945-2ad69d78e575@188.1...
2026-09-06 20:30:28,613 - INFO - 📤 بخش ۲: دریافت کانفیگ‌های جدید برای ارسال به کانال...
2026-09-06 20:30:28,614 - INFO - 📡 دریافت پست‌ها از https://t.me/s/ConfigsHUB برای ارسال به کانال
2026-09-06 20:30:29,030 - INFO - ✅ 20 پست دریافت شد
2026-09-06 20:30:29,031 - INFO - ⏭️ رد کردن پست تکراری: ConfigsHUB/2063886
2026-09-06 20:30:29,031 - INFO - 💾 وضعیت به‌روز شد: ConfigsHUB/2063886
2026-09-06 20:30:29,031 - INFO - 📊 از https://t.me/s/ConfigsHUB: 0 کانفیگ جدید پیدا شد
2026-09-06 20:30:29,031 - INFO - 📊 تعداد کل کانفیگ‌های جدید: 0
2026-09-06 20:30:29,031 - INFO - ℹ️ کانفیگ جدیدی برای ارسال وجود ندارد
2026-09-06 20:30:29,031 - INFO - ==================================================
2026-09-06 20:30:29,031 - INFO - 🏁 اجرای ربات با موفقیت به پایان رسید
2026-09-06 21:12:05,375 - INFO - ==================================================
2026-09-06 21:12:05,375 - INFO - 🚀 شروع اجرای ربات
2026-09-06 21:12:05,375 - INFO - 📥 بخش ۱: دریافت ۱۰۰ کانفیگ آخر برای فایل JSON...
2026-09-06 21:12:05,376 - INFO - 📡 دریافت کانفیگ‌ها از https://t.me/s/ConfigsHUB برای فایل JSON
2026-09-06 21:12:06,003 - INFO - ✅ 16 کانفیگ از صفحه دریافت شد
2026-09-06 21:12:06,004 - INFO - 📊 از https://t.me/s/ConfigsHUB: 16 کانفیگ دریافت شد
2026-09-06 21:12:06,004 - INFO - 🔄 بعد از حذف تکراری: 16 کانفیگ برای JSON
2026-09-06 21:12:06,004 - WARNING - ⚠️ تعداد کانفیگ‌ها به 100 رسید (با None پر شد)
2026-09-06 21:12:06,005 - INFO - ✅ دقیقاً 100 کانفیگ در configs.json ذخیره شد
2026-09-06 21:12:06,005 - INFO - ✅ فایل configs.json با 16 کانفیگ واقعی به‌روز شد
2026-09-06 21:12:06,005 - INFO - 📝 نمونه کانفیگ اول: vless://cf39fab0-bb85-42cb-9945-2ad69d78e575@188.1...
2026-09-06 21:12:06,005 - INFO - 📤 بخش ۲: دریافت کانفیگ‌های جدید برای ارسال به کانال...
2026-09-06 21:12:06,005 - INFO - 📡 دریافت پست‌ها از https://t.me/s/ConfigsHUB برای ارسال به کانال
2026-09-06 21:12:06,411 - INFO - ✅ 20 پست دریافت شد
2026-09-06 21:12:06,412 - INFO - ⏭️ رد کردن پست تکراری: ConfigsHUB/2063886
2026-09-06 21:12:06,412 - INFO - 💾 وضعیت به‌روز شد: ConfigsHUB/2063886
2026-09-06 21:12:06,412 - INFO - 📊 از https://t.me/s/ConfigsHUB: 0 کانفیگ جدید پیدا شد
2026-09-06 21:12:06,412 - INFO - 📊 تعداد کل کانفیگ‌های جدید: 0
2026-09-06 21:12:06,412 - INFO - ℹ️ کانفیگ جدیدی برای ارسال وجود ندارد
2026-09-06 21:12:06,412 - INFO - ==================================================
2026-09-06 21:12:06,412 - INFO - 🏁 اجرای ربات با موفقیت به پایان رسید
2026-09-06 21:30:24,961 - INFO - ==================================================
2026-09-06 21:30:24,961 - INFO - 🚀 شروع اجرای ربات
2026-09-06 21:30:24,961 - INFO - 📥 بخش ۱: دریافت ۱۰۰ کانفیگ آخر برای فایل JSON...
2026-09-06 21:30:24,961 - INFO - 📡 دریافت کانفیگ‌ها از https://t.me/s/ConfigsHUB برای فایل JSON
2026-09-06 21:30:25,441 - INFO - ✅ 16 کانفیگ از صفحه دریافت شد
2026-09-06 21:30:25,441 - INFO - 📊 از https://t.me/s/ConfigsHUB: 16 کانفیگ دریافت شد
2026-09-06 21:30:25,442 - INFO - 🔄 بعد از حذف تکراری: 16 کانفیگ برای JSON
2026-09-06 21:30:25,442 - WARNING - ⚠️ تعداد کانفیگ‌ها به 100 رسید (با None پر شد)
2026-09-06 21:30:25,442 - INFO - ✅ دقیقاً 100 کانفیگ در configs.json ذخیره شد
2026-09-06 21:30:25,442 - INFO - ✅ فایل configs.json با 16 کانفیگ واقعی به‌روز شد
2026-09-06 21:30:25,442 - INFO - 📝 نمونه کانفیگ اول: vless://cf39fab0-bb85-42cb-9945-2ad69d78e575@188.1...
2026-09-06 21:30:25,442 - INFO - 📤 بخش ۲: دریافت کانفیگ‌های جدید برای ارسال به کانال...
2026-09-06 21:30:25,442 - INFO - 📡 دریافت پست‌ها از https://t.me/s/ConfigsHUB برای ارسال به کانال
2026-09-06 21:30:25,827 - INFO - ✅ 20 پست دریافت شد
2026-09-06 21:30:25,828 - INFO - ⏭️ رد کردن پست تکراری: ConfigsHUB/2063886
2026-09-06 21:30:25,828 - INFO - 💾 وضعیت به‌روز شد: ConfigsHUB/2063886
2026-09-06 21:30:25,828 - INFO - 📊 از https://t.me/s/ConfigsHUB: 0 کانفیگ جدید پیدا شد
2026-09-06 21:30:25,828 - INFO - 📊 تعداد کل کانفیگ‌های جدید: 0
2026-09-06 21:30:25,828 - INFO - ℹ️ کانفیگ جدیدی برای ارسال وجود ندارد
2026-09-06 21:30:25,828 - INFO - ==================================================
2026-09-06 21:30:25,828 - INFO - 🏁 اجرای ربات با موفقیت به پایان رسید
2026-09-06 22:30:26,509 - INFO - ==================================================
2026-09-06 22:30:26,509 - INFO - 🚀 شروع اجرای ربات
2026-09-06 22:30:26,509 - INFO - 📥 بخش ۱: دریافت ۱۰۰ کانفیگ آخر برای فایل JSON...
2026-09-06 22:30:26,509 - INFO - 📡 دریافت کانفیگ‌ها از https://t.me/s/ConfigsHUB برای فایل JSON
2026-09-06 22:30:27,196 - INFO - ✅ 14 کانفیگ از صفحه دریافت شد
2026-09-06 22:30:27,197 - INFO - 📊 از https://t.me/s/ConfigsHUB: 14 کانفیگ دریافت شد
2026-09-06 22:30:27,198 - INFO - 🔄 بعد از حذف تکراری: 14 کانفیگ برای JSON
2026-09-06 22:30:27,198 - WARNING - ⚠️ تعداد کانفیگ‌ها به 100 رسید (با None پر شد)
2026-09-06 22:30:27,198 - INFO - ✅ دقیقاً 100 کانفیگ در configs.json ذخیره شد
2026-09-06 22:30:27,198 - INFO - ✅ فایل configs.json با 14 کانفیگ واقعی به‌روز شد
2026-09-06 22:30:27,198 - INFO - 📝 نمونه کانفیگ اول: vless://c6f72a9d-360a-4292-9777-a0307d04d332@sub3....
2026-09-06 22:30:27,198 - INFO - 📤 بخش ۲: دریافت کانفیگ‌های جدید برای ارسال به کانال...
2026-09-06 22:30:27,198 - INFO - 📡 دریافت پست‌ها از https://t.me/s/ConfigsHUB برای ارسال به کانال
2026-09-06 22:30:27,800 - INFO - ✅ 20 پست دریافت شد
2026-09-06 22:30:27,802 - INFO - 💾 وضعیت به‌روز شد: ConfigsHUB/2063888
2026-09-06 22:30:27,802 - INFO - 📊 از https://t.me/s/ConfigsHUB: 14 کانفیگ جدید پیدا شد
2026-09-06 22:30:27,802 - INFO - 📊 تعداد کل کانفیگ‌های جدید: 14
2026-09-06 22:30:27,802 - INFO - 📤 ارسال 10 کانفیگ به کانال
2026-09-06 22:30:28,478 - INFO - HTTP Request: POST https://api.telegram.org/bot8316746677:AAF1IzRzODBtCvVWrL6dWtw7F8U3qb4DwXM/sendMessage "HTTP/1.1 200 OK"
2026-09-06 22:30:28,479 - INFO - ✅ پیام 1 از 1 ارسال شد
2026-09-06 22:30:29,481 - INFO - ==================================================
2026-09-06 22:30:29,481 - INFO - 🏁 اجرای ربات با موفقیت به پایان رسید
2026-09-06 23:30:23,888 - INFO - ==================================================
2026-09-06 23:30:23,888 - INFO - 🚀 شروع اجرای ربات
2026-09-06 23:30:23,888 - INFO - 📥 بخش ۱: دریافت ۱۰۰ کانفیگ آخر برای فایل JSON...
2026-09-06 23:30:23,888 - INFO - 📡 دریافت کانفیگ‌ها از https://t.me/s/ConfigsHUB برای فایل JSON
2026-09-06 23:30:24,319 - INFO - ✅ 14 کانفیگ از صفحه دریافت شد
2026-09-06 23:30:24,320 - INFO - 📊 از https://t.me/s/ConfigsHUB: 14 کانفیگ دریافت شد
2026-09-06 23:30:24,320 - INFO - 🔄 بعد از حذف تکراری: 14 کانفیگ برای JSON
2026-09-06 23:30:24,320 - WARNING - ⚠️ تعداد کانفیگ‌ها به 100 رسید (با None پر شد)
2026-09-06 23:30:24,321 - INFO - ✅ دقیقاً 100 کانفیگ در configs.json ذخیره شد
2026-09-06 23:30:24,321 - INFO - ✅ فایل configs.json با 14 کانفیگ واقعی به‌روز شد
2026-09-06 23:30:24,321 - INFO - 📝 نمونه کانفیگ اول: vless://c6f72a9d-360a-4292-9777-a0307d04d332@sub3....
2026-09-06 23:30:24,321 - INFO - 📤 بخش ۲: دریافت کانفیگ‌های جدید برای ارسال به کانال...
2026-09-06 23:30:24,321 - INFO - 📡 دریافت پست‌ها از https://t.me/s/ConfigsHUB برای ارسال به کانال
2026-09-06 23:30:24,757 - INFO - ✅ 20 پست دریافت شد
2026-09-06 23:30:24,758 - INFO - ⏭️ رد کردن پست تکراری: ConfigsHUB/2063888
2026-09-06 23:30:24,759 - INFO - 💾 وضعیت به‌روز شد: ConfigsHUB/2063888
2026-09-06 23:30:24,759 - INFO - 📊 از https://t.me/s/ConfigsHUB: 0 کانفیگ جدید پیدا شد
2026-09-06 23:30:24,759 - INFO - 📊 تعداد کل کانفیگ‌های جدید: 0
2026-09-06 23:30:24,759 - INFO - ℹ️ کانفیگ جدیدی برای ارسال وجود ندارد
2026-09-06 23:30:24,759 - INFO - ==================================================
2026-09-06 23:30:24,759 - INFO - 🏁 اجرای ربات با موفقیت به پایان رسید
2026-09-06 23:38:18,800 - INFO - ==================================================
2026-09-06 23:38:18,800 - INFO - 🚀 شروع اجرای ربات
2026-09-06 23:38:18,800 - INFO - 📥 بخش ۱: دریافت ۱۰۰ کانفیگ آخر برای فایل JSON...
2026-09-06 23:38:18,800 - INFO - 📡 دریافت کانفیگ‌ها از https://t.me/s/ConfigsHUB برای فایل JSON
2026-09-06 23:38:19,490 - INFO - ✅ 14 کانفیگ از صفحه دریافت شد
2026-09-06 23:38:19,491 - INFO - 📊 از https://t.me/s/ConfigsHUB: 14 کانفیگ دریافت شد
2026-09-06 23:38:19,491 - INFO - 🔄 بعد از حذف تکراری: 14 کانفیگ برای JSON
2026-09-06 23:38:19,491 - WARNING - ⚠️ تعداد کانفیگ‌ها به 100 رسید (با None پر شد)
2026-09-06 23:38:19,491 - INFO - ✅ دقیقاً 100 کانفیگ در configs.json ذخیره شد
2026-09-06 23:38:19,491 - INFO - ✅ فایل configs.json با 14 کانفیگ واقعی به‌روز شد
2026-09-06 23:38:19,491 - INFO - 📝 نمونه کانفیگ اول: vless://c6f72a9d-360a-4292-9777-a0307d04d332@sub3....
2026-09-06 23:38:19,491 - INFO - 📤 بخش ۲: دریافت کانفیگ‌های جدید برای ارسال به کانال...
2026-09-06 23:38:19,492 - INFO - 📡 دریافت پست‌ها از https://t.me/s/ConfigsHUB برای ارسال به کانال
2026-09-06 23:38:20,071 - INFO - ✅ 20 پست دریافت شد
2026-09-06 23:38:20,072 - INFO - ⏭️ رد کردن پست تکراری: ConfigsHUB/2063888
2026-09-06 23:38:20,072 - INFO - 💾 وضعیت به‌روز شد: ConfigsHUB/2063888
2026-09-06 23:38:20,072 - INFO - 📊 از https://t.me/s/ConfigsHUB: 0 کانفیگ جدید پیدا شد
2026-09-06 23:38:20,072 - INFO - 📊 تعداد کل کانفیگ‌های جدید: 0
2026-09-06 23:38:20,072 - INFO - ℹ️ کانفیگ جدیدی برای ارسال وجود ندارد
2026-09-06 23:38:20,072 - INFO - ==================================================
2026-09-06 23:38:20,072 - INFO - 🏁 اجرای ربات با موفقیت به پایان رسید
2026-09-07 00:30:24,669 - INFO - ==================================================
2026-09-07 00:30:24,670 - INFO - 🚀 شروع اجرای ربات
2026-09-07 00:30:24,670 - INFO - 📥 بخش ۱: دریافت ۱۰۰ کانفیگ آخر برای فایل JSON...
2026-09-07 00:30:24,670 - INFO - 📡 دریافت کانفیگ‌ها از https://t.me/s/ConfigsHUB برای فایل JSON
2026-09-07 00:30:25,115 - INFO - ✅ 14 کانفیگ از صفحه دریافت شد
2026-09-07 00:30:25,116 - INFO - 📊 از https://t.me/s/ConfigsHUB: 14 کانفیگ دریافت شد
2026-09-07 00:30:25,116 - INFO - 🔄 بعد از حذف تکراری: 14 کانفیگ برای JSON
2026-09-07 00:30:25,116 - WARNING - ⚠️ تعداد کانفیگ‌ها به 100 رسید (با None پر شد)
2026-09-07 00:30:25,116 - INFO - ✅ دقیقاً 100 کانفیگ در configs.json ذخیره شد
2026-09-07 00:30:25,117 - INFO - ✅ فایل configs.json با 14 کانفیگ واقعی به‌روز شد
2026-09-07 00:30:25,117 - INFO - 📝 نمونه کانفیگ اول: vless://c6f72a9d-360a-4292-9777-a0307d04d332@sub3....
2026-09-07 00:30:25,117 - INFO - 📤 بخش ۲: دریافت کانفیگ‌های جدید برای ارسال به کانال...
2026-09-07 00:30:25,117 - INFO - 📡 دریافت پست‌ها از https://t.me/s/ConfigsHUB برای ارسال به کانال
2026-09-07 00:30:25,512 - INFO - ✅ 20 پست دریافت شد
2026-09-07 00:30:25,513 - INFO - ⏭️ رد کردن پست تکراری: ConfigsHUB/2063888
2026-09-07 00:30:25,513 - INFO - 💾 وضعیت به‌روز شد: ConfigsHUB/2063888
2026-09-07 00:30:25,513 - INFO - 📊 از https://t.me/s/ConfigsHUB: 0 کانفیگ جدید پیدا شد
2026-09-07 00:30:25,513 - INFO - 📊 تعداد کل کانفیگ‌های جدید: 0
2026-09-07 00:30:25,513 - INFO - ℹ️ کانفیگ جدیدی برای ارسال وجود ندارد
2026-09-07 00:30:25,513 - INFO - ==================================================
2026-09-07 00:30:25,513 - INFO - 🏁 اجرای ربات با موفقیت به پایان رسید
2026-09-07 01:30:26,513 - INFO - ==================================================
2026-09-07 01:30:26,513 - INFO - 🚀 شروع اجرای ربات
2026-09-07 01:30:26,513 - INFO - 📥 بخش ۱: دریافت ۱۰۰ کانفیگ آخر برای فایل JSON...
2026-09-07 01:30:26,513 - INFO - 📡 دریافت کانفیگ‌ها از https://t.me/s/ConfigsHUB برای فایل JSON
2026-09-07 01:30:27,124 - INFO - ✅ 14 کانفیگ از صفحه دریافت شد
2026-09-07 01:30:27,125 - INFO - 📊 از https://t.me/s/ConfigsHUB: 14 کانفیگ دریافت شد
2026-09-07 01:30:27,125 - INFO - 🔄 بعد از حذف تکراری: 14 کانفیگ برای JSON
2026-09-07 01:30:27,126 - WARNING - ⚠️ تعداد کانفیگ‌ها به 100 رسید (با None پر شد)
2026-09-07 01:30:27,126 - INFO - ✅ دقیقاً 100 کانفیگ در configs.json ذخیره شد
2026-09-07 01:30:27,126 - INFO - ✅ فایل configs.json با 14 کانفیگ واقعی به‌روز شد
2026-09-07 01:30:27,126 - INFO - 📝 نمونه کانفیگ اول: vless://c6f72a9d-360a-4292-9777-a0307d04d332@sub3....
2026-09-07 01:30:27,126 - INFO - 📤 بخش ۲: دریافت کانفیگ‌های جدید برای ارسال به کانال...
2026-09-07 01:30:27,126 - INFO - 📡 دریافت پست‌ها از https://t.me/s/ConfigsHUB برای ارسال به کانال
2026-09-07 01:30:27,663 - INFO - ✅ 20 پست دریافت شد
2026-09-07 01:30:27,664 - INFO - ⏭️ رد کردن پست تکراری: ConfigsHUB/2063888
2026-09-07 01:30:27,664 - INFO - 💾 وضعیت به‌روز شد: ConfigsHUB/2063888
2026-09-07 01:30:27,664 - INFO - 📊 از https://t.me/s/ConfigsHUB: 0 کانفیگ جدید پیدا شد
2026-09-07 01:30:27,664 - INFO - 📊 تعداد کل کانفیگ‌های جدید: 0
2026-09-07 01:30:27,664 - INFO - ℹ️ کانفیگ جدیدی برای ارسال وجود ندارد
2026-09-07 01:30:27,664 - INFO - ==================================================
2026-09-07 01:30:27,664 - INFO - 🏁 اجرای ربات با موفقیت به پایان رسید
2026-09-07 02:30:27,267 - INFO - ==================================================
2026-09-07 02:30:27,267 - INFO - 🚀 شروع اجرای ربات
2026-09-07 02:30:27,267 - INFO - 📥 بخش ۱: دریافت ۱۰۰ کانفیگ آخر برای فایل JSON...
2026-09-07 02:30:27,267 - INFO - 📡 دریافت کانفیگ‌ها از https://t.me/s/ConfigsHUB برای فایل JSON
2026-09-07 02:30:27,882 - INFO - ✅ 14 کانفیگ از صفحه دریافت شد
2026-09-07 02:30:27,883 - INFO - 📊 از https://t.me/s/ConfigsHUB: 14 کانفیگ دریافت شد
2026-09-07 02:30:27,883 - INFO - 🔄 بعد از حذف تکراری: 14 کانفیگ برای JSON
2026-09-07 02:30:27,883 - WARNING - ⚠️ تعداد کانفیگ‌ها به 100 رسید (با None پر شد)
2026-09-07 02:30:27,884 - INFO - ✅ دقیقاً 100 کانفیگ در configs.json ذخیره شد
2026-09-07 02:30:27,884 - INFO - ✅ فایل configs.json با 14 کانفیگ واقعی به‌روز شد
2026-09-07 02:30:27,884 - INFO - 📝 نمونه کانفیگ اول: vless://c6f72a9d-360a-4292-9777-a0307d04d332@sub3....
2026-09-07 02:30:27,884 - INFO - 📤 بخش ۲: دریافت کانفیگ‌های جدید برای ارسال به کانال...
2026-09-07 02:30:27,884 - INFO - 📡 دریافت پست‌ها از https://t.me/s/ConfigsHUB برای ارسال به کانال
2026-09-07 02:30:28,384 - INFO - ✅ 20 پست دریافت شد
2026-09-07 02:30:28,385 - INFO - ⏭️ رد کردن پست تکراری: ConfigsHUB/2063888
2026-09-07 02:30:28,385 - INFO - 💾 وضعیت به‌روز شد: ConfigsHUB/2063888
2026-09-07 02:30:28,385 - INFO - 📊 از https://t.me/s/ConfigsHUB: 0 کانفیگ جدید پیدا شد
2026-09-07 02:30:28,385 - INFO - 📊 تعداد کل کانفیگ‌های جدید: 0
2026-09-07 02:30:28,385 - INFO - ℹ️ کانفیگ جدیدی برای ارسال وجود ندارد
2026-09-07 02:30:28,385 - INFO - ==================================================
2026-09-07 02:30:28,386 - INFO - 🏁 اجرای ربات با موفقیت به پایان رسید
2026-09-07 03:30:29,903 - INFO - ==================================================
2026-09-07 03:30:29,904 - INFO - 🚀 شروع اجرای ربات
2026-09-07 03:30:29,904 - INFO - 📥 بخش ۱: دریافت ۱۰۰ کانفیگ آخر برای فایل JSON...
2026-09-07 03:30:29,904 - INFO - 📡 دریافت کانفیگ‌ها از https://t.me/s/ConfigsHUB برای فایل JSON
2026-09-07 03:30:30,391 - INFO - ✅ 14 کانفیگ از صفحه دریافت شد
2026-09-07 03:30:30,392 - INFO - 📊 از https://t.me/s/ConfigsHUB: 14 کانفیگ دریافت شد
2026-09-07 03:30:30,392 - INFO - 🔄 بعد از حذف تکراری: 14 کانفیگ برای JSON
2026-09-07 03:30:30,392 - WARNING - ⚠️ تعداد کانفیگ‌ها به 100 رسید (با None پر شد)
2026-09-07 03:30:30,392 - INFO - ✅ دقیقاً 100 کانفیگ در configs.json ذخیره شد
2026-09-07 03:30:30,392 - INFO - ✅ فایل configs.json با 14 کانفیگ واقعی به‌روز شد
2026-09-07 03:30:30,392 - INFO - 📝 نمونه کانفیگ اول: vless://c6f72a9d-360a-4292-9777-a0307d04d332@sub3....
2026-09-07 03:30:30,392 - INFO - 📤 بخش ۲: دریافت کانفیگ‌های جدید برای ارسال به کانال...
2026-09-07 03:30:30,392 - INFO - 📡 دریافت پست‌ها از https://t.me/s/ConfigsHUB برای ارسال به کانال
2026-09-07 03:30:30,859 - INFO - ✅ 20 پست دریافت شد
2026-09-07 03:30:30,860 - INFO - ⏭️ رد کردن پست تکراری: ConfigsHUB/2063888
2026-09-07 03:30:30,860 - INFO - 💾 وضعیت به‌روز شد: ConfigsHUB/2063888
2026-09-07 03:30:30,860 - INFO - 📊 از https://t.me/s/ConfigsHUB: 0 کانفیگ جدید پیدا شد
2026-09-07 03:30:30,860 - INFO - 📊 تعداد کل کانفیگ‌های جدید: 0
2026-09-07 03:30:30,860 - INFO - ℹ️ کانفیگ جدیدی برای ارسال وجود ندارد
2026-09-07 03:30:30,860 - INFO - ==================================================
2026-09-07 03:30:30,860 - INFO - 🏁 اجرای ربات با موفقیت به پایان رسید
2026-09-07 03:50:08,092 - INFO - ==================================================
2026-09-07 03:50:08,092 - INFO - 🚀 شروع اجرای ربات
2026-09-07 03:50:08,092 - INFO - 📥 بخش ۱: دریافت ۱۰۰ کانفیگ آخر برای فایل JSON...
2026-09-07 03:50:08,092 - INFO - 📡 دریافت کانفیگ‌ها از https://t.me/s/ConfigsHUB برای فایل JSON
2026-09-07 03:50:08,570 - INFO - ✅ 14 کانفیگ از صفحه دریافت شد
2026-09-07 03:50:08,571 - INFO - 📊 از https://t.me/s/ConfigsHUB: 14 کانفیگ دریافت شد
2026-09-07 03:50:08,571 - INFO - 🔄 بعد از حذف تکراری: 14 کانفیگ برای JSON
2026-09-07 03:50:08,571 - WARNING - ⚠️ تعداد کانفیگ‌ها به 100 رسید (با None پر شد)
2026-09-07 03:50:08,571 - INFO - ✅ دقیقاً 100 کانفیگ در configs.json ذخیره شد
2026-09-07 03:50:08,572 - INFO - ✅ فایل configs.json با 14 کانفیگ واقعی به‌روز شد
2026-09-07 03:50:08,572 - INFO - 📝 نمونه کانفیگ اول: vless://c6f72a9d-360a-4292-9777-a0307d04d332@sub3....
2026-09-07 03:50:08,572 - INFO - 📤 بخش ۲: دریافت کانفیگ‌های جدید برای ارسال به کانال...
2026-09-07 03:50:08,572 - INFO - 📡 دریافت پست‌ها از https://t.me/s/ConfigsHUB برای ارسال به کانال
2026-09-07 03:50:09,015 - INFO - ✅ 20 پست دریافت شد
2026-09-07 03:50:09,016 - INFO - ⏭️ رد کردن پست تکراری: ConfigsHUB/2063888
2026-09-07 03:50:09,016 - INFO - 💾 وضعیت به‌روز شد: ConfigsHUB/2063888
2026-09-07 03:50:09,016 - INFO - 📊 از https://t.me/s/ConfigsHUB: 0 کانفیگ جدید پیدا شد
2026-09-07 03:50:09,016 - INFO - 📊 تعداد کل کانفیگ‌های جدید: 0
2026-09-07 03:50:09,016 - INFO - ℹ️ کانفیگ جدیدی برای ارسال وجود ندارد
2026-09-07 03:50:09,016 - INFO - ==================================================
2026-09-07 03:50:09,016 - INFO - 🏁 اجرای ربات با موفقیت به پایان رسید
2026-09-07 04:30:26,627 - INFO - ==================================================
2026-09-07 04:30:26,627 - INFO - 🚀 شروع اجرای ربات
2026-09-07 04:30:26,627 - INFO - 📥 بخش ۱: دریافت ۱۰۰ کانفیگ آخر برای فایل JSON...
2026-09-07 04:30:26,627 - INFO - 📡 دریافت کانفیگ‌ها از https://t.me/s/ConfigsHUB برای فایل JSON
2026-09-07 04:30:27,151 - INFO - ✅ 14 کانفیگ از صفحه دریافت شد
2026-09-07 04:30:27,151 - INFO - 📊 از https://t.me/s/ConfigsHUB: 14 کانفیگ دریافت شد
2026-09-07 04:30:27,152 - INFO - 🔄 بعد از حذف تکراری: 14 کانفیگ برای JSON
2026-09-07 04:30:27,152 - WARNING - ⚠️ تعداد کانفیگ‌ها به 100 رسید (با None پر شد)
2026-09-07 04:30:27,152 - INFO - ✅ دقیقاً 100 کانفیگ در configs.json ذخیره شد
2026-09-07 04:30:27,152 - INFO - ✅ فایل configs.json با 14 کانفیگ واقعی به‌روز شد
2026-09-07 04:30:27,152 - INFO - 📝 نمونه کانفیگ اول: vless://c6f72a9d-360a-4292-9777-a0307d04d332@sub3....
2026-09-07 04:30:27,152 - INFO - 📤 بخش ۲: دریافت کانفیگ‌های جدید برای ارسال به کانال...
2026-09-07 04:30:27,153 - INFO - 📡 دریافت پست‌ها از https://t.me/s/ConfigsHUB برای ارسال به کانال
2026-09-07 04:30:27,581 - INFO - ✅ 20 پست دریافت شد
2026-09-07 04:30:27,582 - INFO - ⏭️ رد کردن پست تکراری: ConfigsHUB/2063888
2026-09-07 04:30:27,582 - INFO - 💾 وضعیت به‌روز شد: ConfigsHUB/2063888
2026-09-07 04:30:27,582 - INFO - 📊 از https://t.me/s/ConfigsHUB: 0 کانفیگ جدید پیدا شد
2026-09-07 04:30:27,582 - INFO - 📊 تعداد کل کانفیگ‌های جدید: 0
2026-09-07 04:30:27,582 - INFO - ℹ️ کانفیگ جدیدی برای ارسال وجود ندارد
2026-09-07 04:30:27,582 - INFO - ==================================================
2026-09-07 04:30:27,582 - INFO - 🏁 اجرای ربات با موفقیت به پایان رسید
2026-09-07 05:30:31,978 - INFO - ==================================================
2026-09-07 05:30:31,978 - INFO - 🚀 شروع اجرای ربات
2026-09-07 05:30:31,978 - INFO - 📥 بخش ۱: دریافت ۱۰۰ کانفیگ آخر برای فایل JSON...
2026-09-07 05:30:31,978 - INFO - 📡 دریافت کانفیگ‌ها از https://t.me/s/ConfigsHUB برای فایل JSON
2026-09-07 05:30:32,483 - INFO - ✅ 14 کانفیگ از صفحه دریافت شد
2026-09-07 05:30:32,484 - INFO - 📊 از https://t.me/s/ConfigsHUB: 14 کانفیگ دریافت شد
2026-09-07 05:30:32,484 - INFO - 🔄 بعد از حذف تکراری: 14 کانفیگ برای JSON
2026-09-07 05:30:32,484 - WARNING - ⚠️ تعداد کانفیگ‌ها به 100 رسید (با None پر شد)
2026-09-07 05:30:32,506 - INFO - ✅ دقیقاً 100 کانفیگ در configs.json ذخیره شد
2026-09-07 05:30:32,506 - INFO - ✅ فایل configs.json با 14 کانفیگ واقعی به‌روز شد
2026-09-07 05:30:32,506 - INFO - 📝 نمونه کانفیگ اول: vless://c6f72a9d-360a-4292-9777-a0307d04d332@sub3....
2026-09-07 05:30:32,506 - INFO - 📤 بخش ۲: دریافت کانفیگ‌های جدید برای ارسال به کانال...
2026-09-07 05:30:32,507 - INFO - 📡 دریافت پست‌ها از https://t.me/s/ConfigsHUB برای ارسال به کانال
2026-09-07 05:30:32,984 - INFO - ✅ 20 پست دریافت شد
2026-09-07 05:30:32,985 - INFO - ⏭️ رد کردن پست تکراری: ConfigsHUB/2063888
2026-09-07 05:30:32,985 - INFO - 💾 وضعیت به‌روز شد: ConfigsHUB/2063888
2026-09-07 05:30:32,985 - INFO - 📊 از https://t.me/s/ConfigsHUB: 0 کانفیگ جدید پیدا شد
2026-09-07 05:30:32,985 - INFO - 📊 تعداد کل کانفیگ‌های جدید: 0
2026-09-07 05:30:32,985 - INFO - ℹ️ کانفیگ جدیدی برای ارسال وجود ندارد
2026-09-07 05:30:32,985 - INFO - ==================================================
2026-09-07 05:30:32,985 - INFO - 🏁 اجرای ربات با موفقیت به پایان رسید
2026-09-07 06:30:29,246 - INFO - ==================================================
2026-09-07 06:30:29,246 - INFO - 🚀 شروع اجرای ربات
2026-09-07 06:30:29,246 - INFO - 📥 بخش ۱: دریافت ۱۰۰ کانفیگ آخر برای فایل JSON...
2026-09-07 06:30:29,246 - INFO - 📡 دریافت کانفیگ‌ها از https://t.me/s/ConfigsHUB برای فایل JSON
2026-09-07 06:30:29,878 - INFO - ✅ 14 کانفیگ از صفحه دریافت شد
2026-09-07 06:30:29,879 - INFO - 📊 از https://t.me/s/ConfigsHUB: 14 کانفیگ دریافت شد
2026-09-07 06:30:29,879 - INFO - 🔄 بعد از حذف تکراری: 14 کانفیگ برای JSON
2026-09-07 06:30:29,879 - WARNING - ⚠️ تعداد کانفیگ‌ها به 100 رسید (با None پر شد)
2026-09-07 06:30:29,879 - INFO - ✅ دقیقاً 100 کانفیگ در configs.json ذخیره شد
2026-09-07 06:30:29,879 - INFO - ✅ فایل configs.json با 14 کانفیگ واقعی به‌روز شد
2026-09-07 06:30:29,879 - INFO - 📝 نمونه کانفیگ اول: vless://c6f72a9d-360a-4292-9777-a0307d04d332@sub3....
2026-09-07 06:30:29,879 - INFO - 📤 بخش ۲: دریافت کانفیگ‌های جدید برای ارسال به کانال...
2026-09-07 06:30:29,879 - INFO - 📡 دریافت پست‌ها از https://t.me/s/ConfigsHUB برای ارسال به کانال
2026-09-07 06:30:30,415 - INFO - ✅ 20 پست دریافت شد
2026-09-07 06:30:30,416 - INFO - ⏭️ رد کردن پست تکراری: ConfigsHUB/2063888
2026-09-07 06:30:30,416 - INFO - 💾 وضعیت به‌روز شد: ConfigsHUB/2063888
2026-09-07 06:30:30,416 - INFO - 📊 از https://t.me/s/ConfigsHUB: 0 کانفیگ جدید پیدا شد
2026-09-07 06:30:30,416 - INFO - 📊 تعداد کل کانفیگ‌های جدید: 0
2026-09-07 06:30:30,416 - INFO - ℹ️ کانفیگ جدیدی برای ارسال وجود ندارد
2026-09-07 06:30:30,416 - INFO - ==================================================
2026-09-07 06:30:30,416 - INFO - 🏁 اجرای ربات با موفقیت به پایان رسید
2026-09-07 07:30:26,194 - INFO - ==================================================
2026-09-07 07:30:26,194 - INFO - 🚀 شروع اجرای ربات
2026-09-07 07:30:26,194 - INFO - 📥 بخش ۱: دریافت ۱۰۰ کانفیگ آخر برای فایل JSON...
2026-09-07 07:30:26,194 - INFO - 📡 دریافت کانفیگ‌ها از https://t.me/s/ConfigsHUB برای فایل JSON
2026-09-07 07:30:26,697 - INFO - ✅ 14 کانفیگ از صفحه دریافت شد
2026-09-07 07:30:26,698 - INFO - 📊 از https://t.me/s/ConfigsHUB: 14 کانفیگ دریافت شد
2026-09-07 07:30:26,698 - INFO - 🔄 بعد از حذف تکراری: 14 کانفیگ برای JSON
2026-09-07 07:30:26,698 - WARNING - ⚠️ تعداد کانفیگ‌ها به 100 رسید (با None پر شد)
2026-09-07 07:30:26,698 - INFO - ✅ دقیقاً 100 کانفیگ در configs.json ذخیره شد
2026-09-07 07:30:26,698 - INFO - ✅ فایل configs.json با 14 کانفیگ واقعی به‌روز شد
2026-09-07 07:30:26,698 - INFO - 📝 نمونه کانفیگ اول: vless://c6f72a9d-360a-4292-9777-a0307d04d332@sub3....
2026-09-07 07:30:26,698 - INFO - 📤 بخش ۲: دریافت کانفیگ‌های جدید برای ارسال به کانال...
2026-09-07 07:30:26,699 - INFO - 📡 دریافت پست‌ها از https://t.me/s/ConfigsHUB برای ارسال به کانال
2026-09-07 07:30:27,168 - INFO - ✅ 20 پست دریافت شد
2026-09-07 07:30:27,169 - INFO - ⏭️ رد کردن پست تکراری: ConfigsHUB/2063888
2026-09-07 07:30:27,169 - INFO - 💾 وضعیت به‌روز شد: ConfigsHUB/2063888
2026-09-07 07:30:27,169 - INFO - 📊 از https://t.me/s/ConfigsHUB: 0 کانفیگ جدید پیدا شد
2026-09-07 07:30:27,169 - INFO - 📊 تعداد کل کانفیگ‌های جدید: 0
2026-09-07 07:30:27,169 - INFO - ℹ️ کانفیگ جدیدی برای ارسال وجود ندارد
2026-09-07 07:30:27,169 - INFO - ==================================================
2026-09-07 07:30:27,170 - INFO - 🏁 اجرای ربات با موفقیت به پایان رسید
2026-09-07 08:30:30,370 - INFO - ==================================================
2026-09-07 08:30:30,370 - INFO - 🚀 شروع اجرای ربات
2026-09-07 08:30:30,370 - INFO - 📥 بخش ۱: دریافت ۱۰۰ کانفیگ آخر برای فایل JSON...
2026-09-07 08:30:30,370 - INFO - 📡 دریافت کانفیگ‌ها از https://t.me/s/ConfigsHUB برای فایل JSON
2026-09-07 08:30:31,014 - INFO - ✅ 18 کانفیگ از صفحه دریافت شد
2026-09-07 08:30:31,015 - INFO - 📊 از https://t.me/s/ConfigsHUB: 18 کانفیگ دریافت شد
2026-09-07 08:30:31,015 - INFO - 🔄 بعد از حذف تکراری: 18 کانفیگ برای JSON
2026-09-07 08:30:31,015 - WARNING - ⚠️ تعداد کانفیگ‌ها به 100 رسید (با None پر شد)
2026-09-07 08:30:31,016 - INFO - ✅ دقیقاً 100 کانفیگ در configs.json ذخیره شد
2026-09-07 08:30:31,016 - INFO - ✅ فایل configs.json با 18 کانفیگ واقعی به‌روز شد
2026-09-07 08:30:31,016 - INFO - 📝 نمونه کانفیگ اول: vless://c949cd77-a313-45ef-97ed-ac7e10511198@pon.f...
2026-09-07 08:30:31,016 - INFO - 📤 بخش ۲: دریافت کانفیگ‌های جدید برای ارسال به کانال...
2026-09-07 08:30:31,016 - INFO - 📡 دریافت پست‌ها از https://t.me/s/ConfigsHUB برای ارسال به کانال
2026-09-07 08:30:31,594 - INFO - ✅ 20 پست دریافت شد
2026-09-07 08:30:31,595 - INFO - 💾 وضعیت به‌روز شد: ConfigsHUB/2063907
2026-09-07 08:30:31,595 - INFO - 📊 از https://t.me/s/ConfigsHUB: 18 کانفیگ جدید پیدا شد
2026-09-07 08:30:31,595 - INFO - 📊 تعداد کل کانفیگ‌های جدید: 18
2026-09-07 08:30:31,596 - INFO - 📤 ارسال 10 کانفیگ به کانال
2026-09-07 08:30:32,347 - INFO - HTTP Request: POST https://api.telegram.org/bot8316746677:AAF1IzRzODBtCvVWrL6dWtw7F8U3qb4DwXM/sendMessage "HTTP/1.1 200 OK"
2026-09-07 08:30:32,348 - INFO - ✅ پیام 1 از 1 ارسال شد
2026-09-07 08:30:33,350 - INFO - ==================================================
2026-09-07 08:30:33,350 - INFO - 🏁 اجرای ربات با موفقیت به پایان رسید
